--- esp-idf-monitor 1.10.0 on /dev/ttyACM0 115200
--- Quit: Ctrl+] | Menu: Ctrl+T | Help: Ctrl+T followed by Ctrl+H
Executing action: monitor
Running idf_monitor in directory /home/user/urex/firmware/nus_flight_app
Executing "/home/user/.espressif/python_env/idf6.0_py3.12_env/bin/python /home/user/.espressif/v6.0.2/esp-idf/tools/idf_monitor.py -p /dev/ttyACM0 -b 115200 --toolchain-prefix xtensa-esp32s3-elf- --target esp32s3 --revision 0 /home/user/urex/firmware/nus_flight_app/build/esp-everything.elf /home/user/urex/firmware/nus_flight_app/build/bootloader/bootloader.elf -m '/home/user/.espressif/python_env/idf6.0_py3.12_env/bin/python' '/home/user/.espressif/v6.0.2/esp-idf/tools/idf.py' '-p' '/dev/ttyACM0'"...
ESP-ROM:esp32s3-20210327
Build:Mar 27 2021
rst:0x15 (USB_UART_CHIP_RESET),boot:0xb (SPI_FAST_FLASH_BOOT)
Saved PC:0x420b7239
--- 0x420b7239: uart_ll_get_txfifo_len at /home/user/.espressif/v6.0.2/esp-idf/components/esp_hal_uart/esp32s3/include/hal/uart_ll.h:434(inlined by) uart_tx_char at /home/user/.espressif/v6.0.2/esp-idf/components/esp_driver_uart/src/uart_vfs.c:190
SPIWP:0xee
mode:DIO, clock div:1
load:0x3fce2820,len:0x14f0
load:0x403c8700,len:0xda0
--- 0x403c8700: _stext at ??:?
load:0x403cb700,len:0x2f54
entry 0x403c8908
--- 0x403c8908: call_start_cpu0 at /home/user/.espressif/v6.0.2/esp-idf/components/bootloader/subproject/main/bootloader_start.c:27
[0;32mI (24) boot: ESP-IDF v6.0.2 2nd stage bootloader[0m
[0;32mI (24) boot: compile time Sep  6 2026 22:47:32[0m
[0;32mI (25) boot: Multicore bootloader[0m
[0;32mI (25) boot: chip revision: v0.2[0m
[0;32mI (27) boot: efuse block revision: v1.3[0m
[0;32mI (31) boot.esp32s3: Boot SPI Speed : 80MHz[0m
[0;32mI (35) boot.esp32s3: SPI Mode       : DIO[0m
[0;32mI (39) boot.esp32s3: SPI Flash Size : 8MB[0m
[0;32mI (42) boot: Enabling RNG early entropy source...[0m
[0;32mI (47) boot: Partition Table:[0m
[0;32mI (50) boot: ## Label            Usage          Type ST Offset   Length[0m
[0;32mI (56) boot:  0 nvs              WiFi data        01 02 00009000 00006000[0m
[0;32mI (62) boot:  1 phy_init         RF data          01 01 0000f000 00001000[0m
[0;32mI (69) boot:  2 factory          factory app      00 00 00010000 00177000[0m
[0;32mI (75) boot: End of partition table[0m
[0;32mI (79) esp_image: segment 0: paddr=00010020 vaddr=3c0c0020 size=38764h (231268) map[0m
[0;32mI (128) esp_image: segment 1: paddr=0004878c vaddr=3fca0e00 size=0788ch ( 30860) load[0m
[0;32mI (135) esp_image: segment 2: paddr=00050020 vaddr=42000020 size=bd0c0h (774336) map[0m
[0;32mI (277) esp_image: segment 3: paddr=0010d0e8 vaddr=3fca868c size=0032ch (   812) load[0m
[0;32mI (278) esp_image: segment 4: paddr=0010d41c vaddr=40378000 size=18d60h (101728) load[0m
[0;32mI (304) esp_image: segment 5: paddr=00126184 vaddr=50000000 size=00024h (    36) load[0m
[0;32mI (315) boot: Loaded app from partition at offset 0x10000[0m
[0;32mI (316) boot: Disabling RNG early entropy source...[0m
[0;32mI (326) octal_psram: vendor id    : 0x0d (AP)[0m
[0;32mI (326) octal_psram: dev id       : 0x02 (generation 3)[0m
[0;32mI (326) octal_psram: density      : 0x03 (64 Mbit)[0m
[0;32mI (328) octal_psram: good-die     : 0x01 (Pass)[0m
[0;32mI (333) octal_psram: Latency      : 0x01 (Fixed)[0m
[0;32mI (337) octal_psram: VCC          : 0x01 (3V)[0m
[0;32mI (341) octal_psram: SRF          : 0x01 (Fast Refresh)[0m
[0;32mI (346) octal_psram: BurstType    : 0x01 (Hybrid Wrap)[0m
[0;32mI (351) octal_psram: BurstLen     : 0x01 (32 Byte)[0m
[0;32mI (355) octal_psram: Readlatency  : 0x02 (10 cycles@Fixed)[0m
[0;32mI (360) octal_psram: DriveStrength: 0x00 (1/1)[0m
[0;32mI (365) MSPI Timing: Enter psram timing tuning[0m
[0;32mI (370) esp_psram: Found 8MB PSRAM device[0m
[0;32mI (373) esp_psram: Speed: 80MHz[0m
[0;32mI (376) cpu_start: Multicore app[0m
[0;32mI (664) esp_psram: SPI SRAM memory test OK[0m
[0;32mI (672) cpu_start: GPIO 44 and 43 are used as console UART I/O pins[0m
[0;32mI (673) cpu_start: Pro cpu start user code[0m
[0;32mI (673) cpu_start: cpu freq: 240000000 Hz[0m
[0;32mI (674) app_init: Application information:[0m
[0;32mI (678) app_init: Project name:     esp-everything[0m
[0;32mI (683) app_init: App version:      99cde05-dirty[0m
[0;32mI (687) app_init: Compile time:     Sep 10 2026 22:00:00[0m
[0;32mI (692) app_init: ELF file SHA256:  11c2a2d03...[0m
[0;32mI (696) app_init: ESP-IDF:          v6.0.2[0m
[0;32mI (700) efuse_init: Min chip rev:     v0.0[0m
[0;32mI (704) efuse_init: Max chip rev:     v0.99 [0m
[0;32mI (708) efuse_init: Chip rev:         v0.2[0m
[0;32mI (712) heap_init: Initializing. RAM available for dynamic allocation:[0m
[0;32mI (718) heap_init: At 3FCB9E40 len 0002F8D0 (190 KiB): RAM[0m
[0;32mI (723) heap_init: At 3FCE9710 len 00005724 (21 KiB): RAM[0m
[0;32mI (728) heap_init: At 600FE000 len 00001FE8 (7 KiB): RTCRAM[0m
[0;32mI (734) esp_psram: Adding pool of 8192K of PSRAM memory to heap allocator[0m
[0;32mI (741) spi_flash: detected chip: gd[0m
[0;32mI (744) spi_flash: flash io: dio[0m
[0;32mI (747) sleep_gpio: Configure to isolate all GPIO pins in sleep state[0m
[0;32mI (753) sleep_gpio: Enable automatic switching of GPIO sleep configuration[0m
[0;32mI (760) main_task: Started on CPU0[0m
[0;32mI (763) esp_psram: Reserving pool of 32K of internal memory for DMA/internal allocations[0m
[0;32mI (771) main_task: Calling app_main()[0m
[0;32mI (774) mission: ESP starting[0m
[0;32mI (791) pp: pp rom version: e7ae62f[0m
[0;32mI (792) net80211: net80211 rom version: e7ae62f[0m
[0;32mI (793) wifi:wifi driver task: 3fcc9ac8, prio:23, stack:6656, core=0[0m
[0;32mI (801) wifi:wifi firmware version: 00ad238[0m
[0;32mI (801) wifi:wifi certification version: v7.0[0m
[0;32mI (802) wifi:config NVS flash: enabled[0m
[0;32mI (805) wifi:config nano formatting: disabled[0m
[0;32mI (810) wifi:Init data frame dynamic rx buffer num: 32[0m
[0;32mI (815) wifi:Init static rx mgmt buffer num: 5[0m
[0;32mI (819) wifi:Init management short buffer num: 32[0m
[0;32mI (823) wifi:Init dynamic tx buffer num: 32[0m
[0;32mI (827) wifi:Init static tx FG buffer num: 2[0m
[0;32mI (831) wifi:Init static rx buffer size: 1600[0m
[0;32mI (835) wifi:Init static rx buffer num: 10[0m
[0;32mI (839) wifi:Init dynamic rx buffer num: 32[0m
[0;32mI (843) wifi_init: rx ba win: 6[0m
[0;32mI (846) wifi_init: accept mbox: 6[0m
[0;32mI (849) wifi_init: tcpip mbox: 32[0m
[0;32mI (852) wifi_init: udp mbox: 6[0m
[0;32mI (854) wifi_init: tcp mbox: 6[0m
[0;32mI (857) wifi_init: tcp tx win: 5760[0m
[0;32mI (860) wifi_init: tcp rx win: 5760[0m
[0;32mI (864) wifi_init: tcp mss: 1440[0m
[0;32mI (867) wifi_init: WiFi IRAM OP enabled[0m
[0;32mI (870) wifi_init: WiFi RX IRAM OP enabled[0m
[0;33mW (874) wifi:Password length matches WPA2 standards, authmode threshold changes from OPEN to WPA2[0m
[0;32mI (883) phy_init: phy_version 712,87e8c20e,Apr 13 2026,18:51:10[0m
[0;32mI (921) wifi:mode : sta (98:a3:16:f7:04:b4)[0m
[0;32mI (922) wifi:enable tsf[0m
[0;32mI (924) wifi: Connecting to '<redacted-ssid>'...[0m
[0;32mI (925) mav: UART1 ready: TX=GPIO5 RX=GPIO4 @ 921600 baud[0m
[0;32mI (926) mav: Requested PX4 position + attitude at 20 Hz[0m
[0;32mI (931) tof: I2C master bus created[0m
[0;32mI (934) tof: TCA9548A registered[0m
[0;32mI (938) wifi: Telemetry → 192.0.2.1:5005 | Commands ← port 5006[0m
[0;33mW (944) mission: NANOLITE BENCH MODE: navigation and mission tasks are disabled[0m
[0;32mI (944) s3 ll_cam: DMA Channel=0[0m
[0;32mI (945) nanolite: read-only PX4 pose bridge ready: 20Hz max_age=250ms key=25cm/15deg[0m
[0;32mI (961) nanolite: NANOTOF enabled: interval=1000ms tuple=distance_mm,column,timestamp_us,age_ms yaw_deg=s0:45,s1:0,s2:315,s3:270,s4:225,s5:180,s6:135,s7:90[0m
[0;32mI (953) cam_hal: cam init ok[0m
[0;32mI (950) mission: All tasks spawned[0m
[0;32mI (977) sccb-ng: pin_sda 40 pin_scl 39[0m
[0;32mI (980) main_task: Returned from app_main()[0m
[0;32mI (983) sccb-ng: sccb_i2c_port=1[0m
[1;31mE (1003) camera: Detected camera not supported.[0m
[1;31mE (1004) camera: Camera probe failed with error 0x106(ESP_ERR_NOT_SUPPORTED)[0m
[1;31mE (1004) apriltag_detect: Camera Init Failed[0m
Guru Meditation Error: Core  1 panic'ed (IllegalInstruction). Exception was unhandled.
Memory dump at 0x42012ef4: e0b4bb81 f01d0008 65201110
--- 0x42012ef4: init_camera at /home/user/urex/firmware/nus_flight_app/main/at_detect.c:155(inlined by) at_detect_task at /home/user/urex/firmware/nus_flight_app/main/at_detect.c:277
Core  1 register dump:
PC      : 0x42012efa  PS      : 0x00060830  A0      : 0x00000000  A1      : 0x3fcdd100  
--- 0x42012efa: at_detect_task at /home/user/urex/firmware/nus_flight_app/main/at_detect.c:442
A2      : 0x00000000  A3      : 0x00000000  A4      : 0x00000000  A5      : 0x00000000  
A6      : 0x00000000  A7      : 0x00000000  A8      : 0x82012efa  A9      : 0x3fcdd0a0  
A10     : 0x00000001  A11     : 0x3c0c7030  A12     : 0x3c0c7040  A13     : 0x000003ec  
A14     : 0x3c0c7030  A15     : 0x000003ec  SAR     : 0x00000004  EXCCAUSE: 0x00000000  
EXCVADDR: 0x00000000  LBEG    : 0x400556d5  LEND    : 0x400556e5  LCOUNT  : 0xfffffffb  
--- 0x400556d5: strlen in ROM
--- 0x400556e5: strlen in ROM


Backtrace: 0x42012ef7:0x3fcdd100
--- 0x42012ef7: init_camera at /home/user/urex/firmware/nus_flight_app/main/at_detect.c:155(inlined by) at_detect_task at /home/user/urex/firmware/nus_flight_app/main/at_detect.c:277




ELF file SHA256: 11c2a2d03

Rebooting...
ESP-ROM:esp32s3-20210327
Build:Mar 27 2021
rst:0xc (RTC_SW_CPU_RST),boot:0xb (SPI_FAST_FLASH_BOOT)
Saved PC:0x40380406
--- 0x40380406: esp_cpu_wait_for_intr at /home/user/.espressif/v6.0.2/esp-idf/components/esp_hw_support/cpu.c:64
SPIWP:0xee
mode:DIO, clock div:1
load:0x3fce2820,len:0x14f0
load:0x403c8700,len:0xda0
--- 0x403c8700: _stext at ??:?
load:0x403cb700,len:0x2f54
entry 0x403c8908
--- 0x403c8908: call_start_cpu0 at /home/user/.espressif/v6.0.2/esp-idf/components/bootloader/subproject/main/bootloader_start.c:27
[0;32mI (24) boot: ESP-IDF v6.0.2 2nd stage bootloader[0m
[0;32mI (24) boot: compile time Sep  6 2026 22:47:32[0m
[0;32mI (24) boot: Multicore bootloader[0m
[0;32mI (25) boot: chip revision: v0.2[0m
[0;32mI (27) boot: efuse block revision: v1.3[0m
[0;32mI (31) boot.esp32s3: Boot SPI Speed : 80MHz[0m
[0;32mI (34) boot.esp32s3: SPI Mode       : DIO[0m
[0;32mI (38) boot.esp32s3: SPI Flash Size : 8MB[0m
[0;32mI (42) boot: Enabling RNG early entropy source...[0m
[0;32mI (46) boot: Partition Table:[0m
[0;32mI (49) boot: ## Label            Usage          Type ST Offset   Length[0m
[0;32mI (55) boot:  0 nvs              WiFi data        01 02 00009000 00006000[0m
[0;32mI (62) boot:  1 phy_init         RF data          01 01 0000f000 00001000[0m
[0;32mI (68) boot:  2 factory          factory app      00 00 00010000 00177000[0m
[0;32mI (75) boot: End of partition table[0m
[0;32mI (78) esp_image: segment 0: paddr=00010020 vaddr=3c0c0020 size=38764h (231268) map[0m
[0;32mI (128) esp_image: segment 1: paddr=0004878c vaddr=3fca0e00 size=0788ch ( 30860) load[0m
[0;32mI (135) esp_image: segment 2: paddr=00050020 vaddr=42000020 size=bd0c0h (774336) map[0m
[0;32mI (277) esp_image: segment 3: paddr=0010d0e8 vaddr=3fca868c size=0032ch (   812) load[0m
[0;32mI (278) esp_image: segment 4: paddr=0010d41c vaddr=40378000 size=18d60h (101728) load[0m
[0;32mI (305) esp_image: segment 5: paddr=00126184 vaddr=50000000 size=00024h (    36) load[0m
[0;32mI (316) boot: Loaded app from partition at offset 0x10000[0m
[0;32mI (316) boot: Disabling RNG early entropy source...[0m
[0;32mI (326) octal_psram: vendor id    : 0x0d (AP)[0m
[0;32mI (327) octal_psram: dev id       : 0x02 (generation 3)[0m
[0;32mI (327) octal_psram: density      : 0x03 (64 Mbit)[0m
[0;32mI (329) octal_psram: good-die     : 0x01 (Pass)[0m
[0;32mI (333) octal_psram: Latency      : 0x01 (Fixed)[0m
[0;32mI (337) octal_psram: VCC          : 0x01 (3V)[0m
[0;32mI (341) octal_psram: SRF          : 0x01 (Fast Refresh)[0m
[0;32mI (346) octal_psram: BurstType    : 0x01 (Hybrid Wrap)[0m
[0;32mI (351) octal_psram: BurstLen     : 0x01 (32 Byte)[0m
[0;32mI (356) octal_psram: Readlatency  : 0x02 (10 cycles@Fixed)[0m
[0;32mI (361) octal_psram: DriveStrength: 0x00 (1/1)[0m
[0;32mI (365) MSPI Timing: Enter psram timing tuning[0m
[0;32mI (370) esp_psram: Found 8MB PSRAM device[0m
[0;32mI (373) esp_psram: Speed: 80MHz[0m
[0;32mI (376) cpu_start: Multicore app[0m
[0;32mI (664) esp_psram: SPI SRAM memory test OK[0m
[0;32mI (672) cpu_start: GPIO 44 and 43 are used as console UART I/O pins[0m
[0;32mI (673) cpu_start: Pro cpu start user code[0m
[0;32mI (673) cpu_start: cpu freq: 240000000 Hz[0m
[0;32mI (675) app_init: Application information:[0m
[0;32mI (679) app_init: Project name:     esp-everything[0m
[0;32mI (683) app_init: App version:      99cde05-dirty[0m
[0;32mI (687) app_init: Compile time:     Sep 10 2026 22:00:00[0m
[0;32mI (693) app_init: ELF file SHA256:  11c2a2d03...[0m
[0;32mI (697) app_init: ESP-IDF:          v6.0.2[0m
[0;32mI (701) efuse_init: Min chip rev:     v0.0[0m
[0;32mI (704) efuse_init: Max chip rev:     v0.99 [0m
[0;32mI (708) efuse_init: Chip rev:         v0.2[0m
[0;32mI (712) heap_init: Initializing. RAM available for dynamic allocation:[0m
[0;32mI (719) heap_init: At 3FCB9E40 len 0002F8D0 (190 KiB): RAM[0m
[0;32mI (724) heap_init: At 3FCE9710 len 00005724 (21 KiB): RAM[0m
[0;32mI (729) heap_init: At 600FE000 len 00001FE8 (7 KiB): RTCRAM[0m
[0;32mI (734) esp_psram: Adding pool of 8192K of PSRAM memory to heap allocator[0m
[0;32mI (741) spi_flash: detected chip: gd[0m
[0;32mI (744) spi_flash: flash io: dio[0m
[0;32mI (747) sleep_gpio: Configure to isolate all GPIO pins in sleep state[0m
[0;32mI (753) sleep_gpio: Enable automatic switching of GPIO sleep configuration[0m
[0;32mI (760) main_task: Started on CPU0[0m
[0;32mI (763) esp_psram: Reserving pool of 32K of internal memory for DMA/internal allocations[0m
[0;32mI (771) main_task: Calling app_main()[0m
[0;32mI (774) mission: ESP starting[0m
[0;32mI (791) pp: pp rom version: e7ae62f[0m
[0;32mI (792) net80211: net80211 rom version: e7ae62f[0m
[0;32mI (793) wifi:wifi driver task: 3fcc9ac8, prio:23, stack:6656, core=0[0m
[0;32mI (801) wifi:wifi firmware version: 00ad238[0m
[0;32mI (801) wifi:wifi certification version: v7.0[0m
[0;32mI (802) wifi:config NVS flash: enabled[0m
[0;32mI (805) wifi:config nano formatting: disabled[0m
[0;32mI (810) wifi:Init data frame dynamic rx buffer num: 32[0m
[0;32mI (815) wifi:Init static rx mgmt buffer num: 5[0m
[0;32mI (819) wifi:Init management short buffer num: 32[0m
[0;32mI (823) wifi:Init dynamic tx buffer num: 32[0m
[0;32mI (827) wifi:Init static tx FG buffer num: 2[0m
[0;32mI (831) wifi:Init static rx buffer size: 1600[0m
[0;32mI (835) wifi:Init static rx buffer num: 10[0m
[0;32mI (839) wifi:Init dynamic rx buffer num: 32[0m
[0;32mI (843) wifi_init: rx ba win: 6[0m
[0;32mI (846) wifi_init: accept mbox: 6[0m
[0;32mI (849) wifi_init: tcpip mbox: 32[0m
[0;32mI (852) wifi_init: udp mbox: 6[0m
[0;32mI (854) wifi_init: tcp mbox: 6[0m
[0;32mI (857) wifi_init: tcp tx win: 5760[0m
[0;32mI (860) wifi_init: tcp rx win: 5760[0m
[0;32mI (864) wifi_init: tcp mss: 1440[0m
[0;32mI (867) wifi_init: WiFi IRAM OP enabled[0m
[0;32mI (870) wifi_init: WiFi RX IRAM OP enabled[0m
[0;33mW (874) wifi:Password length matches WPA2 standards, authmode threshold changes from OPEN to WPA2[0m
[0;32mI (883) phy_init: phy_version 712,87e8c20e,Apr 13 2026,18:51:10[0m
[0;32mI (921) wifi:mode : sta (98:a3:16:f7:04:b4)[0m
[0;32mI (922) wifi:enable tsf[0m
[0;32mI (924) wifi: Connecting to '<redacted-ssid>'...[0m
[0;32mI (925) mav: UART1 ready: TX=GPIO5 RX=GPIO4 @ 921600 baud[0m
[0;32mI (926) mav: Requested PX4 position + attitude at 20 Hz[0m
[0;32mI (931) tof: I2C master bus created[0m
[0;32mI (934) tof: TCA9548A registered[0m
[0;32mI (939) wifi: Telemetry → 192.0.2.1:5005 | Commands ← port 5006[0m
[0;33mW (944) mission: NANOLITE BENCH MODE: navigation and mission tasks are disabled[0m
[0;32mI (944) s3 ll_cam: DMA Channel=0[0m
[0;32mI (945) nanolite: read-only PX4 pose bridge ready: 20Hz max_age=250ms key=25cm/15deg[0m
[0;32mI (961) nanolite: NANOTOF enabled: interval=1000ms tuple=distance_mm,column,timestamp_us,age_ms yaw_deg=s0:45,s1:0,s2:315,s3:270,s4:225,s5:180,s6:135,s7:90[0m
[0;32mI (953) cam_hal: cam init ok[0m
[0;32mI (950) mission: All tasks spawned[0m
[0;32mI (977) sccb-ng: pin_sda 40 pin_scl 39[0m
[0;32mI (980) main_task: Returned from app_main()[0m
[0;32mI (984) sccb-ng: sccb_i2c_port=1[0m
[1;31mE (1003) camera: Detected camera not supported.[0m
[1;31mE (1004) camera: Camera probe failed with error 0x106(ESP_ERR_NOT_SUPPORTED)[0m
[1;31mE (1004) apriltag_detect: Camera Init Failed[0m
Guru Meditation Error: Core  1 panic'ed (IllegalInstruction). Exception was unhandled.
Memory dump at 0x42012ef4: e0b4bb81 f01d0008 65201110
--- 0x42012ef4: init_camera at /home/user/urex/firmware/nus_flight_app/main/at_detect.c:155(inlined by) at_detect_task at /home/user/urex/firmware/nus_flight_app/main/at_detect.c:277
Core  1 register dump:
PC      : 0x42012efa  PS      : 0x00060830  A0      : 0x00000000  A1      : 0x3fcdd100  
--- 0x42012efa: at_detect_task at /home/user/urex/firmware/nus_flight_app/main/at_detect.c:442
A2      : 0x00000000  A3      : 0x00000000  A4      : 0x00000000  A5      : 0x00000000  
A6      : 0x00000000  A7      : 0x00000000  A8      : 0x82012efa  A9      : 0x3fcdd0a0  
A10     : 0x00000001  A11     : 0x3c0c7030  A12     : 0x3c0c7040  A13     : 0x000003ec  
A14     : 0x3c0c7030  A15     : 0x000003ec  SAR     : 0x00000004  EXCCAUSE: 0x00000000  
EXCVADDR: 0x00000000  LBEG    : 0x400556d5  LEND    : 0x400556e5  LCOUNT  : 0xfffffffb  
--- 0x400556d5: strlen in ROM
--- 0x400556e5: strlen in ROM


Backtrace: 0x42012ef7:0x3fcdd100
--- 0x42012ef7: init_camera at /home/user/urex/firmware/nus_flight_app/main/at_detect.c:155(inlined by) at_detect_task at /home/user/urex/firmware/nus_flight_app/main/at_detect.c:277




ELF file SHA256: 11c2a2d03

Rebooting...
ESP-ROM:esp32s3-20210327
Build:Mar 27 2021
rst:0xc (RTC_SW_CPU_RST),boot:0xb (SPI_FAST_FLASH_BOOT)
Saved PC:0x40380406
--- 0x40380406: esp_cpu_wait_for_intr at /home/user/.espressif/v6.0.2/esp-idf/components/esp_hw_support/cpu.c:64
SPIWP:0xee
mode:DIO, clock div:1
load:0x3fce2820,len:0x14f0
load:0x403c8700,len:0xda0
--- 0x403c8700: _stext at ??:?
load:0x403cb700,len:0x2f54
entry 0x403c8908
--- 0x403c8908: call_start_cpu0 at /home/user/.espressif/v6.0.2/esp-idf/components/bootloader/subproject/main/bootloader_start.c:27
[0;32mI (24) boot: ESP-IDF v6.0.2 2nd stage bootloader[0m
[0;32mI (24) boot: compile time Sep  6 2026 22:47:32[0m
[0;32mI (24) boot: Multicore bootloader[0m
[0;32mI (25) boot: chip revision: v0.2[0m
[0;32mI (27) boot: efuse block revision: v1.3[0m
[0;32mI (31) boot.esp32s3: Boot SPI Speed : 80MHz[0m
[0;32mI (34) boot.esp32s3: SPI Mode       : DIO[0m
[0;32mI (38) boot.esp32s3: SPI Flash Size : 8MB[0m
[0;32mI (42) boot: Enabling RNG early entropy source...[0m
[0;32mI (46) boot: Partition Table:[0m
[0;32mI (49) boot: ## Label            Usage          Type ST Offset   Length[0m
[0;32mI (55) boot:  0 nvs              WiFi data        01 02 00009000 00006000[0m
[0;32mI (62) boot:  1 phy_init         RF data          01 01 0000f000 00001000[0m
[0;32mI (68) boot:  2 factory          factory app      00 00 00010000 00177000[0m
[0;32mI (75) boot: End of partition table[0m
[0;32mI (78) esp_image: segment 0: paddr=00010020 vaddr=3c0c0020 size=38764h (231268) map[0m
[0;32mI (128) esp_image: segment 1: paddr=0004878c vaddr=3fca0e00 size=0788ch ( 30860) load[0m
[0;32mI (135) esp_image: segment 2: paddr=00050020 vaddr=42000020 size=bd0c0h (774336) map[0m
[0;32mI (277) esp_image: segment 3: paddr=0010d0e8 vaddr=3fca868c size=0032ch (   812) load[0m
[0;32mI (278) esp_image: segment 4: paddr=0010d41c vaddr=40378000 size=18d60h (101728) load[0m
[0;32mI (305) esp_image: segment 5: paddr=00126184 vaddr=50000000 size=00024h (    36) load[0m
[0;32mI (316) boot: Loaded app from partition at offset 0x10000[0m
[0;32mI (316) boot: Disabling RNG early entropy source...[0m
[0;32mI (326) octal_psram: vendor id    : 0x0d (AP)[0m
[0;32mI (327) octal_psram: dev id       : 0x02 (generation 3)[0m
[0;32mI (327) octal_psram: density      : 0x03 (64 Mbit)[0m
[0;32mI (329) octal_psram: good-die     : 0x01 (Pass)[0m
[0;32mI (333) octal_psram: Latency      : 0x01 (Fixed)[0m
[0;32mI (337) octal_psram: VCC          : 0x01 (3V)[0m
[0;32mI (341) octal_psram: SRF          : 0x01 (Fast Refresh)[0m
[0;32mI (346) octal_psram: BurstType    : 0x01 (Hybrid Wrap)[0m
[0;32mI (351) octal_psram: BurstLen     : 0x01 (32 Byte)[0m
[0;32mI (356) octal_psram: Readlatency  : 0x02 (10 cycles@Fixed)[0m
[0;32mI (361) octal_psram: DriveStrength: 0x00 (1/1)[0m
[0;32mI (365) MSPI Timing: Enter psram timing tuning[0m
[0;32mI (370) esp_psram: Found 8MB PSRAM device[0m
[0;32mI (373) esp_psram: Speed: 80MHz[0m
[0;32mI (376) cpu_start: Multicore app[0m
[0;32mI (664) esp_psram: SPI SRAM memory test OK[0m
[0;32mI (672) cpu_start: GPIO 44 and 43 are used as console UART I/O pins[0m
[0;32mI (673) cpu_start: Pro cpu start user code[0m
[0;32mI (673) cpu_start: cpu freq: 240000000 Hz[0m
[0;32mI (675) app_init: Application information:[0m
[0;32mI (679) app_init: Project name:     esp-everything[0m
[0;32mI (683) app_init: App version:      99cde05-dirty[0m
[0;32mI (687) app_init: Compile time:     Sep 10 2026 22:00:00[0m
[0;32mI (693) app_init: ELF file SHA256:  11c2a2d03...[0m
[0;32mI (697) app_init: ESP-IDF:          v6.0.2[0m
[0;32mI (701) efuse_init: Min chip rev:     v0.0[0m
[0;32mI (704) efuse_init: Max chip rev:     v0.99 [0m
[0;32mI (708) efuse_init: Chip rev:         v0.2[0m
[0;32mI (712) heap_init: Initializing. RAM available for dynamic allocation:[0m
[0;32mI (719) heap_init: At 3FCB9E40 len 0002F8D0 (190 KiB): RAM[0m
[0;32mI (724) heap_init: At 3FCE9710 len 00005724 (21 KiB): RAM[0m
[0;32mI (729) heap_init: At 600FE000 len 00001FE8 (7 KiB): RTCRAM[0m
[0;32mI (734) esp_psram: Adding pool of 8192K of PSRAM memory to heap allocator[0m
[0;32mI (741) spi_flash: detected chip: gd[0m
[0;32mI (744) spi_flash: flash io: dio[0m
[0;32mI (747) sleep_gpio: Configure to isolate all GPIO pins in sleep state[0m
[0;32mI (753) sleep_gpio: Enable automatic switching of GPIO sleep configuration[0m
[0;32mI (760) main_task: Started on CPU0[0m
[0;32mI (763) esp_psram: Reserving pool of 32K of internal memory for DMA/internal allocations[0m
[0;32mI (771) main_task: Calling app_main()[0m
[0;32mI (774) mission: ESP starting[0m
[0;32mI (791) pp: pp rom version: e7ae62f[0m
[0;32mI (792) net80211: net80211 rom version: e7ae62f[0m
[0;32mI (793) wifi:wifi driver task: 3fcc9ac8, prio:23, stack:6656, core=0[0m
[0;32mI (801) wifi:wifi firmware version: 00ad238[0m
[0;32mI (801) wifi:wifi certification version: v7.0[0m
[0;32mI (802) wifi:config NVS flash: enabled[0m
[0;32mI (805) wifi:config nano formatting: disabled[0m
[0;32mI (810) wifi:Init data frame dynamic rx buffer num: 32[0m
[0;32mI (815) wifi:Init static rx mgmt buffer num: 5[0m
[0;32mI (819) wifi:Init management short buffer num: 32[0m
[0;32mI (823) wifi:Init dynamic tx buffer num: 32[0m
[0;32mI (827) wifi:Init static tx FG buffer num: 2[0m
[0;32mI (831) wifi:Init static rx buffer size: 1600[0m
[0;32mI (835) wifi:Init static rx buffer num: 10[0m
[0;32mI (839) wifi:Init dynamic rx buffer num: 32[0m
[0;32mI (843) wifi_init: rx ba win: 6[0m
[0;32mI (846) wifi_init: accept mbox: 6[0m
[0;32mI (849) wifi_init: tcpip mbox: 32[0m
[0;32mI (852) wifi_init: udp mbox: 6[0m
[0;32mI (854) wifi_init: tcp mbox: 6[0m
[0;32mI (857) wifi_init: tcp tx win: 5760[0m
[0;32mI (860) wifi_init: tcp rx win: 5760[0m
[0;32mI (864) wifi_init: tcp mss: 1440[0m
[0;32mI (867) wifi_init: WiFi IRAM OP enabled[0m
[0;32mI (870) wifi_init: WiFi RX IRAM OP enabled[0m
[0;33mW (874) wifi:Password length matches WPA2 standards, authmode threshold changes from OPEN to WPA2[0m
[0;32mI (883) phy_init: phy_version 712,87e8c20e,Apr 13 2026,18:51:10[0m
[0;32mI (922) wifi:mode : sta (98:a3:16:f7:04:b4)[0m
[0;32mI (923) wifi:enable tsf[0m
[0;32mI (925) wifi: Connecting to '<redacted-ssid>'...[0m
[0;32mI (926) mav: UART1 ready: TX=GPIO5 RX=GPIO4 @ 921600 baud[0m
[0;32mI (927) mav: Requested PX4 position + attitude at 20 Hz[0m
[0;32mI (932) tof: I2C master bus created[0m
[0;32mI (935) tof: TCA9548A registered[0m
[0;32mI (939) wifi: Telemetry → 192.0.2.1:5005 | Commands ← port 5006[0m
[0;33mW (945) mission: NANOLITE BENCH MODE: navigation and mission tasks are disabled[0m
[0;32mI (945) s3 ll_cam: DMA Channel=0[0m
[0;32mI (946) nanolite: read-only PX4 pose bridge ready: 20Hz max_age=250ms key=25cm/15deg[0m
[0;32mI (962) nanolite: NANOTOF enabled: interval=1000ms tuple=distance_mm,column,timestamp_us,age_ms yaw_deg=s0:45,s1:0,s2:315,s3:270,s4:225,s5:180,s6:135,s7:90[0m
[0;32mI (954) cam_hal: cam init ok[0m
[0;32mI (951) mission: All tasks spawned[0m
[0;32mI (978) sccb-ng: pin_sda 40 pin_scl 39[0m
[0;32mI (981) main_task: Returned from app_main()[0m
[0;32mI (984) sccb-ng: sccb_i2c_port=1[0m
[1;31mE (1004) camera: Detected camera not supported.[0m
[1;31mE (1005) camera: Camera probe failed with error 0x106(ESP_ERR_NOT_SUPPORTED)[0m
[1;31mE (1005) apriltag_detect: Camera Init Failed[0m
Guru Meditation Error: Core  1 panic'ed (IllegalInstruction). Exception was unhandled.
Memory dump at 0x42012ef4: e0b4bb81 f01d0008 65201110
--- 0x42012ef4: init_camera at /home/user/urex/firmware/nus_flight_app/main/at_detect.c:155(inlined by) at_detect_task at /home/user/urex/firmware/nus_flight_app/main/at_detect.c:277
Core  1 register dump:
PC      : 0x42012efa  PS      : 0x00060830  A0      : 0x00000000  A1      : 0x3fcdd100  
--- 0x42012efa: at_detect_task at /home/user/urex/firmware/nus_flight_app/main/at_detect.c:442
A2      : 0x00000000  A3      : 0x00000000  A4      : 0x00000000  A5      : 0x00000000  
A6      : 0x00000000  A7      : 0x00000000  A8      : 0x82012efa  A9      : 0x3fcdd0a0  
A10     : 0x00000001  A11     : 0x3c0c7030  A12     : 0x3c0c7040  A13     : 0x000003ed  
A14     : 0x3c0c7030  A15     : 0x000003ed  SAR     : 0x00000004  EXCCAUSE: 0x00000000  
EXCVADDR: 0x00000000  LBEG    : 0x400556d5  LEND    : 0x400556e5  LCOUNT  : 0xfffffffb  
--- 0x400556d5: strlen in ROM
--- 0x400556e5: strlen in ROM


Backtrace: 0x42012ef7:0x3fcdd100
--- 0x42012ef7: init_camera at /home/user/urex/firmware/nus_flight_app/main/at_detect.c:155(inlined by) at_detect_task at /home/user/urex/firmware/nus_flight_app/main/at_detect.c:277




ELF file SHA256: 11c2a2d03

Rebooting...
ESP-ROM:esp32s3-20210327
Build:Mar 27 2021
rst:0xc (RTC_SW_CPU_RST),boot:0xb (SPI_FAST_FLASH_BOOT)
Saved PC:0x40380406
--- 0x40380406: esp_cpu_wait_for_intr at /home/user/.espressif/v6.0.2/esp-idf/components/esp_hw_support/cpu.c:64
SPIWP:0xee
mode:DIO, clock div:1
load:0x3fce2820,len:0x14f0
load:0x403c8700,len:0xda0
--- 0x403c8700: _stext at ??:?
load:0x403cb700,len:0x2f54
entry 0x403c8908
--- 0x403c8908: call_start_cpu0 at /home/user/.espressif/v6.0.2/esp-idf/components/bootloader/subproject/main/bootloader_start.c:27
[0;32mI (24) boot: ESP-IDF v6.0.2 2nd stage bootloader[0m
[0;32mI (24) boot: compile time Sep  6 2026 22:47:32[0m
[0;32mI (24) boot: Multicore bootloader[0m
[0;32mI (25) boot: chip revision: v0.2[0m
[0;32mI (27) boot: efuse block revision: v1.3[0m
[0;32mI (31) boot.esp32s3: Boot SPI Speed : 80MHz[0m
[0;32mI (34) boot.esp32s3: SPI Mode       : DIO[0m
[0;32mI (38) boot.esp32s3: SPI Flash Size : 8MB[0m
[0;32mI (42) boot: Enabling RNG early entropy source...[0m
[0;32mI (46) boot: Partition Table:[0m
[0;32mI (49) boot: ## Label            Usage          Type ST Offset   Length[0m
[0;32mI (55) boot:  0 nvs              WiFi data        01 02 00009000 00006000[0m
[0;32mI (62) boot:  1 phy_init         RF data          01 01 0000f000 00001000[0m
[0;32mI (68) boot:  2 factory          factory app      00 00 00010000 00177000[0m
[0;32mI (75) boot: End of partition table[0m
[0;32mI (78) esp_image: segment 0: paddr=00010020 vaddr=3c0c0020 size=38764h (231268) map[0m
[0;32mI (128) esp_image: segment 1: paddr=0004878c vaddr=3fca0e00 size=0788ch ( 30860) load[0m
[0;32mI (135) esp_image: segment 2: paddr=00050020 vaddr=42000020 size=bd0c0h (774336) map[0m
[0;32mI (278) esp_image: segment 3: paddr=0010d0e8 vaddr=3fca868c size=0032ch (   812) load[0m
[0;32mI (278) esp_image: segment 4: paddr=0010d41c vaddr=40378000 size=18d60h (101728) load[0m
[0;32mI (305) esp_image: segment 5: paddr=00126184 vaddr=50000000 size=00024h (    36) load[0m
[0;32mI (316) boot: Loaded app from partition at offset 0x10000[0m
[0;32mI (316) boot: Disabling RNG early entropy source...[0m
[0;32mI (327) octal_psram: vendor id    : 0x0d (AP)[0m
[0;32mI (327) octal_psram: dev id       : 0x02 (generation 3)[0m
[0;32mI (327) octal_psram: density      : 0x03 (64 Mbit)[0m
[0;32mI (329) octal_psram: good-die     : 0x01 (Pass)[0m
[0;32mI (333) octal_psram: Latency      : 0x01 (Fixed)[0m
[0;32mI (337) octal_psram: VCC          : 0x01 (3V)[0m
[0;32mI (342) octal_psram: SRF          : 0x01 (Fast Refresh)[0m
[0;32mI (346) octal_psram: BurstType    : 0x01 (Hybrid Wrap)[0m
[0;32mI (351) octal_psram: BurstLen     : 0x01 (32 Byte)[0m
[0;32mI (356) octal_psram: Readlatency  : 0x02 (10 cycles@Fixed)[0m
[0;32mI (361) octal_psram: DriveStrength: 0x00 (1/1)[0m
[0;32mI (365) MSPI Timing: Enter psram timing tuning[0m
[0;32mI (370) esp_psram: Found 8MB PSRAM device[0m
[0;32mI (373) esp_psram: Speed: 80MHz[0m
[0;32mI (376) cpu_start: Multicore app[0m
[0;32mI (664) esp_psram: SPI SRAM memory test OK[0m
[0;32mI (673) cpu_start: GPIO 44 and 43 are used as console UART I/O pins[0m
[0;32mI (673) cpu_start: Pro cpu start user code[0m
[0;32mI (673) cpu_start: cpu freq: 240000000 Hz[0m
[0;32mI (675) app_init: Application information:[0m
[0;32mI (679) app_init: Project name:     esp-everything[0m
[0;32mI (683) app_init: App version:      99cde05-dirty[0m
[0;32mI (688) app_init: Compile time:     Sep 10 2026 22:00:00[0m
[0;32mI (693) app_init: ELF file SHA256:  11c2a2d03...[0m
[0;32mI (697) app_init: ESP-IDF:          v6.0.2[0m
[0;32mI (701) efuse_init: Min chip rev:     v0.0[0m
[0;32mI (705) efuse_init: Max chip rev:     v0.99 [0m
[0;32mI (709) efuse_init: Chip rev:         v0.2[0m
[0;32mI (712) heap_init: Initializing. RAM available for dynamic allocation:[0m
[0;32mI (719) heap_init: At 3FCB9E40 len 0002F8D0 (190 KiB): RAM[0m
[0;32mI (724) heap_init: At 3FCE9710 len 00005724 (21 KiB): RAM[0m
[0;32mI (729) heap_init: At 600FE000 len 00001FE8 (7 KiB): RTCRAM[0m
[0;32mI (734) esp_psram: Adding pool of 8192K of PSRAM memory to heap allocator[0m
[0;32mI (742) spi_flash: detected chip: gd[0m
[0;32mI (744) spi_flash: flash io: dio[0m
[0;32mI (747) sleep_gpio: Configure to isolate all GPIO pins in sleep state[0m
[0;32mI (753) sleep_gpio: Enable automatic switching of GPIO sleep configuration[0m
[0;32mI (760) main_task: Started on CPU0[0m
[0;32mI (763) esp_psram: Reserving pool of 32K of internal memory for DMA/internal allocations[0m
[0;32mI (771) main_task: Calling app_main()[0m
[0;32mI (774) mission: ESP starting[0m
[0;32mI (791) pp: pp rom version: e7ae62f[0m
[0;32mI (792) net80211: net80211 rom version: e7ae62f[0m
[0;32mI (793) wifi:wifi driver task: 3fcc9ac8, prio:23, stack:6656, core=0[0m
[0;32mI (801) wifi:wifi firmware version: 00ad238[0m
[0;32mI (801) wifi:wifi certification version: v7.0[0m
[0;32mI (802) wifi:config NVS flash: enabled[0m
[0;32mI (805) wifi:config nano formatting: disabled[0m
[0;32mI (810) wifi:Init data frame dynamic rx buffer num: 32[0m
[0;32mI (815) wifi:Init static rx mgmt buffer num: 5[0m
[0;32mI (819) wifi:Init management short buffer num: 32[0m
[0;32mI (823) wifi:Init dynamic tx buffer num: 32[0m
[0;32mI (827) wifi:Init static tx FG buffer num: 2[0m
[0;32mI (831) wifi:Init static rx buffer size: 1600[0m
[0;32mI (835) wifi:Init static rx buffer num: 10[0m
[0;32mI (839) wifi:Init dynamic rx buffer num: 32[0m
[0;32mI (843) wifi_init: rx ba win: 6[0m
[0;32mI (846) wifi_init: accept mbox: 6[0m
[0;32mI (849) wifi_init: tcpip mbox: 32[0m
[0;32mI (852) wifi_init: udp mbox: 6[0m
[0;32mI (854) wifi_init: tcp mbox: 6[0m
[0;32mI (857) wifi_init: tcp tx win: 5760[0m
[0;32mI (860) wifi_init: tcp rx win: 5760[0m
[0;32mI (864) wifi_init: tcp mss: 1440[0m
[0;32mI (867) wifi_init: WiFi IRAM OP enabled[0m
[0;32mI (870) wifi_init: WiFi RX IRAM OP enabled[0m
[0;33mW (874) wifi:Password length matches WPA2 standards, authmode threshold changes from OPEN to WPA2[0m
[0;32mI (883) phy_init: phy_version 712,87e8c20e,Apr 13 2026,18:51:10[0m
[0;32mI (923) wifi:mode : sta (98:a3:16:f7:04:b4)[0m
[0;32mI (923) wifi:enable tsf[0m
[0;32mI (926) wifi: Connecting to '<redacted-ssid>'...[0m
[0;32mI (927) mav: UART1 ready: TX=GPIO5 RX=GPIO4 @ 921600 baud[0m
[0;32mI (928) mav: Requested PX4 position + attitude at 20 Hz[0m
[0;32mI (933) tof: I2C master bus created[0m
[0;32mI (936) tof: TCA9548A registered[0m
[0;32mI (940) wifi: Telemetry → 192.0.2.1:5005 | Commands ← port 5006[0m
[0;33mW (945) mission: NANOLITE BENCH MODE: navigation and mission tasks are disabled[0m
[0;32mI (952) mission: All tasks spawned[0m
[0;32mI (946) s3 ll_cam: DMA Channel=0[0m
[0;32mI (946) nanolite: read-only PX4 pose bridge ready: 20Hz max_age=250ms key=25cm/15deg[0m
[0;32mI (966) nanolite: NANOTOF enabled: interval=1000ms tuple=distance_mm,column,timestamp_us,age_ms yaw_deg=s0:45,s1:0,s2:315,s3:270,s4:225,s5:180,s6:135,s7:90[0m
[0;32mI (958) cam_hal: cam init ok[0m
[0;32mI (982) sccb-ng: pin_sda 40 pin_scl 39[0m
[0;32mI (955) main_task: Returned from app_main()[0m
[0;32mI (985) sccb-ng: sccb_i2c_port=1[0m
[1;31mE (1004) camera: Detected camera not supported.[0m
[1;31mE (1005) camera: Camera probe failed with error 0x106(ESP_ERR_NOT_SUPPORTED)[0m
[1;31mE (1005) apriltag_detect: Camera Init Failed[0m
Guru Meditation Error: Core  1 panic'ed (IllegalInstruction). Exception was unhandled.
Memory dump at 0x42012ef4: e0b4bb81 f01d0008 65201110
--- 0x42012ef4: init_camera at /home/user/urex/firmware/nus_flight_app/main/at_detect.c:155(inlined by) at_detect_task at /home/user/urex/firmware/nus_flight_app/main/at_detect.c:277
Core  1 register dump:
PC      : 0x42012efa  PS      : 0x00060830  A0      : 0x00000000  A1      : 0x3fcdd100  
--- 0x42012efa: at_detect_task at /home/user/urex/firmware/nus_flight_app/main/at_detect.c:442
A2      : 0x00000000  A3      : 0x00000000  A4      : 0x00000000  A5      : 0x00000000  
A6      : 0x00000000  A7      : 0x00000000  A8      : 0x82012efa  A9      : 0x3fcdd0a0  
A10     : 0x00000001  A11     : 0x3c0c7030  A12     : 0x3c0c7040  A13     : 0x000003ed  
A14     : 0x3c0c7030  A15     : 0x000003ed  SAR     : 0x00000004  EXCCAUSE: 0x00000000  
EXCVADDR: 0x00000000  LBEG    : 0x400556d5  LEND    : 0x400556e5  LCOUNT  : 0xfffffffb  
--- 0x400556d5: strlen in ROM
--- 0x400556e5: strlen in ROM


Backtrace: 0x42012ef7:0x3fcdd100
--- 0x42012ef7: init_camera at /home/user/urex/firmware/nus_flight_app/main/at_detect.c:155(inlined by) at_detect_task at /home/user/urex/firmware/nus_flight_app/main/at_detect.c:277




ELF file SHA256: 11c2a2d03

Rebooting...
ESP-ROM:esp32s3-20210327
Build:Mar 27 2021
rst:0xc (RTC_SW_CPU_RST),boot:0xb (SPI_FAST_FLASH_BOOT)
Saved PC:0x40384c8e
--- 0x40384c8e: xQueueReceive at /home/user/.espressif/v6.0.2/esp-idf/components/freertos/FreeRTOS-Kernel/queue.c:1694
SPIWP:0xee
mode:DIO, clock div:1
load:0x3fce2820,len:0x14f0
load:0x403c8700,len:0xda0
--- 0x403c8700: _stext at ??:?
load:0x403cb700,len:0x2f54
entry 0x403c8908
--- 0x403c8908: call_start_cpu0 at /home/user/.espressif/v6.0.2/esp-idf/components/bootloader/subproject/main/bootloader_start.c:27
[0;32mI (24) boot: ESP-IDF v6.0.2 2nd stage bootloader[0m
[0;32mI (24) boot: compile time Sep  6 2026 22:47:32[0m
[0;32mI (24) boot: Multicore bootloader[0m
[0;32mI (25) boot: chip revision: v0.2[0m
[0;32mI (27) boot: efuse block revision: v1.3[0m
[0;32mI (31) boot.esp32s3: Boot SPI Speed : 80MHz[0m
[0;32mI (34) boot.esp32s3: SPI Mode       : DIO[0m
[0;32mI (38) boot.esp32s3: SPI Flash Size : 8MB[0m
[0;32mI (42) boot: Enabling RNG early entropy source...[0m
[0;32mI (46) boot: Partition Table:[0m
[0;32mI (49) boot: ## Label            Usage          Type ST Offset   Length[0m
[0;32mI (55) boot:  0 nvs              WiFi data        01 02 00009000 00006000[0m
[0;32mI (62) boot:  1 phy_init         RF data          01 01 0000f000 00001000[0m
[0;32mI (68) boot:  2 factory          factory app      00 00 00010000 00177000[0m
[0;32mI (75) boot: End of partition table[0m
[0;32mI (78) esp_image: segment 0: paddr=00010020 vaddr=3c0c0020 size=38764h (231268) map[0m
[0;32mI (128) esp_image: segment 1: paddr=0004878c vaddr=3fca0e00 size=0788ch ( 30860) load[0m
[0;32mI (135) esp_image: segment 2: paddr=00050020 vaddr=42000020 size=bd0c0h (774336) map[0m
[0;32mI (277) esp_image: segment 3: paddr=0010d0e8 vaddr=3fca868c size=0032ch (   812) load[0m
[0;32mI (278) esp_image: segment 4: paddr=0010d41c vaddr=40378000 size=18d60h (101728) load[0m
[0;32mI (305) esp_image: segment 5: paddr=00126184 vaddr=50000000 size=00024h (    36) load[0m
[0;32mI (316) boot: Loaded app from partition at offset 0x10000[0m
[0;32mI (316) boot: Disabling RNG early entropy source...[0m
[0;32mI (326) octal_psram: vendor id    : 0x0d (AP)[0m
[0;32mI (327) octal_psram: dev id       : 0x02 (generation 3)[0m
[0;32mI (327) octal_psram: density      : 0x03 (64 Mbit)[0m
[0;32mI (329) octal_psram: good-die     : 0x01 (Pass)[0m
[0;32mI (333) octal_psram: Latency      : 0x01 (Fixed)[0m
[0;32mI (337) octal_psram: VCC          : 0x01 (3V)[0m
[0;32mI (341) octal_psram: SRF          : 0x01 (Fast Refresh)[0m
[0;32mI (346) octal_psram: BurstType    : 0x01 (Hybrid Wrap)[0m
[0;32mI (351) octal_psram: BurstLen     : 0x01 (32 Byte)[0m
[0;32mI (356) octal_psram: Readlatency  : 0x02 (10 cycles@Fixed)[0m
[0;32mI (361) octal_psram: DriveStrength: 0x00 (1/1)[0m
[0;32mI (365) MSPI Timing: Enter psram timing tuning[0m
[0;32mI (370) esp_psram: Found 8MB PSRAM device[0m
[0;32mI (373) esp_psram: Speed: 80MHz[0m
[0;32mI (376) cpu_start: Multicore app[0m
[0;32mI (664) esp_psram: SPI SRAM memory test OK[0m
[0;32mI (672) cpu_start: GPIO 44 and 43 are used as console UART I/O pins[0m
[0;32mI (673) cpu_start: Pro cpu start user code[0m
[0;32mI (673) cpu_start: cpu freq: 240000000 Hz[0m
[0;32mI (675) app_init: Application information:[0m
[0;32mI (679) app_init: Project name:     esp-everything[0m
[0;32mI (683) app_init: App version:      99cde05-dirty[0m
[0;32mI (687) app_init: Compile time:     Sep 10 2026 22:00:00[0m
[0;32mI (693) app_init: ELF file SHA256:  11c2a2d03...[0m
[0;32mI (697) app_init: ESP-IDF:          v6.0.2[0m
[0;32mI (701) efuse_init: Min chip rev:     v0.0[0m
[0;32mI (704) efuse_init: Max chip rev:     v0.99 [0m
[0;32mI (708) efuse_init: Chip rev:         v0.2[0m
[0;32mI (712) heap_init: Initializing. RAM available for dynamic allocation:[0m
[0;32mI (719) heap_init: At 3FCB9E40 len 0002F8D0 (190 KiB): RAM[0m
[0;32mI (724) heap_init: At 3FCE9710 len 00005724 (21 KiB): RAM[0m
[0;32mI (729) heap_init: At 600FE000 len 00001FE8 (7 KiB): RTCRAM[0m
[0;32mI (734) esp_psram: Adding pool of 8192K of PSRAM memory to heap allocator[0m
[0;32mI (741) spi_flash: detected chip: gd[0m
[0;32mI (744) spi_flash: flash io: dio[0m
[0;32mI (747) sleep_gpio: Configure to isolate all GPIO pins in sleep state[0m
[0;32mI (753) sleep_gpio: Enable automatic switching of GPIO sleep configuration[0m
[0;32mI (760) main_task: Started on CPU0[0m
[0;32mI (763) esp_psram: Reserving pool of 32K of internal memory for DMA/internal allocations[0m
[0;32mI (771) main_task: Calling app_main()[0m
[0;32mI (774) mission: ESP starting[0m
[0;32mI (791) pp: pp rom version: e7ae62f[0m
[0;32mI (792) net80211: net80211 rom version: e7ae62f[0m
[0;32mI (793) wifi:wifi driver task: 3fcc9ac8, prio:23, stack:6656, core=0[0m
[0;32mI (801) wifi:wifi firmware version: 00ad238[0m
[0;32mI (801) wifi:wifi certification version: v7.0[0m
[0;32mI (802) wifi:config NVS flash: enabled[0m
[0;32mI (805) wifi:config nano formatting: disabled[0m
[0;32mI (810) wifi:Init data frame dynamic rx buffer num: 32[0m
[0;32mI (815) wifi:Init static rx mgmt buffer num: 5[0m
[0;32mI (819) wifi:Init management short buffer num: 32[0m
[0;32mI (823) wifi:Init dynamic tx buffer num: 32[0m
[0;32mI (827) wifi:Init static tx FG buffer num: 2[0m
[0;32mI (831) wifi:Init static rx buffer size: 1600[0m
[0;32mI (835) wifi:Init static rx buffer num: 10[0m
[0;32mI (839) wifi:Init dynamic rx buffer num: 32[0m
[0;32mI (843) wifi_init: rx ba win: 6[0m
[0;32mI (846) wifi_init: accept mbox: 6[0m
[0;32mI (849) wifi_init: tcpip mbox: 32[0m
[0;32mI (852) wifi_init: udp mbox: 6[0m
[0;32mI (854) wifi_init: tcp mbox: 6[0m
[0;32mI (857) wifi_init: tcp tx win: 5760[0m
[0;32mI (860) wifi_init: tcp rx win: 5760[0m
[0;32mI (864) wifi_init: tcp mss: 1440[0m
[0;32mI (867) wifi_init: WiFi IRAM OP enabled[0m
[0;32mI (870) wifi_init: WiFi RX IRAM OP enabled[0m
[0;33mW (874) wifi:Password length matches WPA2 standards, authmode threshold changes from OPEN to WPA2[0m
[0;32mI (883) phy_init: phy_version 712,87e8c20e,Apr 13 2026,18:51:10[0m
[0;32mI (921) wifi:mode : sta (98:a3:16:f7:04:b4)[0m
[0;32mI (921) wifi:enable tsf[0m
[0;32mI (924) wifi: Connecting to '<redacted-ssid>'...[0m
[0;32mI (925) mav: UART1 ready: TX=GPIO5 RX=GPIO4 @ 921600 baud[0m
[0;32mI (925) mav: Requested PX4 position + attitude at 20 Hz[0m
[0;32mI (931) tof: I2C master bus created[0m
[0;32mI (933) tof: TCA9548A registered[0m
[0;32mI (938) wifi: Telemetry → 192.0.2.1:5005 | Commands ← port 5006[0m
[0;33mW (943) mission: NANOLITE BENCH MODE: navigation and mission tasks are disabled[0m
[0;32mI (950) mission: All tasks spawned[0m
[0;32mI (944) s3 ll_cam: DMA Channel=0[0m
[0;32mI (944) nanolite: read-only PX4 pose bridge ready: 20Hz max_age=250ms key=25cm/15deg[0m
[0;32mI (963) nanolite: NANOTOF enabled: interval=1000ms tuple=distance_mm,column,timestamp_us,age_ms yaw_deg=s0:45,s1:0,s2:315,s3:270,s4:225,s5:180,s6:135,s7:90[0m
[0;32mI (956) cam_hal: cam init ok[0m
[0;32mI (953) main_task: Returned from app_main()[0m
[0;32mI (979) sccb-ng: pin_sda 40 pin_scl 39[0m
[0;32mI (987) sccb-ng: sccb_i2c_port=1[0m
[1;31mE (1002) camera: Detected camera not supported.[0m
[1;31mE (1003) camera: Camera probe failed with error 0x106(ESP_ERR_NOT_SUPPORTED)[0m
[1;31mE (1003) apriltag_detect: Camera Init Failed[0m
Guru Meditation Error: Core  1 panic'ed (IllegalInstruction). Exception was unhandled.
Memory dump at 0x42012ef4: e0b4bb81 f01d0008 65201110
--- 0x42012ef4: init_camera at /home/user/urex/firmware/nus_flight_app/main/at_detect.c:155(inlined by) at_detect_task at /home/user/urex/firmware/nus_flight_app/main/at_detect.c:277
Core  1 register dump:
PC      : 0x42012efa  PS      : 0x00060830  A0      : 0x00000000  A1      : 0x3fcdd100  
--- 0x42012efa: at_detect_task at /home/user/urex/firmware/nus_flight_app/main/at_detect.c:442
A2      : 0x00000000  A3      : 0x00000000  A4      : 0x00000000  A5      : 0x00000000  
A6      : 0x00000000  A7      : 0x00000000  A8      : 0x82012efa  A9      : 0x3fcdd0a0  
A10     : 0x00000001  A11     : 0x3c0c7030  A12     : 0x3c0c7040  A13     : 0x000003eb  
A14     : 0x3c0c7030  A15     : 0x000003eb  SAR     : 0x00000004  EXCCAUSE: 0x00000000  
EXCVADDR: 0x00000000  LBEG    : 0x400556d5  LEND    : 0x400556e5  LCOUNT  : 0xfffffffb  
--- 0x400556d5: strlen in ROM
--- 0x400556e5: strlen in ROM


Backtrace: 0x42012ef7:0x3fcdd100
--- 0x42012ef7: init_camera at /home/user/urex/firmware/nus_flight_app/main/at_detect.c:155(inlined by) at_detect_task at /home/user/urex/firmware/nus_flight_app/main/at_detect.c:277




ELF file SHA256: 11c2a2d03

Rebooting...
ESP-ROM:esp32s3-20210327
Build:Mar 27 2021
rst:0xc (RTC_SW_CPU_RST),boot:0xb (SPI_FAST_FLASH_BOOT)
Saved PC:0x40380406
--- 0x40380406: esp_cpu_wait_for_intr at /home/user/.espressif/v6.0.2/esp-idf/components/esp_hw_support/cpu.c:64
SPIWP:0xee
mode:DIO, clock div:1
load:0x3fce2820,len:0x14f0
load:0x403c8700,len:0xda0
--- 0x403c8700: _stext at ??:?
load:0x403cb700,len:0x2f54
entry 0x403c8908
--- 0x403c8908: call_start_cpu0 at /home/user/.espressif/v6.0.2/esp-idf/components/bootloader/subproject/main/bootloader_start.c:27
[0;32mI (24) boot: ESP-IDF v6.0.2 2nd stage bootloader[0m
[0;32mI (24) boot: compile time Sep  6 2026 22:47:32[0m
[0;32mI (24) boot: Multicore bootloader[0m
[0;32mI (25) boot: chip revision: v0.2[0m
[0;32mI (27) boot: efuse block revision: v1.3[0m
[0;32mI (31) boot.esp32s3: Boot SPI Speed : 80MHz[0m
[0;32mI (34) boot.esp32s3: SPI Mode       : DIO[0m
[0;32mI (38) boot.esp32s3: SPI Flash Size : 8MB[0m
[0;32mI (42) boot: Enabling RNG early entropy source...[0m
[0;32mI (46) boot: Partition Table:[0m
[0;32mI (49) boot: ## Label            Usage          Type ST Offset   Length[0m
[0;32mI (55) boot:  0 nvs              WiFi data        01 02 00009000 00006000[0m
[0;32mI (62) boot:  1 phy_init         RF data          01 01 0000f000 00001000[0m
[0;32mI (68) boot:  2 factory          factory app      00 00 00010000 00177000[0m
[0;32mI (75) boot: End of partition table[0m
[0;32mI (78) esp_image: segment 0: paddr=00010020 vaddr=3c0c0020 size=38764h (231268) map[0m
[0;32mI (128) esp_image: segment 1: paddr=0004878c vaddr=3fca0e00 size=0788ch ( 30860) load[0m
[0;32mI (135) esp_image: segment 2: paddr=00050020 vaddr=42000020 size=bd0c0h (774336) map[0m
[0;32mI (277) esp_image: segment 3: paddr=0010d0e8 vaddr=3fca868c size=0032ch (   812) load[0m
[0;32mI (278) esp_image: segment 4: paddr=0010d41c vaddr=40378000 size=18d60h (101728) load[0m
[0;32mI (305) esp_image: segment 5: paddr=00126184 vaddr=50000000 size=00024h (    36) load[0m
[0;32mI (316) boot: Loaded app from partition at offset 0x10000[0m
[0;32mI (316) boot: Disabling RNG early entropy source...[0m
[0;32mI (326) octal_psram: vendor id    : 0x0d (AP)[0m
[0;32mI (327) octal_psram: dev id       : 0x02 (generation 3)[0m
[0;32mI (327) octal_psram: density      : 0x03 (64 Mbit)[0m
[0;32mI (329) octal_psram: good-die     : 0x01 (Pass)[0m
[0;32mI (333) octal_psram: Latency      : 0x01 (Fixed)[0m
[0;32mI (337) octal_psram: VCC          : 0x01 (3V)[0m
[0;32mI (341) octal_psram: SRF          : 0x01 (Fast Refresh)[0m
[0;32mI (346) octal_psram: BurstType    : 0x01 (Hybrid Wrap)[0m
[0;32mI (351) octal_psram: BurstLen     : 0x01 (32 Byte)[0m
[0;32mI (356) octal_psram: Readlatency  : 0x02 (10 cycles@Fixed)[0m
[0;32mI (361) octal_psram: DriveStrength: 0x00 (1/1)[0m
[0;32mI (365) MSPI Timing: Enter psram timing tuning[0m
[0;32mI (370) esp_psram: Found 8MB PSRAM device[0m
[0;32mI (373) esp_psram: Speed: 80MHz[0m
[0;32mI (376) cpu_start: Multicore app[0m
[0;32mI (664) esp_psram: SPI SRAM memory test OK[0m
[0;32mI (672) cpu_start: GPIO 44 and 43 are used as console UART I/O pins[0m
[0;32mI (673) cpu_start: Pro cpu start user code[0m
[0;32mI (673) cpu_start: cpu freq: 240000000 Hz[0m
[0;32mI (675) app_init: Application information:[0m
[0;32mI (679) app_init: Project name:     esp-everything[0m
[0;32mI (683) app_init: App version:      99cde05-dirty[0m
[0;32mI (687) app_init: Compile time:     Sep 10 2026 22:00:00[0m
[0;32mI (693) app_init: ELF file SHA256:  11c2a2d03...[0m
[0;32mI (697) app_init: ESP-IDF:          v6.0.2[0m
[0;32mI (701) efuse_init: Min chip rev:     v0.0[0m
[0;32mI (704) efuse_init: Max chip rev:     v0.99 [0m
[0;32mI (708) efuse_init: Chip rev:         v0.2[0m
[0;32mI (712) heap_init: Initializing. RAM available for dynamic allocation:[0m
[0;32mI (719) heap_init: At 3FCB9E40 len 0002F8D0 (190 KiB): RAM[0m
[0;32mI (724) heap_init: At 3FCE9710 len 00005724 (21 KiB): RAM[0m
[0;32mI (729) heap_init: At 600FE000 len 00001FE8 (7 KiB): RTCRAM[0m
[0;32mI (734) esp_psram: Adding pool of 8192K of PSRAM memory to heap allocator[0m
[0;32mI (741) spi_flash: detected chip: gd[0m
[0;32mI (744) spi_flash: flash io: dio[0m
[0;32mI (747) sleep_gpio: Configure to isolate all GPIO pins in sleep state[0m
[0;32mI (753) sleep_gpio: Enable automatic switching of GPIO sleep configuration[0m
[0;32mI (760) main_task: Started on CPU0[0m
[0;32mI (763) esp_psram: Reserving pool of 32K of internal memory for DMA/internal allocations[0m
[0;32mI (771) main_task: Calling app_main()[0m
[0;32mI (774) mission: ESP starting[0m
[0;32mI (791) pp: pp rom version: e7ae62f[0m
[0;32mI (792) net80211: net80211 rom version: e7ae62f[0m
[0;32mI (793) wifi:wifi driver task: 3fcc9ac8, prio:23, stack:6656, core=0[0m
[0;32mI (801) wifi:wifi firmware version: 00ad238[0m
[0;32mI (801) wifi:wifi certification version: v7.0[0m
[0;32mI (802) wifi:config NVS flash: enabled[0m
[0;32mI (805) wifi:config nano formatting: disabled[0m
[0;32mI (810) wifi:Init data frame dynamic rx buffer num: 32[0m
[0;32mI (815) wifi:Init static rx mgmt buffer num: 5[0m
[0;32mI (819) wifi:Init management short buffer num: 32[0m
[0;32mI (823) wifi:Init dynamic tx buffer num: 32[0m
[0;32mI (827) wifi:Init static tx FG buffer num: 2[0m
[0;32mI (831) wifi:Init static rx buffer size: 1600[0m
[0;32mI (835) wifi:Init static rx buffer num: 10[0m
[0;32mI (839) wifi:Init dynamic rx buffer num: 32[0m
[0;32mI (843) wifi_init: rx ba win: 6[0m
[0;32mI (846) wifi_init: accept mbox: 6[0m
[0;32mI (849) wifi_init: tcpip mbox: 32[0m
[0;32mI (852) wifi_init: udp mbox: 6[0m
[0;32mI (854) wifi_init: tcp mbox: 6[0m
[0;32mI (857) wifi_init: tcp tx win: 5760[0m
[0;32mI (860) wifi_init: tcp rx win: 5760[0m
[0;32mI (864) wifi_init: tcp mss: 1440[0m
[0;32mI (867) wifi_init: WiFi IRAM OP enabled[0m
[0;32mI (870) wifi_init: WiFi RX IRAM OP enabled[0m
[0;33mW (874) wifi:Password length matches WPA2 standards, authmode threshold changes from OPEN to WPA2[0m
[0;32mI (883) phy_init: phy_version 712,87e8c20e,Apr 13 2026,18:51:10[0m
[0;32mI (922) wifi:mode : sta (98:a3:16:f7:04:b4)[0m
[0;32mI (922) wifi:enable tsf[0m
[0;32mI (925) wifi: Connecting to '<redacted-ssid>'...[0m
[0;32mI (926) mav: UART1 ready: TX=GPIO5 RX=GPIO4 @ 921600 baud[0m
[0;32mI (926) mav: Requested PX4 position + attitude at 20 Hz[0m
[0;32mI (932) tof: I2C master bus created[0m
[0;32mI (934) tof: TCA9548A registered[0m
[0;32mI (939) wifi: Telemetry → 192.0.2.1:5005 | Commands ← port 5006[0m
[0;33mW (944) mission: NANOLITE BENCH MODE: navigation and mission tasks are disabled[0m
[0;32mI (951) mission: All tasks spawned[0m
[0;32mI (945) s3 ll_cam: DMA Channel=0[0m
[0;32mI (945) nanolite: read-only PX4 pose bridge ready: 20Hz max_age=250ms key=25cm/15deg[0m
[0;32mI (964) nanolite: NANOTOF enabled: interval=1000ms tuple=distance_mm,column,timestamp_us,age_ms yaw_deg=s0:45,s1:0,s2:315,s3:270,s4:225,s5:180,s6:135,s7:90[0m
[0;32mI (957) cam_hal: cam init ok[0m
[0;32mI (954) main_task: Returned from app_main()[0m
[0;32mI (980) sccb-ng: pin_sda 40 pin_scl 39[0m
[0;32mI (988) sccb-ng: sccb_i2c_port=1[0m
[1;31mE (1003) camera: Detected camera not supported.[0m
[1;31mE (1004) camera: Camera probe failed with error 0x106(ESP_ERR_NOT_SUPPORTED)[0m
[1;31mE (1004) apriltag_detect: Camera Init Failed[0m
Guru Meditation Error: Core  1 panic'ed (IllegalInstruction). Exception was unhandled.
Memory dump at 0x42012ef4: e0b4bb81 f01d0008 65201110
--- 0x42012ef4: init_camera at /home/user/urex/firmware/nus_flight_app/main/at_detect.c:155(inlined by) at_detect_task at /home/user/urex/firmware/nus_flight_app/main/at_detect.c:277
Core  1 register dump:
PC      : 0x42012efa  PS      : 0x00060830  A0      : 0x00000000  A1      : 0x3fcdd100  
--- 0x42012efa: at_detect_task at /home/user/urex/firmware/nus_flight_app/main/at_detect.c:442
A2      : 0x00000000  A3      : 0x00000000  A4      : 0x00000000  A5      : 0x00000000  
A6      : 0x00000000  A7      : 0x00000000  A8      : 0x82012efa  A9      : 0x3fcdd0a0  
A10     : 0x00000001  A11     : 0x3c0c7030  A12     : 0x3c0c7040  A13     : 0x000003ec  
A14     : 0x3c0c7030  A15     : 0x000003ec  SAR     : 0x00000004  EXCCAUSE: 0x00000000  
EXCVADDR: 0x00000000  LBEG    : 0x400556d5  LEND    : 0x400556e5  LCOUNT  : 0xfffffffb  
--- 0x400556d5: strlen in ROM
--- 0x400556e5: strlen in ROM


Backtrace: 0x42012ef7:0x3fcdd100
--- 0x42012ef7: init_camera at /home/user/urex/firmware/nus_flight_app/main/at_detect.c:155(inlined by) at_detect_task at /home/user/urex/firmware/nus_flight_app/main/at_detect.c:277




ELF file SHA256: 11c2a2d03

Rebooting...
ESP-ROM:esp32s3-20210327
Build:Mar 27 2021
rst:0xc (RTC_SW_CPU_RST),boot:0xb (SPI_FAST_FLASH_BOOT)
Saved PC:0x40380406
--- 0x40380406: esp_cpu_wait_for_intr at /home/user/.espressif/v6.0.2/esp-idf/components/esp_hw_support/cpu.c:64
SPIWP:0xee
mode:DIO, clock div:1
load:0x3fce2820,len:0x14f0
load:0x403c8700,len:0xda0
--- 0x403c8700: _stext at ??:?
load:0x403cb700,len:0x2f54
entry 0x403c8908
--- 0x403c8908: call_start_cpu0 at /home/user/.espressif/v6.0.2/esp-idf/components/bootloader/subproject/main/bootloader_start.c:27
[0;32mI (24) boot: ESP-IDF v6.0.2 2nd stage bootloader[0m
[0;32mI (24) boot: compile time Sep  6 2026 22:47:32[0m
[0;32mI (24) boot: Multicore bootloader[0m
[0;32mI (25) boot: chip revision: v0.2[0m
[0;32mI (27) boot: efuse block revision: v1.3[0m
[0;32mI (31) boot.esp32s3: Boot SPI Speed : 80MHz[0m
[0;32mI (34) boot.esp32s3: SPI Mode       : DIO[0m
[0;32mI (38) boot.esp32s3: SPI Flash Size : 8MB[0m
[0;32mI (42) boot: Enabling RNG early entropy source...[0m
[0;32mI (46) boot: Partition Table:[0m
[0;32mI (49) boot: ## Label            Usage          Type ST Offset   Length[0m
[0;32mI (55) boot:  0 nvs              WiFi data        01 02 00009000 00006000[0m
[0;32mI (62) boot:  1 phy_init         RF data          01 01 0000f000 00001000[0m
[0;32mI (68) boot:  2 factory          factory app      00 00 00010000 00177000[0m
[0;32mI (75) boot: End of partition table[0m
[0;32mI (78) esp_image: segment 0: paddr=00010020 vaddr=3c0c0020 size=38764h (231268) map[0m
[0;32mI (128) esp_image: segment 1: paddr=0004878c vaddr=3fca0e00 size=0788ch ( 30860) load[0m
[0;32mI (135) esp_image: segment 2: paddr=00050020 vaddr=42000020 size=bd0c0h (774336) map[0m
[0;32mI (277) esp_image: segment 3: paddr=0010d0e8 vaddr=3fca868c size=0032ch (   812) load[0m
[0;32mI (278) esp_image: segment 4: paddr=0010d41c vaddr=40378000 size=18d60h (101728) load[0m
[0;32mI (305) esp_image: segment 5: paddr=00126184 vaddr=50000000 size=00024h (    36) load[0m
[0;32mI (316) boot: Loaded app from partition at offset 0x10000[0m
[0;32mI (316) boot: Disabling RNG early entropy source...[0m
[0;32mI (326) octal_psram: vendor id    : 0x0d (AP)[0m
[0;32mI (327) octal_psram: dev id       : 0x02 (generation 3)[0m
[0;32mI (327) octal_psram: density      : 0x03 (64 Mbit)[0m
[0;32mI (329) octal_psram: good-die     : 0x01 (Pass)[0m
[0;32mI (333) octal_psram: Latency      : 0x01 (Fixed)[0m
[0;32mI (337) octal_psram: VCC          : 0x01 (3V)[0m
[0;32mI (341) octal_psram: SRF          : 0x01 (Fast Refresh)[0m
[0;32mI (346) octal_psram: BurstType    : 0x01 (Hybrid Wrap)[0m
[0;32mI (351) octal_psram: BurstLen     : 0x01 (32 Byte)[0m
[0;32mI (356) octal_psram: Readlatency  : 0x02 (10 cycles@Fixed)[0m
[0;32mI (361) octal_psram: DriveStrength: 0x00 (1/1)[0m
[0;32mI (365) MSPI Timing: Enter psram timing tuning[0m
[0;32mI (370) esp_psram: Found 8MB PSRAM device[0m
[0;32mI (373) esp_psram: Speed: 80MHz[0m
[0;32mI (376) cpu_start: Multicore app[0m
ESP-ROM:esp32s3-20210327
Build:Mar 27 2021
rst:0x15 (USB_UART_CHIP_RESET),boot:0xb (SPI_FAST_FLASH_BOOT)
Saved PC:0x42009437
--- 0x42009437: s_test_psram at /home/user/.espressif/v6.0.2/esp-idf/components/esp_psram/system_layer/esp_psram.c:617
SPIWP:0xee
mode:DIO, clock div:1
load:0x3fce2820,len:0x14f0
load:0x403c8700,len:0xda0
--- 0x403c8700: _stext at ??:?
load:0x403cb700,len:0x2f54
entry 0x403c8908
--- 0x403c8908: call_start_cpu0 at /home/user/.espressif/v6.0.2/esp-idf/components/bootloader/subproject/main/bootloader_start.c:27
[0;32mI (24) boot: ESP-IDF v6.0.2 2nd stage bootloader[0m
[0;32mI (24) boot: compile time Sep  6 2026 22:47:32[0m
[0;32mI (25) boot: Multicore bootloader[0m
[0;32mI (25) boot: chip revision: v0.2[0m
[0;32mI (27) boot: efuse block revision: v1.3[0m
[0;32mI (31) boot.esp32s3: Boot SPI Speed : 80MHz[0m
[0;32mI (35) boot.esp32s3: SPI Mode       : DIO[0m
[0;32mI (39) boot.esp32s3: SPI Flash Size : 8MB[0m
[0;32mI (42) boot: Enabling RNG early entropy source...[0m
[0;32mI (47) boot: Partition Table:[0m
[0;32mI (50) boot: ## Label            Usage          Type ST Offset   Length[0m
[0;32mI (56) boot:  0 nvs              WiFi data        01 02 00009000 00006000[0m
[0;32mI (62) boot:  1 phy_init         RF data          01 01 0000f000 00001000[0m
[0;32mI (69) boot:  2 factory          factory app      00 00 00010000 00177000[0m
[0;32mI (75) boot: End of partition table[0m
[0;32mI (79) esp_image: segment 0: paddr=00010020 vaddr=3c0c0020 size=38764h (231268) map[0m
[0;32mI (128) esp_image: segment 1: paddr=0004878c vaddr=3fca0e00 size=0788ch ( 30860) load[0m
[0;32mI (135) esp_image: segment 2: paddr=00050020 vaddr=42000020 size=bd0c0h (774336) map[0m
[0;32mI (277) esp_image: segment 3: paddr=0010d0e8 vaddr=3fca868c size=0032ch (   812) load[0m
[0;32mI (278) esp_image: segment 4: paddr=0010d41c vaddr=40378000 size=18d60h (101728) load[0m
[0;32mI (304) esp_image: segment 5: paddr=00126184 vaddr=50000000 size=00024h (    36) load[0m
[0;32mI (315) boot: Loaded app from partition at offset 0x10000[0m
[0;32mI (316) boot: Disabling RNG early entropy source...[0m
[0;32mI (326) octal_psram: vendor id    : 0x0d (AP)[0m
[0;32mI (326) octal_psram: dev id       : 0x02 (generation 3)[0m
[0;32mI (326) octal_psram: density      : 0x03 (64 Mbit)[0m
[0;32mI (328) octal_psram: good-die     : 0x01 (Pass)[0m
[0;32mI (333) octal_psram: Latency      : 0x01 (Fixed)[0m
[0;32mI (337) octal_psram: VCC          : 0x01 (3V)[0m
[0;32mI (341) octal_psram: SRF          : 0x01 (Fast Refresh)[0m
[0;32mI (346) octal_psram: BurstType    : 0x01 (Hybrid Wrap)[0m
[0;32mI (351) octal_psram: BurstLen     : 0x01 (32 Byte)[0m
[0;32mI (355) octal_psram: Readlatency  : 0x02 (10 cycles@Fixed)[0m
[0;32mI (360) octal_psram: DriveStrength: 0x00 (1/1)[0m
[0;32mI (365) MSPI Timing: Enter psram timing tuning[0m
[0;32mI (370) esp_psram: Found 8MB PSRAM device[0m
[0;32mI (373) esp_psram: Speed: 80MHz[0m
[0;32mI (376) cpu_start: Multicore app[0m
[0;32mI (664) esp_psram: SPI SRAM memory test OK[0m
[0;32mI (672) cpu_start: GPIO 44 and 43 are used as console UART I/O pins[0m
[0;32mI (673) cpu_start: Pro cpu start user code[0m
[0;32mI (673) cpu_start: cpu freq: 240000000 Hz[0m
[0;32mI (674) app_init: Application information:[0m
[0;32mI (678) app_init: Project name:     esp-everything[0m
[0;32mI (683) app_init: App version:      99cde05-dirty[0m
[0;32mI (687) app_init: Compile time:     Sep 10 2026 22:00:00[0m
[0;32mI (692) app_init: ELF file SHA256:  11c2a2d03...[0m
[0;32mI (696) app_init: ESP-IDF:          v6.0.2[0m
[0;32mI (700) efuse_init: Min chip rev:     v0.0[0m
[0;32mI (704) efuse_init: Max chip rev:     v0.99 [0m
[0;32mI (708) efuse_init: Chip rev:         v0.2[0m
[0;32mI (712) heap_init: Initializing. RAM available for dynamic allocation:[0m
[0;32mI (718) heap_init: At 3FCB9E40 len 0002F8D0 (190 KiB): RAM[0m
[0;32mI (723) heap_init: At 3FCE9710 len 00005724 (21 KiB): RAM[0m
[0;32mI (728) heap_init: At 600FE000 len 00001FE8 (7 KiB): RTCRAM[0m
[0;32mI (734) esp_psram: Adding pool of 8192K of PSRAM memory to heap allocator[0m
[0;32mI (741) spi_flash: detected chip: gd[0m
[0;32mI (744) spi_flash: flash io: dio[0m
[0;32mI (747) sleep_gpio: Configure to isolate all GPIO pins in sleep state[0m
[0;32mI (753) sleep_gpio: Enable automatic switching of GPIO sleep configuration[0m
[0;32mI (760) main_task: Started on CPU0[0m
[0;32mI (763) esp_psram: Reserving pool of 32K of internal memory for DMA/internal allocations[0m
[0;32mI (771) main_task: Calling app_main()[0m
[0;32mI (774) mission: ESP starting[0m
[0;32mI (791) pp: pp rom version: e7ae62f[0m
[0;32mI (792) net80211: net80211 rom version: e7ae62f[0m
[0;32mI (793) wifi:wifi driver task: 3fcc9ac8, prio:23, stack:6656, core=0[0m
[0;32mI (801) wifi:wifi firmware version: 00ad238[0m
[0;32mI (801) wifi:wifi certification version: v7.0[0m
[0;32mI (802) wifi:config NVS flash: enabled[0m
[0;32mI (805) wifi:config nano formatting: disabled[0m
[0;32mI (810) wifi:Init data frame dynamic rx buffer num: 32[0m
[0;32mI (815) wifi:Init static rx mgmt buffer num: 5[0m
[0;32mI (819) wifi:Init management short buffer num: 32[0m
[0;32mI (823) wifi:Init dynamic tx buffer num: 32[0m
[0;32mI (827) wifi:Init static tx FG buffer num: 2[0m
[0;32mI (831) wifi:Init static rx buffer size: 1600[0m
[0;32mI (835) wifi:Init static rx buffer num: 10[0m
[0;32mI (839) wifi:Init dynamic rx buffer num: 32[0m
[0;32mI (843) wifi_init: rx ba win: 6[0m
[0;32mI (846) wifi_init: accept mbox: 6[0m
[0;32mI (849) wifi_init: tcpip mbox: 32[0m
[0;32mI (852) wifi_init: udp mbox: 6[0m
[0;32mI (854) wifi_init: tcp mbox: 6[0m
[0;32mI (857) wifi_init: tcp tx win: 5760[0m
[0;32mI (860) wifi_init: tcp rx win: 5760[0m
[0;32mI (864) wifi_init: tcp mss: 1440[0m
[0;32mI (867) wifi_init: WiFi IRAM OP enabled[0m
[0;32mI (870) wifi_init: WiFi RX IRAM OP enabled[0m
[0;33mW (874) wifi:Password length matches WPA2 standards, authmode threshold changes from OPEN to WPA2[0m
[0;32mI (883) phy_init: phy_version 712,87e8c20e,Apr 13 2026,18:51:10[0m
[0;32mI (921) wifi:mode : sta (98:a3:16:f7:04:b4)[0m
[0;32mI (921) wifi:enable tsf[0m
[0;32mI (923) wifi: Connecting to '<redacted-ssid>'...[0m
[0;32mI (925) mav: UART1 ready: TX=GPIO5 RX=GPIO4 @ 921600 baud[0m
[0;32mI (925) mav: Requested PX4 position + attitude at 20 Hz[0m
[0;32mI (930) tof: I2C master bus created[0m
[0;32mI (933) tof: TCA9548A registered[0m
[0;32mI (938) wifi: Telemetry → 192.0.2.1:5005 | Commands ← port 5006[0m
[0;33mW (943) mission: NANOLITE BENCH MODE: navigation and mission tasks are disabled[0m
[0;32mI (950) mission: All tasks spawned[0m
[0;32mI (944) s3 ll_cam: DMA Channel=0[0m
[0;32mI (944) nanolite: read-only PX4 pose bridge ready: 20Hz max_age=250ms key=25cm/15deg[0m
[0;32mI (963) nanolite: NANOTOF enabled: interval=1000ms tuple=distance_mm,column,timestamp_us,age_ms yaw_deg=s0:45,s1:0,s2:315,s3:270,s4:225,s5:180,s6:135,s7:90[0m
[0;32mI (956) cam_hal: cam init ok[0m
[0;32mI (953) main_task: Returned from app_main()[0m
[0;32mI (979) sccb-ng: pin_sda 40 pin_scl 39[0m
[0;32mI (987) sccb-ng: sccb_i2c_port=1[0m
[1;31mE (1002) camera: Detected camera not supported.[0m
[1;31mE (1003) camera: Camera probe failed with error 0x106(ESP_ERR_NOT_SUPPORTED)[0m
[1;31mE (1003) apriltag_detect: Camera Init Failed[0m
Guru Meditation Error: Core  1 panic'ed (IllegalInstruction). Exception was unhandled.
Memory dump at 0x42012ef4: e0b4bb81 f01d0008 65201110
--- 0x42012ef4: init_camera at /home/user/urex/firmware/nus_flight_app/main/at_detect.c:155(inlined by) at_detect_task at /home/user/urex/firmware/nus_flight_app/main/at_detect.c:277
Core  1 register dump:
PC      : 0x42012efa  PS      : 0x00060830  A0      : 0x00000000  A1      : 0x3fcdd100  
--- 0x42012efa: at_detect_task at /home/user/urex/firmware/nus_flight_app/main/at_detect.c:442
A2      : 0x00000000  A3      : 0x00000000  A4      : 0x00000000  A5      : 0x00000000  
A6      : 0x00000000  A7      : 0x00000000  A8      : 0x82012efa  A9      : 0x3fcdd0a0  
A10     : 0x00000001  A11     : 0x3c0c7030  A12     : 0x3c0c7040  A13     : 0x000003eb  
A14     : 0x3c0c7030  A15     : 0x000003eb  SAR     : 0x00000004  EXCCAUSE: 0x00000000  
EXCVADDR: 0x00000000  LBEG    : 0x400556d5  LEND    : 0x400556e5  LCOUNT  : 0xfffffffb  
--- 0x400556d5: strlen in ROM
--- 0x400556e5: strlen in ROM


Backtrace: 0x42012ef7:0x3fcdd100
--- 0x42012ef7: init_camera at /home/user/urex/firmware/nus_flight_app/main/at_detect.c:155(inlined by) at_detect_task at /home/user/urex/firmware/nus_flight_app/main/at_detect.c:277




ELF file SHA256: 11c2a2d03

Rebooting...
ESP-ROM:esp32s3-20210327
Build:Mar 27 2021
rst:0xc (RTC_SW_CPU_RST),boot:0xb (SPI_FAST_FLASH_BOOT)
Saved PC:0x40380406
--- 0x40380406: esp_cpu_wait_for_intr at /home/user/.espressif/v6.0.2/esp-idf/components/esp_hw_support/cpu.c:64
SPIWP:0xee
mode:DIO, clock div:1
load:0x3fce2820,len:0x14f0
load:0x403c8700,len:0xda0
--- 0x403c8700: _stext at ??:?
load:0x403cb700,len:0x2f54
entry 0x403c8908
--- 0x403c8908: call_start_cpu0 at /home/user/.espressif/v6.0.2/esp-idf/components/bootloader/subproject/main/bootloader_start.c:27
[0;32mI (24) boot: ESP-IDF v6.0.2 2nd stage bootloader[0m
[0;32mI (24) boot: compile time Sep  6 2026 22:47:32[0m
[0;32mI (24) boot: Multicore bootloader[0m
[0;32mI (25) boot: chip revision: v0.2[0m
[0;32mI (27) boot: efuse block revision: v1.3[0m
[0;32mI (31) boot.esp32s3: Boot SPI Speed : 80MHz[0m
[0;32mI (34) boot.esp32s3: SPI Mode       : DIO[0m
[0;32mI (38) boot.esp32s3: SPI Flash Size : 8MB[0m
[0;32mI (42) boot: Enabling RNG early entropy source...[0m
[0;32mI (46) boot: Partition Table:[0m
[0;32mI (49) boot: ## Label            Usage          Type ST Offset   Length[0m
[0;32mI (55) boot:  0 nvs              WiFi data        01 02 00009000 00006000[0m
[0;32mI (62) boot:  1 phy_init         RF data          01 01 0000f000 00001000[0m
[0;32mI (68) boot:  2 factory          factory app      00 00 00010000 00177000[0m
[0;32mI (75) boot: End of partition table[0m
[0;32mI (78) esp_image: segment 0: paddr=00010020 vaddr=3c0c0020 size=38764h (231268) map[0m
[0;32mI (128) esp_image: segment 1: paddr=0004878c vaddr=3fca0e00 size=0788ch ( 30860) load[0m
[0;32mI (135) esp_image: segment 2: paddr=00050020 vaddr=42000020 size=bd0c0h (774336) map[0m
[0;32mI (277) esp_image: segment 3: paddr=0010d0e8 vaddr=3fca868c size=0032ch (   812) load[0m
[0;32mI (278) esp_image: segment 4: paddr=0010d41c vaddr=40378000 size=18d60h (101728) load[0m
[0;32mI (305) esp_image: segment 5: paddr=00126184 vaddr=50000000 size=00024h (    36) load[0m
[0;32mI (316) boot: Loaded app from partition at offset 0x10000[0m
[0;32mI (316) boot: Disabling RNG early entropy source...[0m
[0;32mI (326) octal_psram: vendor id    : 0x0d (AP)[0m
[0;32mI (327) octal_psram: dev id       : 0x02 (generation 3)[0m
[0;32mI (327) octal_psram: density      : 0x03 (64 Mbit)[0m
[0;32mI (329) octal_psram: good-die     : 0x01 (Pass)[0m
[0;32mI (333) octal_psram: Latency      : 0x01 (Fixed)[0m
[0;32mI (337) octal_psram: VCC          : 0x01 (3V)[0m
[0;32mI (341) octal_psram: SRF          : 0x01 (Fast Refresh)[0m
[0;32mI (346) octal_psram: BurstType    : 0x01 (Hybrid Wrap)[0m
[0;32mI (351) octal_psram: BurstLen     : 0x01 (32 Byte)[0m
[0;32mI (356) octal_psram: Readlatency  : 0x02 (10 cycles@Fixed)[0m
[0;32mI (361) octal_psram: DriveStrength: 0x00 (1/1)[0m
[0;32mI (365) MSPI Timing: Enter psram timing tuning[0m
[0;32mI (370) esp_psram: Found 8MB PSRAM device[0m
[0;32mI (373) esp_psram: Speed: 80MHz[0m
[0;32mI (376) cpu_start: Multicore app[0m
[0;32mI (664) esp_psram: SPI SRAM memory test OK[0m
[0;32mI (672) cpu_start: GPIO 44 and 43 are used as console UART I/O pins[0m
[0;32mI (673) cpu_start: Pro cpu start user code[0m
[0;32mI (673) cpu_start: cpu freq: 240000000 Hz[0m
[0;32mI (675) app_init: Application information:[0m
[0;32mI (679) app_init: Project name:     esp-everything[0m
[0;32mI (683) app_init: App version:      99cde05-dirty[0m
[0;32mI (687) app_init: Compile time:     Sep 10 2026 22:00:00[0m
[0;32mI (693) app_init: ELF file SHA256:  11c2a2d03...[0m
[0;32mI (697) app_init: ESP-IDF:          v6.0.2[0m
[0;32mI (701) efuse_init: Min chip rev:     v0.0[0m
[0;32mI (704) efuse_init: Max chip rev:     v0.99 [0m
[0;32mI (708) efuse_init: Chip rev:         v0.2[0m
[0;32mI (712) heap_init: Initializing. RAM available for dynamic allocation:[0m
[0;32mI (719) heap_init: At 3FCB9E40 len 0002F8D0 (190 KiB): RAM[0m
[0;32mI (724) heap_init: At 3FCE9710 len 00005724 (21 KiB): RAM[0m
[0;32mI (729) heap_init: At 600FE000 len 00001FE8 (7 KiB): RTCRAM[0m
[0;32mI (734) esp_psram: Adding pool of 8192K of PSRAM memory to heap allocator[0m
[0;32mI (741) spi_flash: detected chip: gd[0m
[0;32mI (744) spi_flash: flash io: dio[0m
[0;32mI (747) sleep_gpio: Configure to isolate all GPIO pins in sleep state[0m
[0;32mI (753) sleep_gpio: Enable automatic switching of GPIO sleep configuration[0m
[0;32mI (760) main_task: Started on CPU0[0m
[0;32mI (763) esp_psram: Reserving pool of 32K of internal memory for DMA/internal allocations[0m
[0;32mI (771) main_task: Calling app_main()[0m
[0;32mI (774) mission: ESP starting[0m
[0;32mI (791) pp: pp rom version: e7ae62f[0m
[0;32mI (792) net80211: net80211 rom version: e7ae62f[0m
[0;32mI (793) wifi:wifi driver task: 3fcc9ac8, prio:23, stack:6656, core=0[0m
[0;32mI (801) wifi:wifi firmware version: 00ad238[0m
[0;32mI (801) wifi:wifi certification version: v7.0[0m
[0;32mI (802) wifi:config NVS flash: enabled[0m
[0;32mI (805) wifi:config nano formatting: disabled[0m
[0;32mI (810) wifi:Init data frame dynamic rx buffer num: 32[0m
[0;32mI (815) wifi:Init static rx mgmt buffer num: 5[0m
[0;32mI (819) wifi:Init management short buffer num: 32[0m
[0;32mI (823) wifi:Init dynamic tx buffer num: 32[0m
[0;32mI (827) wifi:Init static tx FG buffer num: 2[0m
[0;32mI (831) wifi:Init static rx buffer size: 1600[0m
[0;32mI (835) wifi:Init static rx buffer num: 10[0m
[0;32mI (839) wifi:Init dynamic rx buffer num: 32[0m
[0;32mI (843) wifi_init: rx ba win: 6[0m
[0;32mI (846) wifi_init: accept mbox: 6[0m
[0;32mI (849) wifi_init: tcpip mbox: 32[0m
[0;32mI (852) wifi_init: udp mbox: 6[0m
[0;32mI (854) wifi_init: tcp mbox: 6[0m
[0;32mI (857) wifi_init: tcp tx win: 5760[0m
[0;32mI (860) wifi_init: tcp rx win: 5760[0m
[0;32mI (864) wifi_init: tcp mss: 1440[0m
[0;32mI (867) wifi_init: WiFi IRAM OP enabled[0m
[0;32mI (870) wifi_init: WiFi RX IRAM OP enabled[0m
[0;33mW (874) wifi:Password length matches WPA2 standards, authmode threshold changes from OPEN to WPA2[0m
[0;32mI (883) phy_init: phy_version 712,87e8c20e,Apr 13 2026,18:51:10[0m
[0;32mI (921) wifi:mode : sta (98:a3:16:f7:04:b4)[0m
[0;32mI (922) wifi:enable tsf[0m
[0;32mI (924) wifi: Connecting to '<redacted-ssid>'...[0m
[0;32mI (925) mav: UART1 ready: TX=GPIO5 RX=GPIO4 @ 921600 baud[0m
[0;32mI (926) mav: Requested PX4 position + attitude at 20 Hz[0m
[0;32mI (931) tof: I2C master bus created[0m
[0;32mI (934) tof: TCA9548A registered[0m
[0;32mI (938) wifi: Telemetry → 192.0.2.1:5005 | Commands ← port 5006[0m
[0;33mW (944) mission: NANOLITE BENCH MODE: navigation and mission tasks are disabled[0m
[0;32mI (944) s3 ll_cam: DMA Channel=0[0m
[0;32mI (945) nanolite: read-only PX4 pose bridge ready: 20Hz max_age=250ms key=25cm/15deg[0m
[0;32mI (961) nanolite: NANOTOF enabled: interval=1000ms tuple=distance_mm,column,timestamp_us,age_ms yaw_deg=s0:45,s1:0,s2:315,s3:270,s4:225,s5:180,s6:135,s7:90[0m
[0;32mI (953) cam_hal: cam init ok[0m
[0;32mI (950) mission: All tasks spawned[0m
[0;32mI (977) sccb-ng: pin_sda 40 pin_scl 39[0m
[0;32mI (980) main_task: Returned from app_main()[0m
[0;32mI (983) sccb-ng: sccb_i2c_port=1[0m
[1;31mE (1003) camera: Detected camera not supported.[0m
[1;31mE (1004) camera: Camera probe failed with error 0x106(ESP_ERR_NOT_SUPPORTED)[0m
[1;31mE (1004) apriltag_detect: Camera Init Failed[0m
Guru Meditation Error: Core  1 panic'ed (IllegalInstruction). Exception was unhandled.
Memory dump at 0x42012ef4: e0b4bb81 f01d0008 65201110
--- 0x42012ef4: init_camera at /home/user/urex/firmware/nus_flight_app/main/at_detect.c:155(inlined by) at_detect_task at /home/user/urex/firmware/nus_flight_app/main/at_detect.c:277
Core  1 register dump:
PC      : 0x42012efa  PS      : 0x00060830  A0      : 0x00000000  A1      : 0x3fcdd100  
--- 0x42012efa: at_detect_task at /home/user/urex/firmware/nus_flight_app/main/at_detect.c:442
A2      : 0x00000000  A3      : 0x00000000  A4      : 0x00000000  A5      : 0x00000000  
A6      : 0x00000000  A7      : 0x00000000  A8      : 0x82012efa  A9      : 0x3fcdd0a0  
A10     : 0x00000001  A11     : 0x3c0c7030  A12     : 0x3c0c7040  A13     : 0x000003ec  
A14     : 0x3c0c7030  A15     : 0x000003ec  SAR     : 0x00000004  EXCCAUSE: 0x00000000  
EXCVADDR: 0x00000000  LBEG    : 0x400556d5  LEND    : 0x400556e5  LCOUNT  : 0xfffffffb  
--- 0x400556d5: strlen in ROM
--- 0x400556e5: strlen in ROM


Backtrace: 0x42012ef7:0x3fcdd100
--- 0x42012ef7: init_camera at /home/user/urex/firmware/nus_flight_app/main/at_detect.c:155(inlined by) at_detect_task at /home/user/urex/firmware/nus_flight_app/main/at_detect.c:277




ELF file SHA256: 11c2a2d03

Rebooting...
ESP-ROM:esp32s3-20210327
Build:Mar 27 2021
rst:0xc (RTC_SW_CPU_RST),boot:0xb (SPI_FAST_FLASH_BOOT)
Saved PC:0x40380406
--- 0x40380406: esp_cpu_wait_for_intr at /home/user/.espressif/v6.0.2/esp-idf/components/esp_hw_support/cpu.c:64
SPIWP:0xee
mode:DIO, clock div:1
load:0x3fce2820,len:0x14f0
load:0x403c8700,len:0xda0
--- 0x403c8700: _stext at ??:?
load:0x403cb700,len:0x2f54
entry 0x403c8908
--- 0x403c8908: call_start_cpu0 at /home/user/.espressif/v6.0.2/esp-idf/components/bootloader/subproject/main/bootloader_start.c:27
[0;32mI (24) boot: ESP-IDF v6.0.2 2nd stage bootloader[0m
[0;32mI (24) boot: compile time Sep  6 2026 22:47:32[0m
[0;32mI (24) boot: Multicore bootloader[0m
[0;32mI (25) boot: chip revision: v0.2[0m
[0;32mI (27) boot: efuse block revision: v1.3[0m
[0;32mI (31) boot.esp32s3: Boot SPI Speed : 80MHz[0m
[0;32mI (34) boot.esp32s3: SPI Mode       : DIO[0m
[0;32mI (38) boot.esp32s3: SPI Flash Size : 8MB[0m
[0;32mI (42) boot: Enabling RNG early entropy source...[0m
[0;32mI (46) boot: Partition Table:[0m
[0;32mI (49) boot: ## Label            Usage          Type ST Offset   Length[0m
[0;32mI (55) boot:  0 nvs              WiFi data        01 02 00009000 00006000[0m
[0;32mI (62) boot:  1 phy_init         RF data          01 01 0000f000 00001000[0m
[0;32mI (68) boot:  2 factory          factory app      00 00 00010000 00177000[0m
[0;32mI (75) boot: End of partition table[0m
[0;32mI (78) esp_image: segment 0: paddr=00010020 vaddr=3c0c0020 size=38764h (231268) map[0m
[0;32mI (128) esp_image: segment 1: paddr=0004878c vaddr=3fca0e00 size=0788ch ( 30860) load[0m
[0;32mI (135) esp_image: segment 2: paddr=00050020 vaddr=42000020 size=bd0c0h (774336) map[0m
[0;32mI (277) esp_image: segment 3: paddr=0010d0e8 vaddr=3fca868c size=0032ch (   812) load[0m
[0;32mI (278) esp_image: segment 4: paddr=0010d41c vaddr=40378000 size=18d60h (101728) load[0m
[0;32mI (305) esp_image: segment 5: paddr=00126184 vaddr=50000000 size=00024h (    36) load[0m
[0;32mI (316) boot: Loaded app from partition at offset 0x10000[0m
[0;32mI (316) boot: Disabling RNG early entropy source...[0m
[0;32mI (326) octal_psram: vendor id    : 0x0d (AP)[0m
[0;32mI (327) octal_psram: dev id       : 0x02 (generation 3)[0m
[0;32mI (327) octal_psram: density      : 0x03 (64 Mbit)[0m
[0;32mI (329) octal_psram: good-die     : 0x01 (Pass)[0m
[0;32mI (333) octal_psram: Latency      : 0x01 (Fixed)[0m
[0;32mI (337) octal_psram: VCC          : 0x01 (3V)[0m
[0;32mI (341) octal_psram: SRF          : 0x01 (Fast Refresh)[0m
[0;32mI (346) octal_psram: BurstType    : 0x01 (Hybrid Wrap)[0m
[0;32mI (351) octal_psram: BurstLen     : 0x01 (32 Byte)[0m
[0;32mI (356) octal_psram: Readlatency  : 0x02 (10 cycles@Fixed)[0m
[0;32mI (361) octal_psram: DriveStrength: 0x00 (1/1)[0m
[0;32mI (365) MSPI Timing: Enter psram timing tuning[0m
[0;32mI (370) esp_psram: Found 8MB PSRAM device[0m
[0;32mI (373) esp_psram: Speed: 80MHz[0m
[0;32mI (376) cpu_start: Multicore app[0m
[0;32mI (664) esp_psram: SPI SRAM memory test OK[0m
[0;32mI (672) cpu_start: GPIO 44 and 43 are used as console UART I/O pins[0m
[0;32mI (673) cpu_start: Pro cpu start user code[0m
[0;32mI (673) cpu_start: cpu freq: 240000000 Hz[0m
[0;32mI (675) app_init: Application information:[0m
[0;32mI (679) app_init: Project name:     esp-everything[0m
[0;32mI (683) app_init: App version:      99cde05-dirty[0m
[0;32mI (687) app_init: Compile time:     Sep 10 2026 22:00:00[0m
[0;32mI (693) app_init: ELF file SHA256:  11c2a2d03...[0m
[0;32mI (697) app_init: ESP-IDF:          v6.0.2[0m
[0;32mI (701) efuse_init: Min chip rev:     v0.0[0m
[0;32mI (704) efuse_init: Max chip rev:     v0.99 [0m
[0;32mI (708) efuse_init: Chip rev:         v0.2[0m
[0;32mI (712) heap_init: Initializing. RAM available for dynamic allocation:[0m
[0;32mI (719) heap_init: At 3FCB9E40 len 0002F8D0 (190 KiB): RAM[0m
[0;32mI (724) heap_init: At 3FCE9710 len 00005724 (21 KiB): RAM[0m
[0;32mI (729) heap_init: At 600FE000 len 00001FE8 (7 KiB): RTCRAM[0m
[0;32mI (734) esp_psram: Adding pool of 8192K of PSRAM memory to heap allocator[0m
[0;32mI (741) spi_flash: detected chip: gd[0m
[0;32mI (744) spi_flash: flash io: dio[0m
[0;32mI (747) sleep_gpio: Configure to isolate all GPIO pins in sleep state[0m
[0;32mI (753) sleep_gpio: Enable automatic switching of GPIO sleep configuration[0m
[0;32mI (760) main_task: Started on CPU0[0m
[0;32mI (763) esp_psram: Reserving pool of 32K of internal memory for DMA/internal allocations[0m
[0;32mI (771) main_task: Calling app_main()[0m
[0;32mI (774) mission: ESP starting[0m
[0;32mI (791) pp: pp rom version: e7ae62f[0m
[0;32mI (792) net80211: net80211 rom version: e7ae62f[0m
[0;32mI (793) wifi:wifi driver task: 3fcc9ac8, prio:23, stack:6656, core=0[0m
[0;32mI (801) wifi:wifi firmware version: 00ad238[0m
[0;32mI (801) wifi:wifi certification version: v7.0[0m
[0;32mI (802) wifi:config NVS flash: enabled[0m
[0;32mI (805) wifi:config nano formatting: disabled[0m
[0;32mI (810) wifi:Init data frame dynamic rx buffer num: 32[0m
[0;32mI (815) wifi:Init static rx mgmt buffer num: 5[0m
[0;32mI (819) wifi:Init management short buffer num: 32[0m
[0;32mI (823) wifi:Init dynamic tx buffer num: 32[0m
[0;32mI (827) wifi:Init static tx FG buffer num: 2[0m
[0;32mI (831) wifi:Init static rx buffer size: 1600[0m
[0;32mI (835) wifi:Init static rx buffer num: 10[0m
[0;32mI (839) wifi:Init dynamic rx buffer num: 32[0m
[0;32mI (843) wifi_init: rx ba win: 6[0m
[0;32mI (846) wifi_init: accept mbox: 6[0m
[0;32mI (849) wifi_init: tcpip mbox: 32[0m
[0;32mI (852) wifi_init: udp mbox: 6[0m
[0;32mI (854) wifi_init: tcp mbox: 6[0m
[0;32mI (857) wifi_init: tcp tx win: 5760[0m
[0;32mI (860) wifi_init: tcp rx win: 5760[0m
[0;32mI (864) wifi_init: tcp mss: 1440[0m
[0;32mI (867) wifi_init: WiFi IRAM OP enabled[0m
[0;32mI (870) wifi_init: WiFi RX IRAM OP enabled[0m
[0;33mW (874) wifi:Password length matches WPA2 standards, authmode threshold changes from OPEN to WPA2[0m
[0;32mI (883) phy_init: phy_version 712,87e8c20e,Apr 13 2026,18:51:10[0m
[0;32mI (926) wifi:mode : sta (98:a3:16:f7:04:b4)[0m
[0;32mI (926) wifi:enable tsf[0m
[0;32mI (929) wifi: Connecting to '<redacted-ssid>'...[0m
[0;32mI (930) mav: UART1 ready: TX=GPIO5 RX=GPIO4 @ 921600 baud[0m
[0;32mI (931) mav: Requested PX4 position + attitude at 20 Hz[0m
[0;32mI (936) tof: I2C master bus created[0m
[0;32mI (938) tof: TCA9548A registered[0m
[0;32mI (943) wifi: Telemetry → 192.0.2.1:5005 | Commands ← port 5006[0m
[0;33mW (948) mission: NANOLITE BENCH MODE: navigation and mission tasks are disabled[0m
[0;32mI (955) mission: All tasks spawned[0m
[0;32mI (949) s3 ll_cam: DMA Channel=0[0m
[0;32mI (949) nanolite: read-only PX4 pose bridge ready: 20Hz max_age=250ms key=25cm/15deg[0m
[0;32mI (968) nanolite: NANOTOF enabled: interval=1000ms tuple=distance_mm,column,timestamp_us,age_ms yaw_deg=s0:45,s1:0,s2:315,s3:270,s4:225,s5:180,s6:135,s7:90[0m
[0;32mI (961) cam_hal: cam init ok[0m
[0;32mI (958) main_task: Returned from app_main()[0m
[0;32mI (984) sccb-ng: pin_sda 40 pin_scl 39[0m
[0;32mI (992) sccb-ng: sccb_i2c_port=1[0m
[1;31mE (1007) camera: Detected camera not supported.[0m
[1;31mE (1008) camera: Camera probe failed with error 0x106(ESP_ERR_NOT_SUPPORTED)[0m
[1;31mE (1008) apriltag_detect: Camera Init Failed[0m
Guru Meditation Error: Core  1 panic'ed (IllegalInstruction). Exception was unhandled.
Memory dump at 0x42012ef4: e0b4bb81 f01d0008 65201110
--- 0x42012ef4: init_camera at /home/user/urex/firmware/nus_flight_app/main/at_detect.c:155(inlined by) at_detect_task at /home/user/urex/firmware/nus_flight_app/main/at_detect.c:277
Core  1 register dump:
PC      : 0x42012efa  PS      : 0x00060830  A0      : 0x00000000  A1      : 0x3fcdd100  
--- 0x42012efa: at_detect_task at /home/user/urex/firmware/nus_flight_app/main/at_detect.c:442
A2      : 0x00000000  A3      : 0x00000000  A4      : 0x00000000  A5      : 0x00000000  
A6      : 0x00000000  A7      : 0x00000000  A8      : 0x82012efa  A9      : 0x3fcdd0a0  
A10     : 0x00000001  A11     : 0x3c0c7030  A12     : 0x3c0c7040  A13     : 0x000003f0  
A14     : 0x3c0c7030  A15     : 0x000003f0  SAR     : 0x00000004  EXCCAUSE: 0x00000000  
EXCVADDR: 0x00000000  LBEG    : 0x400556d5  LEND    : 0x400556e5  LCOUNT  : 0xfffffffb  
--- 0x400556d5: strlen in ROM
--- 0x400556e5: strlen in ROM


Backtrace: 0x42012ef7:0x3fcdd100
--- 0x42012ef7: init_camera at /home/user/urex/firmware/nus_flight_app/main/at_detect.c:155(inlined by) at_detect_task at /home/user/urex/firmware/nus_flight_app/main/at_detect.c:277




ELF file SHA256: 11c2a2d03

Rebooting...
ESP-ROM:esp32s3-20210327
Build:Mar 27 2021
rst:0xc (RTC_SW_CPU_RST),boot:0xb (SPI_FAST_FLASH_BOOT)
Saved PC:0x40380406
--- 0x40380406: esp_cpu_wait_for_intr at /home/user/.espressif/v6.0.2/esp-idf/components/esp_hw_support/cpu.c:64
SPIWP:0xee
mode:DIO, clock div:1
load:0x3fce2820,len:0x14f0
load:0x403c8700,len:0xda0
--- 0x403c8700: _stext at ??:?
load:0x403cb700,len:0x2f54
entry 0x403c8908
--- 0x403c8908: call_start_cpu0 at /home/user/.espressif/v6.0.2/esp-idf/components/bootloader/subproject/main/bootloader_start.c:27
[0;32mI (24) boot: ESP-IDF v6.0.2 2nd stage bootloader[0m
[0;32mI (24) boot: compile time Sep  6 2026 22:47:32[0m
[0;32mI (24) boot: Multicore bootloader[0m
[0;32mI (25) boot: chip revision: v0.2[0m
[0;32mI (27) boot: efuse block revision: v1.3[0m
[0;32mI (31) boot.esp32s3: Boot SPI Speed : 80MHz[0m
[0;32mI (34) boot.esp32s3: SPI Mode       : DIO[0m
[0;32mI (38) boot.esp32s3: SPI Flash Size : 8MB[0m
[0;32mI (42) boot: Enabling RNG early entropy source...[0m
[0;32mI (46) boot: Partition Table:[0m
[0;32mI (49) boot: ## Label            Usage          Type ST Offset   Length[0m
[0;32mI (55) boot:  0 nvs              WiFi data        01 02 00009000 00006000[0m
[0;32mI (62) boot:  1 phy_init         RF data          01 01 0000f000 00001000[0m
[0;32mI (68) boot:  2 factory          factory app      00 00 00010000 00177000[0m
[0;32mI (75) boot: End of partition table[0m
[0;32mI (78) esp_image: segment 0: paddr=00010020 vaddr=3c0c0020 size=38764h (231268) map[0m
[0;32mI (128) esp_image: segment 1: paddr=0004878c vaddr=3fca0e00 size=0788ch ( 30860) load[0m
[0;32mI (135) esp_image: segment 2: paddr=00050020 vaddr=42000020 size=bd0c0h (774336) map[0m
[0;32mI (277) esp_image: segment 3: paddr=0010d0e8 vaddr=3fca868c size=0032ch (   812) load[0m
[0;32mI (278) esp_image: segment 4: paddr=0010d41c vaddr=40378000 size=18d60h (101728) load[0m
[0;32mI (305) esp_image: segment 5: paddr=00126184 vaddr=50000000 size=00024h (    36) load[0m
[0;32mI (316) boot: Loaded app from partition at offset 0x10000[0m
[0;32mI (316) boot: Disabling RNG early entropy source...[0m
[0;32mI (326) octal_psram: vendor id    : 0x0d (AP)[0m
[0;32mI (327) octal_psram: dev id       : 0x02 (generation 3)[0m
[0;32mI (327) octal_psram: density      : 0x03 (64 Mbit)[0m
[0;32mI (329) octal_psram: good-die     : 0x01 (Pass)[0m
[0;32mI (333) octal_psram: Latency      : 0x01 (Fixed)[0m
[0;32mI (337) octal_psram: VCC          : 0x01 (3V)[0m
[0;32mI (341) octal_psram: SRF          : 0x01 (Fast Refresh)[0m
[0;32mI (346) octal_psram: BurstType    : 0x01 (Hybrid Wrap)[0m
[0;32mI (351) octal_psram: BurstLen     : 0x01 (32 Byte)[0m
[0;32mI (356) octal_psram: Readlatency  : 0x02 (10 cycles@Fixed)[0m
[0;32mI (361) octal_psram: DriveStrength: 0x00 (1/1)[0m
[0;32mI (365) MSPI Timing: Enter psram timing tuning[0m
[0;32mI (370) esp_psram: Found 8MB PSRAM device[0m
[0;32mI (373) esp_psram: Speed: 80MHz[0m
[0;32mI (376) cpu_start: Multicore app[0m
[0;32mI (664) esp_psram: SPI SRAM memory test OK[0m
[0;32mI (672) cpu_start: GPIO 44 and 43 are used as console UART I/O pins[0m
[0;32mI (673) cpu_start: Pro cpu start user code[0m
[0;32mI (673) cpu_start: cpu freq: 240000000 Hz[0m
[0;32mI (675) app_init: Application information:[0m
[0;32mI (679) app_init: Project name:     esp-everything[0m
[0;32mI (683) app_init: App version:      99cde05-dirty[0m
[0;32mI (687) app_init: Compile time:     Sep 10 2026 22:00:00[0m
[0;32mI (693) app_init: ELF file SHA256:  11c2a2d03...[0m
[0;32mI (697) app_init: ESP-IDF:          v6.0.2[0m
[0;32mI (701) efuse_init: Min chip rev:     v0.0[0m
[0;32mI (704) efuse_init: Max chip rev:     v0.99 [0m
[0;32mI (708) efuse_init: Chip rev:         v0.2[0m
[0;32mI (712) heap_init: Initializing. RAM available for dynamic allocation:[0m
[0;32mI (719) heap_init: At 3FCB9E40 len 0002F8D0 (190 KiB): RAM[0m
[0;32mI (724) heap_init: At 3FCE9710 len 00005724 (21 KiB): RAM[0m
[0;32mI (729) heap_init: At 600FE000 len 00001FE8 (7 KiB): RTCRAM[0m
[0;32mI (734) esp_psram: Adding pool of 8192K of PSRAM memory to heap allocator[0m
[0;32mI (741) spi_flash: detected chip: gd[0m
[0;32mI (744) spi_flash: flash io: dio[0m
[0;32mI (747) sleep_gpio: Configure to isolate all GPIO pins in sleep state[0m
[0;32mI (753) sleep_gpio: Enable automatic switching of GPIO sleep configuration[0m
[0;32mI (760) main_task: Started on CPU0[0m
[0;32mI (763) esp_psram: Reserving pool of 32K of internal memory for DMA/internal allocations[0m
[0;32mI (771) main_task: Calling app_main()[0m
[0;32mI (774) mission: ESP starting[0m
[0;32mI (791) pp: pp rom version: e7ae62f[0m
[0;32mI (792) net80211: net80211 rom version: e7ae62f[0m
[0;32mI (793) wifi:wifi driver task: 3fcc9ac8, prio:23, stack:6656, core=0[0m
[0;32mI (801) wifi:wifi firmware version: 00ad238[0m
[0;32mI (801) wifi:wifi certification version: v7.0[0m
[0;32mI (802) wifi:config NVS flash: enabled[0m
[0;32mI (805) wifi:config nano formatting: disabled[0m
[0;32mI (810) wifi:Init data frame dynamic rx buffer num: 32[0m
[0;32mI (815) wifi:Init static rx mgmt buffer num: 5[0m
[0;32mI (819) wifi:Init management short buffer num: 32[0m
[0;32mI (823) wifi:Init dynamic tx buffer num: 32[0m
[0;32mI (827) wifi:Init static tx FG buffer num: 2[0m
[0;32mI (831) wifi:Init static rx buffer size: 1600[0m
[0;32mI (835) wifi:Init static rx buffer num: 10[0m
[0;32mI (839) wifi:Init dynamic rx buffer num: 32[0m
[0;32mI (843) wifi_init: rx ba win: 6[0m
[0;32mI (846) wifi_init: accept mbox: 6[0m
[0;32mI (849) wifi_init: tcpip mbox: 32[0m
[0;32mI (852) wifi_init: udp mbox: 6[0m
[0;32mI (854) wifi_init: tcp mbox: 6[0m
[0;32mI (857) wifi_init: tcp tx win: 5760[0m
[0;32mI (860) wifi_init: tcp rx win: 5760[0m
[0;32mI (864) wifi_init: tcp mss: 1440[0m
[0;32mI (867) wifi_init: WiFi IRAM OP enabled[0m
[0;32mI (870) wifi_init: WiFi RX IRAM OP enabled[0m
[0;33mW (874) wifi:Password length matches WPA2 standards, authmode threshold changes from OPEN to WPA2[0m
[0;32mI (883) phy_init: phy_version 712,87e8c20e,Apr 13 2026,18:51:10[0m
[0;32mI (921) wifi:mode : sta (98:a3:16:f7:04:b4)[0m
[0;32mI (921) wifi:enable tsf[0m
[0;32mI (923) wifi: Connecting to '<redacted-ssid>'...[0m
[0;32mI (925) mav: UART1 ready: TX=GPIO5 RX=GPIO4 @ 921600 baud[0m
[0;32mI (925) mav: Requested PX4 position + attitude at 20 Hz[0m
[0;32mI (930) tof: I2C master bus created[0m
[0;32mI (933) tof: TCA9548A registered[0m
[0;32mI (938) wifi: Telemetry → 192.0.2.1:5005 | Commands ← port 5006[0m
[0;33mW (943) mission: NANOLITE BENCH MODE: navigation and mission tasks are disabled[0m
[0;32mI (950) mission: All tasks spawned[0m
[0;32mI (944) s3 ll_cam: DMA Channel=0[0m
[0;32mI (944) nanolite: read-only PX4 pose bridge ready: 20Hz max_age=250ms key=25cm/15deg[0m
[0;32mI (963) nanolite: NANOTOF enabled: interval=1000ms tuple=distance_mm,column,timestamp_us,age_ms yaw_deg=s0:45,s1:0,s2:315,s3:270,s4:225,s5:180,s6:135,s7:90[0m
[0;32mI (956) cam_hal: cam init ok[0m
[0;32mI (953) main_task: Returned from app_main()[0m
[0;32mI (979) sccb-ng: pin_sda 40 pin_scl 39[0m
[0;32mI (987) sccb-ng: sccb_i2c_port=1[0m
[1;31mE (1002) camera: Detected camera not supported.[0m
[1;31mE (1003) camera: Camera probe failed with error 0x106(ESP_ERR_NOT_SUPPORTED)[0m
[1;31mE (1003) apriltag_detect: Camera Init Failed[0m
Guru Meditation Error: Core  1 panic'ed (IllegalInstruction). Exception was unhandled.
Memory dump at 0x42012ef4: e0b4bb81 f01d0008 65201110
--- 0x42012ef4: init_camera at /home/user/urex/firmware/nus_flight_app/main/at_detect.c:155(inlined by) at_detect_task at /home/user/urex/firmware/nus_flight_app/main/at_detect.c:277
Core  1 register dump:
PC      : 0x42012efa  PS      : 0x00060830  A0      : 0x00000000  A1      : 0x3fcdd100  
--- 0x42012efa: at_detect_task at /home/user/urex/firmware/nus_flight_app/main/at_detect.c:442
A2      : 0x00000000  A3      : 0x00000000  A4      : 0x00000000  A5      : 0x00000000  
A6      : 0x00000000  A7      : 0x00000000  A8      : 0x82012efa  A9      : 0x3fcdd0a0  
A10     : 0x00000001  A11     : 0x3c0c7030  A12     : 0x3c0c7040  A13     : 0x000003eb  
A14     : 0x3c0c7030  A15     : 0x000003eb  SAR     : 0x00000004  EXCCAUSE: 0x00000000  
EXCVADDR: 0x00000000  LBEG    : 0x400556d5  LEND    : 0x400556e5  LCOUNT  : 0xfffffffb  
--- 0x400556d5: strlen in ROM
--- 0x400556e5: strlen in ROM


Backtrace: 0x42012ef7:0x3fcdd100
--- 0x42012ef7: init_camera at /home/user/urex/firmware/nus_flight_app/main/at_detect.c:155(inlined by) at_detect_task at /home/user/urex/firmware/nus_flight_app/main/at_detect.c:277




ELF file SHA256: 11c2a2d03

Rebooting...
ESP-ROM:esp32s3-20210327
Build:Mar 27 2021
rst:0xc (RTC_SW_CPU_RST),boot:0xb (SPI_FAST_FLASH_BOOT)
Saved PC:0x40380406
--- 0x40380406: esp_cpu_wait_for_intr at /home/user/.espressif/v6.0.2/esp-idf/components/esp_hw_support/cpu.c:64
SPIWP:0xee
mode:DIO, clock div:1
load:0x3fce2820,len:0x14f0
load:0x403c8700,len:0xda0
--- 0x403c8700: _stext at ??:?
load:0x403cb700,len:0x2f54
entry 0x403c8908
--- 0x403c8908: call_start_cpu0 at /home/user/.espressif/v6.0.2/esp-idf/components/bootloader/subproject/main/bootloader_start.c:27
[0;32mI (24) boot: ESP-IDF v6.0.2 2nd stage bootloader[0m
[0;32mI (24) boot: compile time Sep  6 2026 22:47:32[0m
[0;32mI (24) boot: Multicore bootloader[0m
[0;32mI (25) boot: chip revision: v0.2[0m
[0;32mI (27) boot: efuse block revision: v1.3[0m
[0;32mI (31) boot.esp32s3: Boot SPI Speed : 80MHz[0m
[0;32mI (34) boot.esp32s3: SPI Mode       : DIO[0m
[0;32mI (38) boot.esp32s3: SPI Flash Size : 8MB[0m
[0;32mI (42) boot: Enabling RNG early entropy source...[0m
[0;32mI (46) boot: Partition Table:[0m
[0;32mI (49) boot: ## Label            Usage          Type ST Offset   Length[0m
[0;32mI (55) boot:  0 nvs              WiFi data        01 02 00009000 00006000[0m
[0;32mI (62) boot:  1 phy_init         RF data          01 01 0000f000 00001000[0m
[0;32mI (68) boot:  2 factory          factory app      00 00 00010000 00177000[0m
[0;32mI (75) boot: End of partition table[0m
[0;32mI (78) esp_image: segment 0: paddr=00010020 vaddr=3c0c0020 size=38764h (231268) map[0m
[0;32mI (128) esp_image: segment 1: paddr=0004878c vaddr=3fca0e00 size=0788ch ( 30860) load[0m
[0;32mI (135) esp_image: segment 2: paddr=00050020 vaddr=42000020 size=bd0c0h (774336) map[0m
[0;32mI (277) esp_image: segment 3: paddr=0010d0e8 vaddr=3fca868c size=0032ch (   812) load[0m
[0;32mI (278) esp_image: segment 4: paddr=0010d41c vaddr=40378000 size=18d60h (101728) load[0m
[0;32mI (305) esp_image: segment 5: paddr=00126184 vaddr=50000000 size=00024h (    36) load[0m
[0;32mI (316) boot: Loaded app from partition at offset 0x10000[0m
[0;32mI (316) boot: Disabling RNG early entropy source...[0m
[0;32mI (326) octal_psram: vendor id    : 0x0d (AP)[0m
[0;32mI (327) octal_psram: dev id       : 0x02 (generation 3)[0m
[0;32mI (327) octal_psram: density      : 0x03 (64 Mbit)[0m
[0;32mI (329) octal_psram: good-die     : 0x01 (Pass)[0m
[0;32mI (333) octal_psram: Latency      : 0x01 (Fixed)[0m
[0;32mI (337) octal_psram: VCC          : 0x01 (3V)[0m
[0;32mI (341) octal_psram: SRF          : 0x01 (Fast Refresh)[0m
[0;32mI (346) octal_psram: BurstType    : 0x01 (Hybrid Wrap)[0m
[0;32mI (351) octal_psram: BurstLen     : 0x01 (32 Byte)[0m
[0;32mI (356) octal_psram: Readlatency  : 0x02 (10 cycles@Fixed)[0m
[0;32mI (361) octal_psram: DriveStrength: 0x00 (1/1)[0m
[0;32mI (365) MSPI Timing: Enter psram timing tuning[0m
[0;32mI (370) esp_psram: Found 8MB PSRAM device[0m
[0;32mI (373) esp_psram: Speed: 80MHz[0m
[0;32mI (376) cpu_start: Multicore app[0m
[0;32mI (664) esp_psram: SPI SRAM memory test OK[0m
[0;32mI (672) cpu_start: GPIO 44 and 43 are used as console UART I/O pins[0m
[0;32mI (673) cpu_start: Pro cpu start user code[0m
[0;32mI (673) cpu_start: cpu freq: 240000000 Hz[0m
[0;32mI (675) app_init: Application information:[0m
[0;32mI (679) app_init: Project name:     esp-everything[0m
[0;32mI (683) app_init: App version:      99cde05-dirty[0m
[0;32mI (687) app_init: Compile time:     Sep 10 2026 22:00:00[0m
[0;32mI (693) app_init: ELF file SHA256:  11c2a2d03...[0m
[0;32mI (697) app_init: ESP-IDF:          v6.0.2[0m
[0;32mI (701) efuse_init: Min chip rev:     v0.0[0m
[0;32mI (704) efuse_init: Max chip rev:     v0.99 [0m
[0;32mI (708) efuse_init: Chip rev:         v0.2[0m
[0;32mI (712) heap_init: Initializing. RAM available for dynamic allocation:[0m
[0;32mI (719) heap_init: At 3FCB9E40 len 0002F8D0 (190 KiB): RAM[0m
[0;32mI (724) heap_init: At 3FCE9710 len 00005724 (21 KiB): RAM[0m
[0;32mI (729) heap_init: At 600FE000 len 00001FE8 (7 KiB): RTCRAM[0m
[0;32mI (734) esp_psram: Adding pool of 8192K of PSRAM memory to heap allocator[0m
[0;32mI (741) spi_flash: detected chip: gd[0m
[0;32mI (744) spi_flash: flash io: dio[0m
[0;32mI (747) sleep_gpio: Configure to isolate all GPIO pins in sleep state[0m
[0;32mI (753) sleep_gpio: Enable automatic switching of GPIO sleep configuration[0m
[0;32mI (760) main_task: Started on CPU0[0m
[0;32mI (763) esp_psram: Reserving pool of 32K of internal memory for DMA/internal allocations[0m
[0;32mI (771) main_task: Calling app_main()[0m
[0;32mI (774) mission: ESP starting[0m
[0;32mI (791) pp: pp rom version: e7ae62f[0m
[0;32mI (792) net80211: net80211 rom version: e7ae62f[0m
[0;32mI (793) wifi:wifi driver task: 3fcc9ac8, prio:23, stack:6656, core=0[0m
[0;32mI (801) wifi:wifi firmware version: 00ad238[0m
[0;32mI (801) wifi:wifi certification version: v7.0[0m
[0;32mI (802) wifi:config NVS flash: enabled[0m
[0;32mI (805) wifi:config nano formatting: disabled[0m
[0;32mI (810) wifi:Init data frame dynamic rx buffer num: 32[0m
[0;32mI (815) wifi:Init static rx mgmt buffer num: 5[0m
[0;32mI (819) wifi:Init management short buffer num: 32[0m
[0;32mI (823) wifi:Init dynamic tx buffer num: 32[0m
[0;32mI (827) wifi:Init static tx FG buffer num: 2[0m
[0;32mI (831) wifi:Init static rx buffer size: 1600[0m
[0;32mI (835) wifi:Init static rx buffer num: 10[0m
[0;32mI (839) wifi:Init dynamic rx buffer num: 32[0m
[0;32mI (843) wifi_init: rx ba win: 6[0m
[0;32mI (846) wifi_init: accept mbox: 6[0m
[0;32mI (849) wifi_init: tcpip mbox: 32[0m
[0;32mI (852) wifi_init: udp mbox: 6[0m
[0;32mI (854) wifi_init: tcp mbox: 6[0m
[0;32mI (857) wifi_init: tcp tx win: 5760[0m
[0;32mI (860) wifi_init: tcp rx win: 5760[0m
[0;32mI (864) wifi_init: tcp mss: 1440[0m
[0;32mI (867) wifi_init: WiFi IRAM OP enabled[0m
[0;32mI (870) wifi_init: WiFi RX IRAM OP enabled[0m
[0;33mW (874) wifi:Password length matches WPA2 standards, authmode threshold changes from OPEN to WPA2[0m
[0;32mI (883) phy_init: phy_version 712,87e8c20e,Apr 13 2026,18:51:10[0m
[0;32mI (922) wifi:mode : sta (98:a3:16:f7:04:b4)[0m
[0;32mI (922) wifi:enable tsf[0m
[0;32mI (925) wifi: Connecting to '<redacted-ssid>'...[0m
[0;32mI (926) mav: UART1 ready: TX=GPIO5 RX=GPIO4 @ 921600 baud[0m
[0;32mI (926) mav: Requested PX4 position + attitude at 20 Hz[0m
[0;32mI (932) tof: I2C master bus created[0m
[0;32mI (934) tof: TCA9548A registered[0m
[0;32mI (939) wifi: Telemetry → 192.0.2.1:5005 | Commands ← port 5006[0m
[0;33mW (944) mission: NANOLITE BENCH MODE: navigation and mission tasks are disabled[0m
[0;32mI (951) mission: All tasks spawned[0m
[0;32mI (945) s3 ll_cam: DMA Channel=0[0m
[0;32mI (945) nanolite: read-only PX4 pose bridge ready: 20Hz max_age=250ms key=25cm/15deg[0m
[0;32mI (965) nanolite: NANOTOF enabled: interval=1000ms tuple=distance_mm,column,timestamp_us,age_ms yaw_deg=s0:45,s1:0,s2:315,s3:270,s4:225,s5:180,s6:135,s7:90[0m
[0;32mI (957) cam_hal: cam init ok[0m
[0;32mI (981) sccb-ng: pin_sda 40 pin_scl 39[0m
[0;32mI (954) main_task: Returned from app_main()[0m
[0;32mI (984) sccb-ng: sccb_i2c_port=1[0m
[1;31mE (1003) camera: Detected camera not supported.[0m
[1;31mE (1004) camera: Camera probe failed with error 0x106(ESP_ERR_NOT_SUPPORTED)[0m
[1;31mE (1004) apriltag_detect: Camera Init Failed[0m
Guru Meditation Error: Core  1 panic'ed (IllegalInstruction). Exception was unhandled.
Memory dump at 0x42012ef4: e0b4bb81 f01d0008 65201110
--- 0x42012ef4: init_camera at /home/user/urex/firmware/nus_flight_app/main/at_detect.c:155(inlined by) at_detect_task at /home/user/urex/firmware/nus_flight_app/main/at_detect.c:277
Core  1 register dump:
PC      : 0x42012efa  PS      : 0x00060830  A0      : 0x00000000  A1      : 0x3fcdd100  
--- 0x42012efa: at_detect_task at /home/user/urex/firmware/nus_flight_app/main/at_detect.c:442
A2      : 0x00000000  A3      : 0x00000000  A4      : 0x00000000  A5      : 0x00000000  
A6      : 0x00000000  A7      : 0x00000000  A8      : 0x82012efa  A9      : 0x3fcdd0a0  
A10     : 0x00000001  A11     : 0x3c0c7030  A12     : 0x3c0c7040  A13     : 0x000003ec  
A14     : 0x3c0c7030  A15     : 0x000003ec  SAR     : 0x00000004  EXCCAUSE: 0x00000000  
EXCVADDR: 0x00000000  LBEG    : 0x400556d5  LEND    : 0x400556e5  LCOUNT  : 0xfffffffb  
--- 0x400556d5: strlen in ROM
--- 0x400556e5: strlen in ROM


Backtrace: 0x42012ef7:0x3fcdd100
--- 0x42012ef7: init_camera at /home/user/urex/firmware/nus_flight_app/main/at_detect.c:155(inlined by) at_detect_task at /home/user/urex/firmware/nus_flight_app/main/at_detect.c:277




ELF file SHA256: 11c2a2d03

Rebooting...
ESP-ROM:esp32s3-20210327
Build:Mar 27 2021
rst:0xc (RTC_SW_CPU_RST),boot:0xb (SPI_FAST_FLASH_BOOT)
Saved PC:0x40380406
--- 0x40380406: esp_cpu_wait_for_intr at /home/user/.espressif/v6.0.2/esp-idf/components/esp_hw_support/cpu.c:64
SPIWP:0xee
mode:DIO, clock div:1
load:0x3fce2820,len:0x14f0
load:0x403c8700,len:0xda0
--- 0x403c8700: _stext at ??:?
load:0x403cb700,len:0x2f54
entry 0x403c8908
--- 0x403c8908: call_start_cpu0 at /home/user/.espressif/v6.0.2/esp-idf/components/bootloader/subproject/main/bootloader_start.c:27
[0;32mI (24) boot: ESP-IDF v6.0.2 2nd stage bootloader[0m
[0;32mI (24) boot: compile time Sep  6 2026 22:47:32[0m
[0;32mI (24) boot: Multicore bootloader[0m
[0;32mI (25) boot: chip revision: v0.2[0m
[0;32mI (27) boot: efuse block revision: v1.3[0m
[0;32mI (31) boot.esp32s3: Boot SPI Speed : 80MHz[0m
[0;32mI (34) boot.esp32s3: SPI Mode       : DIO[0m
[0;32mI (38) boot.esp32s3: SPI Flash Size : 8MB[0m
[0;32mI (42) boot: Enabling RNG early entropy source...[0m
[0;32mI (46) boot: Partition Table:[0m
[0;32mI (49) boot: ## Label            Usage          Type ST Offset   Length[0m
[0;32mI (55) boot:  0 nvs              WiFi data        01 02 00009000 00006000[0m
[0;32mI (62) boot:  1 phy_init         RF data          01 01 0000f000 00001000[0m
[0;32mI (68) boot:  2 factory          factory app      00 00 00010000 00177000[0m
[0;32mI (75) boot: End of partition table[0m
[0;32mI (78) esp_image: segment 0: paddr=00010020 vaddr=3c0c0020 size=38764h (231268) map[0m
[0;32mI (128) esp_image: segment 1: paddr=0004878c vaddr=3fca0e00 size=0788ch ( 30860) load[0m
[0;32mI (135) esp_image: segment 2: paddr=00050020 vaddr=42000020 size=bd0c0h (774336) map[0m
[0;32mI (277) esp_image: segment 3: paddr=0010d0e8 vaddr=3fca868c size=0032ch (   812) load[0m
[0;32mI (278) esp_image: segment 4: paddr=0010d41c vaddr=40378000 size=18d60h (101728) load[0m
[0;32mI (305) esp_image: segment 5: paddr=00126184 vaddr=50000000 size=00024h (    36) load[0m
[0;32mI (316) boot: Loaded app from partition at offset 0x10000[0m
[0;32mI (316) boot: Disabling RNG early entropy source...[0m
[0;32mI (326) octal_psram: vendor id    : 0x0d (AP)[0m
[0;32mI (327) octal_psram: dev id       : 0x02 (generation 3)[0m
[0;32mI (327) octal_psram: density      : 0x03 (64 Mbit)[0m
[0;32mI (329) octal_psram: good-die     : 0x01 (Pass)[0m
[0;32mI (333) octal_psram: Latency      : 0x01 (Fixed)[0m
[0;32mI (337) octal_psram: VCC          : 0x01 (3V)[0m
[0;32mI (341) octal_psram: SRF          : 0x01 (Fast Refresh)[0m
[0;32mI (346) octal_psram: BurstType    : 0x01 (Hybrid Wrap)[0m
[0;32mI (351) octal_psram: BurstLen     : 0x01 (32 Byte)[0m
[0;32mI (356) octal_psram: Readlatency  : 0x02 (10 cycles@Fixed)[0m
[0;32mI (361) octal_psram: DriveStrength: 0x00 (1/1)[0m
[0;32mI (365) MSPI Timing: Enter psram timing tuning[0m
[0;32mI (370) esp_psram: Found 8MB PSRAM device[0m
[0;32mI (373) esp_psram: Speed: 80MHz[0m
[0;32mI (376) cpu_start: Multicore app[0m
[0;32mI (664) esp_psram: SPI SRAM memory test OK[0m
[0;32mI (672) cpu_start: GPIO 44 and 43 are used as console UART I/O pins[0m
[0;32mI (673) cpu_start: Pro cpu start user code[0m
[0;32mI (673) cpu_start: cpu freq: 240000000 Hz[0m
[0;32mI (675) app_init: Application information:[0m
[0;32mI (679) app_init: Project name:     esp-everything[0m
[0;32mI (683) app_init: App version:      99cde05-dirty[0m
[0;32mI (687) app_init: Compile time:     Sep 10 2026 22:00:00[0m
[0;32mI (693) app_init: ELF file SHA256:  11c2a2d03...[0m
[0;32mI (697) app_init: ESP-IDF:          v6.0.2[0m
[0;32mI (701) efuse_init: Min chip rev:     v0.0[0m
[0;32mI (704) efuse_init: Max chip rev:     v0.99 [0m
[0;32mI (708) efuse_init: Chip rev:         v0.2[0m
[0;32mI (712) heap_init: Initializing. RAM available for dynamic allocation:[0m
[0;32mI (719) heap_init: At 3FCB9E40 len 0002F8D0 (190 KiB): RAM[0m
[0;32mI (724) heap_init: At 3FCE9710 len 00005724 (21 KiB): RAM[0m
[0;32mI (729) heap_init: At 600FE000 len 00001FE8 (7 KiB): RTCRAM[0m
[0;32mI (734) esp_psram: Adding pool of 8192K of PSRAM memory to heap allocator[0m
[0;32mI (741) spi_flash: detected chip: gd[0m
[0;32mI (744) spi_flash: flash io: dio[0m
[0;32mI (747) sleep_gpio: Configure to isolate all GPIO pins in sleep state[0m
[0;32mI (753) sleep_gpio: Enable automatic switching of GPIO sleep configuration[0m
[0;32mI (760) main_task: Started on CPU0[0m
[0;32mI (763) esp_psram: Reserving pool of 32K of internal memory for DMA/internal allocations[0m
[0;32mI (771) main_task: Calling app_main()[0m
[0;32mI (774) mission: ESP starting[0m
[0;32mI (791) pp: pp rom version: e7ae62f[0m
[0;32mI (792) net80211: net80211 rom version: e7ae62f[0m
[0;32mI (793) wifi:wifi driver task: 3fcc9ac8, prio:23, stack:6656, core=0[0m
[0;32mI (801) wifi:wifi firmware version: 00ad238[0m
[0;32mI (801) wifi:wifi certification version: v7.0[0m
[0;32mI (802) wifi:config NVS flash: enabled[0m
[0;32mI (805) wifi:config nano formatting: disabled[0m
[0;32mI (810) wifi:Init data frame dynamic rx buffer num: 32[0m
[0;32mI (815) wifi:Init static rx mgmt buffer num: 5[0m
[0;32mI (819) wifi:Init management short buffer num: 32[0m
[0;32mI (823) wifi:Init dynamic tx buffer num: 32[0m
[0;32mI (827) wifi:Init static tx FG buffer num: 2[0m
[0;32mI (831) wifi:Init static rx buffer size: 1600[0m
[0;32mI (835) wifi:Init static rx buffer num: 10[0m
[0;32mI (839) wifi:Init dynamic rx buffer num: 32[0m
[0;32mI (843) wifi_init: rx ba win: 6[0m
[0;32mI (846) wifi_init: accept mbox: 6[0m
[0;32mI (849) wifi_init: tcpip mbox: 32[0m
[0;32mI (852) wifi_init: udp mbox: 6[0m
[0;32mI (854) wifi_init: tcp mbox: 6[0m
[0;32mI (857) wifi_init: tcp tx win: 5760[0m
[0;32mI (860) wifi_init: tcp rx win: 5760[0m
[0;32mI (864) wifi_init: tcp mss: 1440[0m
[0;32mI (867) wifi_init: WiFi IRAM OP enabled[0m
[0;32mI (870) wifi_init: WiFi RX IRAM OP enabled[0m
[0;33mW (874) wifi:Password length matches WPA2 standards, authmode threshold changes from OPEN to WPA2[0m
[0;32mI (883) phy_init: phy_version 712,87e8c20e,Apr 13 2026,18:51:10[0m
[0;32mI (922) wifi:mode : sta (98:a3:16:f7:04:b4)[0m
[0;32mI (922) wifi:enable tsf[0m
[0;32mI (924) wifi: Connecting to '<redacted-ssid>'...[0m
[0;32mI (926) mav: UART1 ready: TX=GPIO5 RX=GPIO4 @ 921600 baud[0m
[0;32mI (926) mav: Requested PX4 position + attitude at 20 Hz[0m
[0;32mI (932) tof: I2C master bus created[0m
[0;32mI (934) tof: TCA9548A registered[0m
[0;32mI (939) wifi: Telemetry → 192.0.2.1:5005 | Commands ← port 5006[0m
[0;32mI (944) nanolite: read-only PX4 pose bridge ready: 20Hz max_age=250ms key=25cm/15deg[0m
[0;32mI (951) nanolite: NANOTOF enabled: interval=1000ms tuple=distance_mm,column,timestamp_us,age_ms yaw_deg=s0:45,s1:0,s2:315,s3:270,s4:225,s5:180,s6:135,s7:90[0m
[0;32mI (945) s3 ll_cam: DMA Channel=0[0m
[0;33mW (945) mission: NANOLITE BENCH MODE: navigation and mission tasks are disabled[0m
[0;32mI (968) cam_hal: cam init ok[0m
[0;32mI (975) mission: All tasks spawned[0m
[0;32mI (977) sccb-ng: pin_sda 40 pin_scl 39[0m
[0;32mI (980) main_task: Returned from app_main()[0m
[0;32mI (984) sccb-ng: sccb_i2c_port=1[0m
[1;31mE (1003) camera: Detected camera not supported.[0m
[1;31mE (1004) camera: Camera probe failed with error 0x106(ESP_ERR_NOT_SUPPORTED)[0m
[1;31mE (1004) apriltag_detect: Camera Init Failed[0m
Guru Meditation Error: Core  1 panic'ed (IllegalInstruction). Exception was unhandled.
Memory dump at 0x42012ef4: e0b4bb81 f01d0008 65201110
--- 0x42012ef4: init_camera at /home/user/urex/firmware/nus_flight_app/main/at_detect.c:155(inlined by) at_detect_task at /home/user/urex/firmware/nus_flight_app/main/at_detect.c:277
Core  1 register dump:
PC      : 0x42012efa  PS      : 0x00060830  A0      : 0x00000000  A1      : 0x3fcdd100  
--- 0x42012efa: at_detect_task at /home/user/urex/firmware/nus_flight_app/main/at_detect.c:442
A2      : 0x00000000  A3      : 0x00000000  A4      : 0x00000000  A5      : 0x00000000  
A6      : 0x00000000  A7      : 0x00000000  A8      : 0x82012efa  A9      : 0x3fcdd0a0  
A10     : 0x00000001  A11     : 0x3c0c7030  A12     : 0x3c0c7040  A13     : 0x000003ec  
A14     : 0x3c0c7030  A15     : 0x000003ec  SAR     : 0x00000004  EXCCAUSE: 0x00000000  
EXCVADDR: 0x00000000  LBEG    : 0x400556d5  LEND    : 0x400556e5  LCOUNT  : 0xfffffffb  
--- 0x400556d5: strlen in ROM
--- 0x400556e5: strlen in ROM


Backtrace: 0x42012ef7:0x3fcdd100
--- 0x42012ef7: init_camera at /home/user/urex/firmware/nus_flight_app/main/at_detect.c:155(inlined by) at_detect_task at /home/user/urex/firmware/nus_flight_app/main/at_detect.c:277




ELF file SHA256: 11c2a2d03

Rebooting...
ESP-ROM:esp32s3-20210327
Build:Mar 27 2021
rst:0xc (RTC_SW_CPU_RST),boot:0xb (SPI_FAST_FLASH_BOOT)
Saved PC:0x40380406
--- 0x40380406: esp_cpu_wait_for_intr at /home/user/.espressif/v6.0.2/esp-idf/components/esp_hw_support/cpu.c:64
SPIWP:0xee
mode:DIO, clock div:1
load:0x3fce2820,len:0x14f0
load:0x403c8700,len:0xda0
--- 0x403c8700: _stext at ??:?
load:0x403cb700,len:0x2f54
entry 0x403c8908
--- 0x403c8908: call_start_cpu0 at /home/user/.espressif/v6.0.2/esp-idf/components/bootloader/subproject/main/bootloader_start.c:27
[0;32mI (24) boot: ESP-IDF v6.0.2 2nd stage bootloader[0m
[0;32mI (24) boot: compile time Sep  6 2026 22:47:32[0m
[0;32mI (24) boot: Multicore bootloader[0m
[0;32mI (25) boot: chip revision: v0.2[0m
[0;32mI (27) boot: efuse block revision: v1.3[0m
[0;32mI (31) boot.esp32s3: Boot SPI Speed : 80MHz[0m
[0;32mI (34) boot.esp32s3: SPI Mode       : DIO[0m
[0;32mI (38) boot.esp32s3: SPI Flash Size : 8MB[0m
[0;32mI (42) boot: Enabling RNG early entropy source...[0m
[0;32mI (46) boot: Partition Table:[0m
[0;32mI (49) boot: ## Label            Usage          Type ST Offset   Length[0m
[0;32mI (55) boot:  0 nvs              WiFi data        01 02 00009000 00006000[0m
[0;32mI (62) boot:  1 phy_init         RF data          01 01 0000f000 00001000[0m
[0;32mI (68) boot:  2 factory          factory app      00 00 00010000 00177000[0m
[0;32mI (75) boot: End of partition table[0m
[0;32mI (78) esp_image: segment 0: paddr=00010020 vaddr=3c0c0020 size=38764h (231268) map[0m
[0;32mI (128) esp_image: segment 1: paddr=0004878c vaddr=3fca0e00 size=0788ch ( 30860) load[0m
[0;32mI (135) esp_image: segment 2: paddr=00050020 vaddr=42000020 size=bd0c0h (774336) map[0m
[0;32mI (277) esp_image: segment 3: paddr=0010d0e8 vaddr=3fca868c size=0032ch (   812) load[0m
[0;32mI (278) esp_image: segment 4: paddr=0010d41c vaddr=40378000 size=18d60h (101728) load[0m
[0;32mI (305) esp_image: segment 5: paddr=00126184 vaddr=50000000 size=00024h (    36) load[0m
[0;32mI (316) boot: Loaded app from partition at offset 0x10000[0m
[0;32mI (316) boot: Disabling RNG early entropy source...[0m
[0;32mI (326) octal_psram: vendor id    : 0x0d (AP)[0m
[0;32mI (327) octal_psram: dev id       : 0x02 (generation 3)[0m
[0;32mI (327) octal_psram: density      : 0x03 (64 Mbit)[0m
[0;32mI (329) octal_psram: good-die     : 0x01 (Pass)[0m
[0;32mI (333) octal_psram: Latency      : 0x01 (Fixed)[0m
[0;32mI (337) octal_psram: VCC          : 0x01 (3V)[0m
[0;32mI (341) octal_psram: SRF          : 0x01 (Fast Refresh)[0m
[0;32mI (346) octal_psram: BurstType    : 0x01 (Hybrid Wrap)[0m
[0;32mI (351) octal_psram: BurstLen     : 0x01 (32 Byte)[0m
[0;32mI (356) octal_psram: Readlatency  : 0x02 (10 cycles@Fixed)[0m
[0;32mI (361) octal_psram: DriveStrength: 0x00 (1/1)[0m
[0;32mI (365) MSPI Timing: Enter psram timing tuning[0m
[0;32mI (370) esp_psram: Found 8MB PSRAM device[0m
[0;32mI (373) esp_psram: Speed: 80MHz[0m
[0;32mI (376) cpu_start: Multicore app[0m
[0;32mI (664) esp_psram: SPI SRAM memory test OK[0m
[0;32mI (672) cpu_start: GPIO 44 and 43 are used as console UART I/O pins[0m
[0;32mI (673) cpu_start: Pro cpu start user code[0m
[0;32mI (673) cpu_start: cpu freq: 240000000 Hz[0m
[0;32mI (675) app_init: Application information:[0m
[0;32mI (679) app_init: Project name:     esp-everything[0m
[0;32mI (683) app_init: App version:      99cde05-dirty[0m
[0;32mI (687) app_init: Compile time:     Sep 10 2026 22:00:00[0m
[0;32mI (693) app_init: ELF file SHA256:  11c2a2d03...[0m
[0;32mI (697) app_init: ESP-IDF:          v6.0.2[0m
[0;32mI (701) efuse_init: Min chip rev:     v0.0[0m
[0;32mI (704) efuse_init: Max chip rev:     v0.99 [0m
[0;32mI (708) efuse_init: Chip rev:         v0.2[0m
[0;32mI (712) heap_init: Initializing. RAM available for dynamic allocation:[0m
[0;32mI (719) heap_init: At 3FCB9E40 len 0002F8D0 (190 KiB): RAM[0m
[0;32mI (724) heap_init: At 3FCE9710 len 00005724 (21 KiB): RAM[0m
[0;32mI (729) heap_init: At 600FE000 len 00001FE8 (7 KiB): RTCRAM[0m
[0;32mI (734) esp_psram: Adding pool of 8192K of PSRAM memory to heap allocator[0m
[0;32mI (741) spi_flash: detected chip: gd[0m
[0;32mI (744) spi_flash: flash io: dio[0m
[0;32mI (747) sleep_gpio: Configure to isolate all GPIO pins in sleep state[0m
[0;32mI (753) sleep_gpio: Enable automatic switching of GPIO sleep configuration[0m
[0;32mI (760) main_task: Started on CPU0[0m
[0;32mI (763) esp_psram: Reserving pool of 32K of internal memory for DMA/internal allocations[0m
[0;32mI (771) main_task: Calling app_main()[0m
[0;32mI (774) mission: ESP starting[0m
[0;32mI (791) pp: pp rom version: e7ae62f[0m
[0;32mI (792) net80211: net80211 rom version: e7ae62f[0m
[0;32mI (793) wifi:wifi driver task: 3fcc9ac8, prio:23, stack:6656, core=0[0m
[0;32mI (801) wifi:wifi firmware version: 00ad238[0m
[0;32mI (801) wifi:wifi certification version: v7.0[0m
[0;32mI (802) wifi:config NVS flash: enabled[0m
[0;32mI (805) wifi:config nano formatting: disabled[0m
[0;32mI (810) wifi:Init data frame dynamic rx buffer num: 32[0m
[0;32mI (815) wifi:Init static rx mgmt buffer num: 5[0m
[0;32mI (819) wifi:Init management short buffer num: 32[0m
[0;32mI (823) wifi:Init dynamic tx buffer num: 32[0m
[0;32mI (827) wifi:Init static tx FG buffer num: 2[0m
[0;32mI (831) wifi:Init static rx buffer size: 1600[0m
[0;32mI (835) wifi:Init static rx buffer num: 10[0m
[0;32mI (839) wifi:Init dynamic rx buffer num: 32[0m
[0;32mI (843) wifi_init: rx ba win: 6[0m
[0;32mI (846) wifi_init: accept mbox: 6[0m
[0;32mI (849) wifi_init: tcpip mbox: 32[0m
[0;32mI (852) wifi_init: udp mbox: 6[0m
[0;32mI (854) wifi_init: tcp mbox: 6[0m
[0;32mI (857) wifi_init: tcp tx win: 5760[0m
[0;32mI (860) wifi_init: tcp rx win: 5760[0m
[0;32mI (864) wifi_init: tcp mss: 1440[0m
[0;32mI (867) wifi_init: WiFi IRAM OP enabled[0m
[0;32mI (870) wifi_init: WiFi RX IRAM OP enabled[0m
[0;33mW (874) wifi:Password length matches WPA2 standards, authmode threshold changes from OPEN to WPA2[0m
[0;32mI (883) phy_init: phy_version 712,87e8c20e,Apr 13 2026,18:51:10[0m
[0;32mI (921) wifi:mode : sta (98:a3:16:f7:04:b4)[0m
[0;32mI (922) wifi:enable tsf[0m
[0;32mI (924) wifi: Connecting to '<redacted-ssid>'...[0m
[0;32mI (925) mav: UART1 ready: TX=GPIO5 RX=GPIO4 @ 921600 baud[0m
[0;32mI (926) mav: Requested PX4 position + attitude at 20 Hz[0m
[0;32mI (931) tof: I2C master bus created[0m
[0;32mI (934) tof: TCA9548A registered[0m
[0;32mI (938) wifi: Telemetry → 192.0.2.1:5005 | Commands ← port 5006[0m
[0;33mW (943) mission: NANOLITE BENCH MODE: navigation and mission tasks are disabled[0m
[0;32mI (950) mission: All tasks spawned[0m
[0;32mI (944) s3 ll_cam: DMA Channel=0[0m
[0;32mI (944) nanolite: read-only PX4 pose bridge ready: 20Hz max_age=250ms key=25cm/15deg[0m
[0;32mI (964) nanolite: NANOTOF enabled: interval=1000ms tuple=distance_mm,column,timestamp_us,age_ms yaw_deg=s0:45,s1:0,s2:315,s3:270,s4:225,s5:180,s6:135,s7:90[0m
[0;32mI (956) cam_hal: cam init ok[0m
[0;32mI (953) main_task: Returned from app_main()[0m
[0;32mI (980) sccb-ng: pin_sda 40 pin_scl 39[0m
[0;32mI (987) sccb-ng: sccb_i2c_port=1[0m
[1;31mE (1003) camera: Detected camera not supported.[0m
[1;31mE (1004) camera: Camera probe failed with error 0x106(ESP_ERR_NOT_SUPPORTED)[0m
[1;31mE (1004) apriltag_detect: Camera Init Failed[0m
Guru Meditation Error: Core  1 panic'ed (IllegalInstruction). Exception was unhandled.
Memory dump at 0x42012ef4: e0b4bb81 f01d0008 65201110
--- 0x42012ef4: init_camera at /home/user/urex/firmware/nus_flight_app/main/at_detect.c:155(inlined by) at_detect_task at /home/user/urex/firmware/nus_flight_app/main/at_detect.c:277
Core  1 register dump:
PC      : 0x42012efa  PS      : 0x00060830  A0      : 0x00000000  A1      : 0x3fcdd100  
--- 0x42012efa: at_detect_task at /home/user/urex/firmware/nus_flight_app/main/at_detect.c:442
A2      : 0x00000000  A3      : 0x00000000  A4      : 0x00000000  A5      : 0x00000000  
A6      : 0x00000000  A7      : 0x00000000  A8      : 0x82012efa  A9      : 0x3fcdd0a0  
A10     : 0x00000001  A11     : 0x3c0c7030  A12     : 0x3c0c7040  A13     : 0x000003ec  
A14     : 0x3c0c7030  A15     : 0x000003ec  SAR     : 0x00000004  EXCCAUSE: 0x00000000  
EXCVADDR: 0x00000000  LBEG    : 0x400556d5  LEND    : 0x400556e5  LCOUNT  : 0xfffffffb  
--- 0x400556d5: strlen in ROM
--- 0x400556e5: strlen in ROM


Backtrace: 0x42012ef7:0x3fcdd100
--- 0x42012ef7: init_camera at /home/user/urex/firmware/nus_flight_app/main/at_detect.c:155(inlined by) at_detect_task at /home/user/urex/firmware/nus_flight_app/main/at_detect.c:277




ELF file SHA256: 11c2a2d03

Rebooting...
ESP-ROM:esp32s3-20210327
Build:Mar 27 2021
rst:0xc (RTC_SW_CPU_RST),boot:0xb (SPI_FAST_FLASH_BOOT)
Saved PC:0x40380406
--- 0x40380406: esp_cpu_wait_for_intr at /home/user/.espressif/v6.0.2/esp-idf/components/esp_hw_support/cpu.c:64
SPIWP:0xee
mode:DIO, clock div:1
load:0x3fce2820,len:0x14f0
load:0x403c8700,len:0xda0
--- 0x403c8700: _stext at ??:?
load:0x403cb700,len:0x2f54
entry 0x403c8908
--- 0x403c8908: call_start_cpu0 at /home/user/.espressif/v6.0.2/esp-idf/components/bootloader/subproject/main/bootloader_start.c:27
[0;32mI (24) boot: ESP-IDF v6.0.2 2nd stage bootloader[0m
[0;32mI (24) boot: compile time Sep  6 2026 22:47:32[0m
[0;32mI (24) boot: Multicore bootloader[0m
[0;32mI (25) boot: chip revision: v0.2[0m
[0;32mI (27) boot: efuse block revision: v1.3[0m
[0;32mI (31) boot.esp32s3: Boot SPI Speed : 80MHz[0m
[0;32mI (34) boot.esp32s3: SPI Mode       : DIO[0m
[0;32mI (38) boot.esp32s3: SPI Flash Size : 8MB[0m
[0;32mI (42) boot: Enabling RNG early entropy source...[0m
[0;32mI (46) boot: Partition Table:[0m
[0;32mI (49) boot: ## Label            Usage          Type ST Offset   Length[0m
[0;32mI (55) boot:  0 nvs              WiFi data        01 02 00009000 00006000[0m
[0;32mI (62) boot:  1 phy_init         RF data          01 01 0000f000 00001000[0m
[0;32mI (68) boot:  2 factory          factory app      00 00 00010000 00177000[0m
[0;32mI (75) boot: End of partition table[0m
[0;32mI (78) esp_image: segment 0: paddr=00010020 vaddr=3c0c0020 size=38764h (231268) map[0m
[0;32mI (128) esp_image: segment 1: paddr=0004878c vaddr=3fca0e00 size=0788ch ( 30860) load[0m
[0;32mI (135) esp_image: segment 2: paddr=00050020 vaddr=42000020 size=bd0c0h (774336) map[0m
[0;32mI (277) esp_image: segment 3: paddr=0010d0e8 vaddr=3fca868c size=0032ch (   812) load[0m
[0;32mI (278) esp_image: segment 4: paddr=0010d41c vaddr=40378000 size=18d60h (101728) load[0m
[0;32mI (305) esp_image: segment 5: paddr=00126184 vaddr=50000000 size=00024h (    36) load[0m
[0;32mI (316) boot: Loaded app from partition at offset 0x10000[0m
[0;32mI (316) boot: Disabling RNG early entropy source...[0m
[0;32mI (326) octal_psram: vendor id    : 0x0d (AP)[0m
[0;32mI (327) octal_psram: dev id       : 0x02 (generation 3)[0m
[0;32mI (327) octal_psram: density      : 0x03 (64 Mbit)[0m
[0;32mI (329) octal_psram: good-die     : 0x01 (Pass)[0m
[0;32mI (333) octal_psram: Latency      : 0x01 (Fixed)[0m
[0;32mI (337) octal_psram: VCC          : 0x01 (3V)[0m
[0;32mI (341) octal_psram: SRF          : 0x01 (Fast Refresh)[0m
[0;32mI (346) octal_psram: BurstType    : 0x01 (Hybrid Wrap)[0m
[0;32mI (351) octal_psram: BurstLen     : 0x01 (32 Byte)[0m
[0;32mI (356) octal_psram: Readlatency  : 0x02 (10 cycles@Fixed)[0m
[0;32mI (361) octal_psram: DriveStrength: 0x00 (1/1)[0m
[0;32mI (365) MSPI Timing: Enter psram timing tuning[0m
[0;32mI (370) esp_psram: Found 8MB PSRAM device[0m
[0;32mI (373) esp_psram: Speed: 80MHz[0m
[0;32mI (376) cpu_start: Multicore app[0m
[0;32mI (664) esp_psram: SPI SRAM memory test OK[0m
[0;32mI (672) cpu_start: GPIO 44 and 43 are used as console UART I/O pins[0m
[0;32mI (673) cpu_start: Pro cpu start user code[0m
[0;32mI (673) cpu_start: cpu freq: 240000000 Hz[0m
[0;32mI (675) app_init: Application information:[0m
[0;32mI (679) app_init: Project name:     esp-everything[0m
[0;32mI (683) app_init: App version:      99cde05-dirty[0m
[0;32mI (687) app_init: Compile time:     Sep 10 2026 22:00:00[0m
[0;32mI (693) app_init: ELF file SHA256:  11c2a2d03...[0m
[0;32mI (697) app_init: ESP-IDF:          v6.0.2[0m
[0;32mI (701) efuse_init: Min chip rev:     v0.0[0m
[0;32mI (704) efuse_init: Max chip rev:     v0.99 [0m
[0;32mI (708) efuse_init: Chip rev:         v0.2[0m
[0;32mI (712) heap_init: Initializing. RAM available for dynamic allocation:[0m
[0;32mI (719) heap_init: At 3FCB9E40 len 0002F8D0 (190 KiB): RAM[0m
[0;32mI (724) heap_init: At 3FCE9710 len 00005724 (21 KiB): RAM[0m
[0;32mI (729) heap_init: At 600FE000 len 00001FE8 (7 KiB): RTCRAM[0m
[0;32mI (734) esp_psram: Adding pool of 8192K of PSRAM memory to heap allocator[0m
[0;32mI (741) spi_flash: detected chip: gd[0m
[0;32mI (744) spi_flash: flash io: dio[0m
[0;32mI (747) sleep_gpio: Configure to isolate all GPIO pins in sleep state[0m
[0;32mI (753) sleep_gpio: Enable automatic switching of GPIO sleep configuration[0m
[0;32mI (760) main_task: Started on CPU0[0m
[0;32mI (763) esp_psram: Reserving pool of 32K of internal memory for DMA/internal allocations[0m
[0;32mI (771) main_task: Calling app_main()[0m
[0;32mI (774) mission: ESP starting[0m
[0;32mI (791) pp: pp rom version: e7ae62f[0m
[0;32mI (792) net80211: net80211 rom version: e7ae62f[0m
[0;32mI (793) wifi:wifi driver task: 3fcc9ac8, prio:23, stack:6656, core=0[0m
[0;32mI (801) wifi:wifi firmware version: 00ad238[0m
[0;32mI (801) wifi:wifi certification version: v7.0[0m
[0;32mI (802) wifi:config NVS flash: enabled[0m
[0;32mI (805) wifi:config nano formatting: disabled[0m
[0;32mI (810) wifi:Init data frame dynamic rx buffer num: 32[0m
[0;32mI (815) wifi:Init static rx mgmt buffer num: 5[0m
[0;32mI (819) wifi:Init management short buffer num: 32[0m
[0;32mI (823) wifi:Init dynamic tx buffer num: 32[0m
[0;32mI (827) wifi:Init static tx FG buffer num: 2[0m
[0;32mI (831) wifi:Init static rx buffer size: 1600[0m
[0;32mI (835) wifi:Init static rx buffer num: 10[0m
[0;32mI (839) wifi:Init dynamic rx buffer num: 32[0m
[0;32mI (843) wifi_init: rx ba win: 6[0m
[0;32mI (846) wifi_init: accept mbox: 6[0m
[0;32mI (849) wifi_init: tcpip mbox: 32[0m
[0;32mI (852) wifi_init: udp mbox: 6[0m
[0;32mI (854) wifi_init: tcp mbox: 6[0m
[0;32mI (857) wifi_init: tcp tx win: 5760[0m
[0;32mI (860) wifi_init: tcp rx win: 5760[0m
[0;32mI (864) wifi_init: tcp mss: 1440[0m
[0;32mI (867) wifi_init: WiFi IRAM OP enabled[0m
[0;32mI (870) wifi_init: WiFi RX IRAM OP enabled[0m
[0;33mW (874) wifi:Password length matches WPA2 standards, authmode threshold changes from OPEN to WPA2[0m
[0;32mI (883) phy_init: phy_version 712,87e8c20e,Apr 13 2026,18:51:10[0m
[0;32mI (921) wifi:mode : sta (98:a3:16:f7:04:b4)[0m
[0;32mI (922) wifi:enable tsf[0m
[0;32mI (924) wifi: Connecting to '<redacted-ssid>'...[0m
[0;32mI (925) mav: UART1 ready: TX=GPIO5 RX=GPIO4 @ 921600 baud[0m
[0;32mI (926) mav: Requested PX4 position + attitude at 20 Hz[0m
[0;32mI (931) tof: I2C master bus created[0m
[0;32mI (934) tof: TCA9548A registered[0m
[0;32mI (938) wifi: Telemetry → 192.0.2.1:5005 | Commands ← port 5006[0m
[0;33mW (944) mission: NANOLITE BENCH MODE: navigation and mission tasks are disabled[0m
[0;32mI (944) s3 ll_cam: DMA Channel=0[0m
[0;32mI (944) nanolite: read-only PX4 pose bridge ready: 20Hz max_age=250ms key=25cm/15deg[0m
[0;32mI (961) nanolite: NANOTOF enabled: interval=1000ms tuple=distance_mm,column,timestamp_us,age_ms yaw_deg=s0:45,s1:0,s2:315,s3:270,s4:225,s5:180,s6:135,s7:90[0m
[0;32mI (953) cam_hal: cam init ok[0m
[0;32mI (950) mission: All tasks spawned[0m
[0;32mI (977) sccb-ng: pin_sda 40 pin_scl 39[0m
[0;32mI (980) main_task: Returned from app_main()[0m
[0;32mI (983) sccb-ng: sccb_i2c_port=1[0m
[1;31mE (1003) camera: Detected camera not supported.[0m
[1;31mE (1004) camera: Camera probe failed with error 0x106(ESP_ERR_NOT_SUPPORTED)[0m
[1;31mE (1004) apriltag_detect: Camera Init Failed[0m
Guru Meditation Error: Core  1 panic'ed (IllegalInstruction). Exception was unhandled.
Memory dump at 0x42012ef4: e0b4bb81 f01d0008 65201110
--- 0x42012ef4: init_camera at /home/user/urex/firmware/nus_flight_app/main/at_detect.c:155(inlined by) at_detect_task at /home/user/urex/firmware/nus_flight_app/main/at_detect.c:277
Core  1 register dump:
PC      : 0x42012efa  PS      : 0x00060830  A0      : 0x00000000  A1      : 0x3fcdd100  
--- 0x42012efa: at_detect_task at /home/user/urex/firmware/nus_flight_app/main/at_detect.c:442
A2      : 0x00000000  A3      : 0x00000000  A4      : 0x00000000  A5      : 0x00000000  
A6      : 0x00000000  A7      : 0x00000000  A8      : 0x82012efa  A9      : 0x3fcdd0a0  
A10     : 0x00000001  A11     : 0x3c0c7030  A12     : 0x3c0c7040  A13     : 0x000003ec  
A14     : 0x3c0c7030  A15     : 0x000003ec  SAR     : 0x00000004  EXCCAUSE: 0x00000000  
EXCVADDR: 0x00000000  LBEG    : 0x400556d5  LEND    : 0x400556e5  LCOUNT  : 0xfffffffb  
--- 0x400556d5: strlen in ROM
--- 0x400556e5: strlen in ROM


Backtrace: 0x42012ef7:0x3fcdd100
--- 0x42012ef7: init_camera at /home/user/urex/firmware/nus_flight_app/main/at_detect.c:155(inlined by) at_detect_task at /home/user/urex/firmware/nus_flight_app/main/at_detect.c:277




ELF file SHA256: 11c2a2d03

Rebooting...
ESP-ROM:esp32s3-20210327
Build:Mar 27 2021
rst:0xc (RTC_SW_CPU_RST),boot:0xb (SPI_FAST_FLASH_BOOT)
Saved PC:0x40380406
--- 0x40380406: esp_cpu_wait_for_intr at /home/user/.espressif/v6.0.2/esp-idf/components/esp_hw_support/cpu.c:64
SPIWP:0xee
mode:DIO, clock div:1
load:0x3fce2820,len:0x14f0
load:0x403c8700,len:0xda0
--- 0x403c8700: _stext at ??:?
load:0x403cb700,len:0x2f54
entry 0x403c8908
--- 0x403c8908: call_start_cpu0 at /home/user/.espressif/v6.0.2/esp-idf/components/bootloader/subproject/main/bootloader_start.c:27
[0;32mI (24) boot: ESP-IDF v6.0.2 2nd stage bootloader[0m
[0;32mI (24) boot: compile time Sep  6 2026 22:47:32[0m
[0;32mI (24) boot: Multicore bootloader[0m
[0;32mI (25) boot: chip revision: v0.2[0m
[0;32mI (27) boot: efuse block revision: v1.3[0m
[0;32mI (31) boot.esp32s3: Boot SPI Speed : 80MHz[0m
[0;32mI (34) boot.esp32s3: SPI Mode       : DIO[0m
[0;32mI (38) boot.esp32s3: SPI Flash Size : 8MB[0m
[0;32mI (42) boot: Enabling RNG early entropy source...[0m
[0;32mI (46) boot: Partition Table:[0m
[0;32mI (49) boot: ## Label            Usage          Type ST Offset   Length[0m
[0;32mI (55) boot:  0 nvs              WiFi data        01 02 00009000 00006000[0m
[0;32mI (62) boot:  1 phy_init         RF data          01 01 0000f000 00001000[0m
[0;32mI (68) boot:  2 factory          factory app      00 00 00010000 00177000[0m
[0;32mI (75) boot: End of partition table[0m
[0;32mI (78) esp_image: segment 0: paddr=00010020 vaddr=3c0c0020 size=38764h (231268) map[0m
[0;32mI (128) esp_image: segment 1: paddr=0004878c vaddr=3fca0e00 size=0788ch ( 30860) load[0m
[0;32mI (135) esp_image: segment 2: paddr=00050020 vaddr=42000020 size=bd0c0h (774336) map[0m
[0;32mI (277) esp_image: segment 3: paddr=0010d0e8 vaddr=3fca868c size=0032ch (   812) load[0m
[0;32mI (278) esp_image: segment 4: paddr=0010d41c vaddr=40378000 size=18d60h (101728) load[0m
[0;32mI (305) esp_image: segment 5: paddr=00126184 vaddr=50000000 size=00024h (    36) load[0m
[0;32mI (316) boot: Loaded app from partition at offset 0x10000[0m
[0;32mI (316) boot: Disabling RNG early entropy source...[0m
[0;32mI (326) octal_psram: vendor id    : 0x0d (AP)[0m
[0;32mI (327) octal_psram: dev id       : 0x02 (generation 3)[0m
[0;32mI (327) octal_psram: density      : 0x03 (64 Mbit)[0m
[0;32mI (329) octal_psram: good-die     : 0x01 (Pass)[0m
[0;32mI (333) octal_psram: Latency      : 0x01 (Fixed)[0m
[0;32mI (337) octal_psram: VCC          : 0x01 (3V)[0m
[0;32mI (341) octal_psram: SRF          : 0x01 (Fast Refresh)[0m
[0;32mI (346) octal_psram: BurstType    : 0x01 (Hybrid Wrap)[0m
[0;32mI (351) octal_psram: BurstLen     : 0x01 (32 Byte)[0m
[0;32mI (356) octal_psram: Readlatency  : 0x02 (10 cycles@Fixed)[0m
[0;32mI (361) octal_psram: DriveStrength: 0x00 (1/1)[0m
[0;32mI (365) MSPI Timing: Enter psram timing tuning[0m
[0;32mI (370) esp_psram: Found 8MB PSRAM device[0m
[0;32mI (373) esp_psram: Speed: 80MHz[0m
[0;32mI (376) cpu_start: Multicore app[0m
[0;32mI (664) esp_psram: SPI SRAM memory test OK[0m
[0;32mI (672) cpu_start: GPIO 44 and 43 are used as console UART I/O pins[0m
[0;32mI (673) cpu_start: Pro cpu start user code[0m
[0;32mI (673) cpu_start: cpu freq: 240000000 Hz[0m
[0;32mI (675) app_init: Application information:[0m
[0;32mI (679) app_init: Project name:     esp-everything[0m
[0;32mI (683) app_init: App version:      99cde05-dirty[0m
[0;32mI (687) app_init: Compile time:     Sep 10 2026 22:00:00[0m
[0;32mI (693) app_init: ELF file SHA256:  11c2a2d03...[0m
[0;32mI (697) app_init: ESP-IDF:          v6.0.2[0m
[0;32mI (701) efuse_init: Min chip rev:     v0.0[0m
[0;32mI (704) efuse_init: Max chip rev:     v0.99 [0m
[0;32mI (708) efuse_init: Chip rev:         v0.2[0m
[0;32mI (712) heap_init: Initializing. RAM available for dynamic allocation:[0m
[0;32mI (719) heap_init: At 3FCB9E40 len 0002F8D0 (190 KiB): RAM[0m
[0;32mI (724) heap_init: At 3FCE9710 len 00005724 (21 KiB): RAM[0m
[0;32mI (729) heap_init: At 600FE000 len 00001FE8 (7 KiB): RTCRAM[0m
[0;32mI (734) esp_psram: Adding pool of 8192K of PSRAM memory to heap allocator[0m
[0;32mI (741) spi_flash: detected chip: gd[0m
[0;32mI (744) spi_flash: flash io: dio[0m
[0;32mI (747) sleep_gpio: Configure to isolate all GPIO pins in sleep state[0m
[0;32mI (753) sleep_gpio: Enable automatic switching of GPIO sleep configuration[0m
[0;32mI (760) main_task: Started on CPU0[0m
[0;32mI (763) esp_psram: Reserving pool of 32K of internal memory for DMA/internal allocations[0m
[0;32mI (771) main_task: Calling app_main()[0m
[0;32mI (774) mission: ESP starting[0m
[0;32mI (791) pp: pp rom version: e7ae62f[0m
[0;32mI (792) net80211: net80211 rom version: e7ae62f[0m
[0;32mI (793) wifi:wifi driver task: 3fcc9ac8, prio:23, stack:6656, core=0[0m
[0;32mI (801) wifi:wifi firmware version: 00ad238[0m
[0;32mI (801) wifi:wifi certification version: v7.0[0m
[0;32mI (802) wifi:config NVS flash: enabled[0m
[0;32mI (805) wifi:config nano formatting: disabled[0m
[0;32mI (810) wifi:Init data frame dynamic rx buffer num: 32[0m
[0;32mI (815) wifi:Init static rx mgmt buffer num: 5[0m
[0;32mI (819) wifi:Init management short buffer num: 32[0m
[0;32mI (823) wifi:Init dynamic tx buffer num: 32[0m
[0;32mI (827) wifi:Init static tx FG buffer num: 2[0m
[0;32mI (831) wifi:Init static rx buffer size: 1600[0m
[0;32mI (835) wifi:Init static rx buffer num: 10[0m
[0;32mI (839) wifi:Init dynamic rx buffer num: 32[0m
[0;32mI (843) wifi_init: rx ba win: 6[0m
[0;32mI (846) wifi_init: accept mbox: 6[0m
[0;32mI (849) wifi_init: tcpip mbox: 32[0m
[0;32mI (852) wifi_init: udp mbox: 6[0m
[0;32mI (854) wifi_init: tcp mbox: 6[0m
[0;32mI (857) wifi_init: tcp tx win: 5760[0m
[0;32mI (860) wifi_init: tcp rx win: 5760[0m
[0;32mI (864) wifi_init: tcp mss: 1440[0m
[0;32mI (867) wifi_init: WiFi IRAM OP enabled[0m
[0;32mI (870) wifi_init: WiFi RX IRAM OP enabled[0m
[0;33mW (874) wifi:Password length matches WPA2 standards, authmode threshold changes from OPEN to WPA2[0m
[0;32mI (883) phy_init: phy_version 712,87e8c20e,Apr 13 2026,18:51:10[0m
[0;32mI (921) wifi:mode : sta (98:a3:16:f7:04:b4)[0m
[0;32mI (922) wifi:enable tsf[0m
[0;32mI (924) wifi: Connecting to '<redacted-ssid>'...[0m
[0;32mI (925) mav: UART1 ready: TX=GPIO5 RX=GPIO4 @ 921600 baud[0m
[0;32mI (926) mav: Requested PX4 position + attitude at 20 Hz[0m
[0;32mI (931) tof: I2C master bus created[0m
[0;32mI (934) tof: TCA9548A registered[0m
[0;32mI (938) wifi: Telemetry → 192.0.2.1:5005 | Commands ← port 5006[0m
[0;32mI (944) nanolite: read-only PX4 pose bridge ready: 20Hz max_age=250ms key=25cm/15deg[0m
[0;33mW (945) mission: NANOLITE BENCH MODE: navigation and mission tasks are disabled[0m
[0;32mI (945) s3 ll_cam: DMA Channel=0[0m
[0;32mI (950) nanolite: NANOTOF enabled: interval=1000ms tuple=distance_mm,column,timestamp_us,age_ms yaw_deg=s0:45,s1:0,s2:315,s3:270,s4:225,s5:180,s6:135,s7:90[0m
[0;32mI (958) mission: All tasks spawned[0m
[0;32mI (960) cam_hal: cam init ok[0m
[0;32mI (977) main_task: Returned from app_main()[0m
[0;32mI (980) sccb-ng: pin_sda 40 pin_scl 39[0m
[0;32mI (987) sccb-ng: sccb_i2c_port=1[0m
[1;31mE (1003) camera: Detected camera not supported.[0m
[1;31mE (1004) camera: Camera probe failed with error 0x106(ESP_ERR_NOT_SUPPORTED)[0m
[1;31mE (1004) apriltag_detect: Camera Init Failed[0m
Guru Meditation Error: Core  1 panic'ed (IllegalInstruction). Exception was unhandled.
Memory dump at 0x42012ef4: e0b4bb81 f01d0008 65201110
--- 0x42012ef4: init_camera at /home/user/urex/firmware/nus_flight_app/main/at_detect.c:155(inlined by) at_detect_task at /home/user/urex/firmware/nus_flight_app/main/at_detect.c:277
Core  1 register dump:
PC      : 0x42012efa  PS      : 0x00060830  A0      : 0x00000000  A1      : 0x3fcdd100  
--- 0x42012efa: at_detect_task at /home/user/urex/firmware/nus_flight_app/main/at_detect.c:442
A2      : 0x00000000  A3      : 0x00000000  A4      : 0x00000000  A5      : 0x00000000  
A6      : 0x00000000  A7      : 0x00000000  A8      : 0x82012efa  A9      : 0x3fcdd0a0  
A10     : 0x00000001  A11     : 0x3c0c7030  A12     : 0x3c0c7040  A13     : 0x000003ec  
A14     : 0x3c0c7030  A15     : 0x000003ec  SAR     : 0x00000004  EXCCAUSE: 0x00000000  
EXCVADDR: 0x00000000  LBEG    : 0x400556d5  LEND    : 0x400556e5  LCOUNT  : 0xfffffffb  
--- 0x400556d5: strlen in ROM
--- 0x400556e5: strlen in ROM


Backtrace: 0x42012ef7:0x3fcdd100
--- 0x42012ef7: init_camera at /home/user/urex/firmware/nus_flight_app/main/at_detect.c:155(inlined by) at_detect_task at /home/user/urex/firmware/nus_flight_app/main/at_detect.c:277




ELF file SHA256: 11c2a2d03

Rebooting...
ESP-ROM:esp32s3-20210327
Build:Mar 27 2021
rst:0xc (RTC_SW_CPU_RST),boot:0xb (SPI_FAST_FLASH_BOOT)
Saved PC:0x40380406
--- 0x40380406: esp_cpu_wait_for_intr at /home/user/.espressif/v6.0.2/esp-idf/components/esp_hw_support/cpu.c:64
SPIWP:0xee
mode:DIO, clock div:1
load:0x3fce2820,len:0x14f0
load:0x403c8700,len:0xda0
--- 0x403c8700: _stext at ??:?
load:0x403cb700,len:0x2f54
entry 0x403c8908
--- 0x403c8908: call_start_cpu0 at /home/user/.espressif/v6.0.2/esp-idf/components/bootloader/subproject/main/bootloader_start.c:27
[0;32mI (24) boot: ESP-IDF v6.0.2 2nd stage bootloader[0m
[0;32mI (24) boot: compile time Sep  6 2026 22:47:32[0m
[0;32mI (24) boot: Multicore bootloader[0m
[0;32mI (25) boot: chip revision: v0.2[0m
[0;32mI (27) boot: efuse block revision: v1.3[0m
[0;32mI (31) boot.esp32s3: Boot SPI Speed : 80MHz[0m
[0;32mI (34) boot.esp32s3: SPI Mode       : DIO[0m
[0;32mI (38) boot.esp32s3: SPI Flash Size : 8MB[0m
[0;32mI (42) boot: Enabling RNG early entropy source...[0m
[0;32mI (46) boot: Partition Table:[0m
[0;32mI (49) boot: ## Label            Usage          Type ST Offset   Length[0m
[0;32mI (55) boot:  0 nvs              WiFi data        01 02 00009000 00006000[0m
[0;32mI (62) boot:  1 phy_init         RF data          01 01 0000f000 00001000[0m
[0;32mI (68) boot:  2 factory          factory app      00 00 00010000 00177000[0m
[0;32mI (75) boot: End of partition table[0m
[0;32mI (78) esp_image: segment 0: paddr=00010020 vaddr=3c0c0020 size=38764h (231268) map[0m
[0;32mI (128) esp_image: segment 1: paddr=0004878c vaddr=3fca0e00 size=0788ch ( 30860) load[0m
[0;32mI (135) esp_image: segment 2: paddr=00050020 vaddr=42000020 size=bd0c0h (774336) map[0m
[0;32mI (277) esp_image: segment 3: paddr=0010d0e8 vaddr=3fca868c size=0032ch (   812) load[0m
[0;32mI (278) esp_image: segment 4: paddr=0010d41c vaddr=40378000 size=18d60h (101728) load[0m
[0;32mI (305) esp_image: segment 5: paddr=00126184 vaddr=50000000 size=00024h (    36) load[0m
[0;32mI (316) boot: Loaded app from partition at offset 0x10000[0m
[0;32mI (316) boot: Disabling RNG early entropy source...[0m
[0;32mI (326) octal_psram: vendor id    : 0x0d (AP)[0m
[0;32mI (327) octal_psram: dev id       : 0x02 (generation 3)[0m
[0;32mI (327) octal_psram: density      : 0x03 (64 Mbit)[0m
[0;32mI (329) octal_psram: good-die     : 0x01 (Pass)[0m
[0;32mI (333) octal_psram: Latency      : 0x01 (Fixed)[0m
[0;32mI (337) octal_psram: VCC          : 0x01 (3V)[0m
[0;32mI (341) octal_psram: SRF          : 0x01 (Fast Refresh)[0m
[0;32mI (346) octal_psram: BurstType    : 0x01 (Hybrid Wrap)[0m
[0;32mI (351) octal_psram: BurstLen     : 0x01 (32 Byte)[0m
[0;32mI (356) octal_psram: Readlatency  : 0x02 (10 cycles@Fixed)[0m
[0;32mI (361) octal_psram: DriveStrength: 0x00 (1/1)[0m
[0;32mI (365) MSPI Timing: Enter psram timing tuning[0m
[0;32mI (370) esp_psram: Found 8MB PSRAM device[0m
[0;32mI (373) esp_psram: Speed: 80MHz[0m
[0;32mI (376) cpu_start: Multicore app[0m
[0;32mI (664) esp_psram: SPI SRAM memory test OK[0m
[0;32mI (672) cpu_start: GPIO 44 and 43 are used as console UART I/O pins[0m
[0;32mI (673) cpu_start: Pro cpu start user code[0m
[0;32mI (673) cpu_start: cpu freq: 240000000 Hz[0m
[0;32mI (675) app_init: Application information:[0m
[0;32mI (679) app_init: Project name:     esp-everything[0m
[0;32mI (683) app_init: App version:      99cde05-dirty[0m
[0;32mI (687) app_init: Compile time:     Sep 10 2026 22:00:00[0m
[0;32mI (693) app_init: ELF file SHA256:  11c2a2d03...[0m
[0;32mI (697) app_init: ESP-IDF:          v6.0.2[0m
[0;32mI (701) efuse_init: Min chip rev:     v0.0[0m
[0;32mI (704) efuse_init: Max chip rev:     v0.99 [0m
[0;32mI (708) efuse_init: Chip rev:         v0.2[0m
[0;32mI (712) heap_init: Initializing. RAM available for dynamic allocation:[0m
[0;32mI (719) heap_init: At 3FCB9E40 len 0002F8D0 (190 KiB): RAM[0m
[0;32mI (724) heap_init: At 3FCE9710 len 00005724 (21 KiB): RAM[0m
[0;32mI (729) heap_init: At 600FE000 len 00001FE8 (7 KiB): RTCRAM[0m
[0;32mI (734) esp_psram: Adding pool of 8192K of PSRAM memory to heap allocator[0m
[0;32mI (741) spi_flash: detected chip: gd[0m
[0;32mI (744) spi_flash: flash io: dio[0m
[0;32mI (747) sleep_gpio: Configure to isolate all GPIO pins in sleep state[0m
[0;32mI (753) sleep_gpio: Enable automatic switching of GPIO sleep configuration[0m
[0;32mI (760) main_task: Started on CPU0[0m
[0;32mI (763) esp_psram: Reserving pool of 32K of internal memory for DMA/internal allocations[0m
[0;32mI (771) main_task: Calling app_main()[0m
[0;32mI (774) mission: ESP starting[0m
[0;32mI (791) pp: pp rom version: e7ae62f[0m
[0;32mI (792) net80211: net80211 rom version: e7ae62f[0m
[0;32mI (793) wifi:wifi driver task: 3fcc9ac8, prio:23, stack:6656, core=0[0m
[0;32mI (801) wifi:wifi firmware version: 00ad238[0m
[0;32mI (801) wifi:wifi certification version: v7.0[0m
[0;32mI (802) wifi:config NVS flash: enabled[0m
[0;32mI (805) wifi:config nano formatting: disabled[0m
[0;32mI (810) wifi:Init data frame dynamic rx buffer num: 32[0m
[0;32mI (815) wifi:Init static rx mgmt buffer num: 5[0m
[0;32mI (819) wifi:Init management short buffer num: 32[0m
[0;32mI (823) wifi:Init dynamic tx buffer num: 32[0m
[0;32mI (827) wifi:Init static tx FG buffer num: 2[0m
[0;32mI (831) wifi:Init static rx buffer size: 1600[0m
[0;32mI (835) wifi:Init static rx buffer num: 10[0m
[0;32mI (839) wifi:Init dynamic rx buffer num: 32[0m
[0;32mI (843) wifi_init: rx ba win: 6[0m
[0;32mI (846) wifi_init: accept mbox: 6[0m
[0;32mI (849) wifi_init: tcpip mbox: 32[0m
[0;32mI (852) wifi_init: udp mbox: 6[0m
[0;32mI (854) wifi_init: tcp mbox: 6[0m
[0;32mI (857) wifi_init: tcp tx win: 5760[0m
[0;32mI (860) wifi_init: tcp rx win: 5760[0m
[0;32mI (864) wifi_init: tcp mss: 1440[0m
[0;32mI (867) wifi_init: WiFi IRAM OP enabled[0m
[0;32mI (870) wifi_init: WiFi RX IRAM OP enabled[0m
[0;33mW (874) wifi:Password length matches WPA2 standards, authmode threshold changes from OPEN to WPA2[0m
[0;32mI (883) phy_init: phy_version 712,87e8c20e,Apr 13 2026,18:51:10[0m
[0;32mI (921) wifi:mode : sta (98:a3:16:f7:04:b4)[0m
[0;32mI (922) wifi:enable tsf[0m
[0;32mI (924) wifi: Connecting to '<redacted-ssid>'...[0m
[0;32mI (925) mav: UART1 ready: TX=GPIO5 RX=GPIO4 @ 921600 baud[0m
[0;32mI (926) mav: Requested PX4 position + attitude at 20 Hz[0m
[0;32mI (931) tof: I2C master bus created[0m
[0;32mI (934) tof: TCA9548A registered[0m
[0;32mI (939) wifi: Telemetry → 192.0.2.1:5005 | Commands ← port 5006[0m
[0;33mW (944) mission: NANOLITE BENCH MODE: navigation and mission tasks are disabled[0m
[0;32mI (944) s3 ll_cam: DMA Channel=0[0m
[0;32mI (945) nanolite: read-only PX4 pose bridge ready: 20Hz max_age=250ms key=25cm/15deg[0m
[0;32mI (961) nanolite: NANOTOF enabled: interval=1000ms tuple=distance_mm,column,timestamp_us,age_ms yaw_deg=s0:45,s1:0,s2:315,s3:270,s4:225,s5:180,s6:135,s7:90[0m
[0;32mI (953) cam_hal: cam init ok[0m
[0;32mI (950) mission: All tasks spawned[0m
[0;32mI (977) sccb-ng: pin_sda 40 pin_scl 39[0m
[0;32mI (980) main_task: Returned from app_main()[0m
[0;32mI (983) sccb-ng: sccb_i2c_port=1[0m
[1;31mE (1003) camera: Detected camera not supported.[0m
[1;31mE (1004) camera: Camera probe failed with error 0x106(ESP_ERR_NOT_SUPPORTED)[0m
[1;31mE (1004) apriltag_detect: Camera Init Failed[0m
Guru Meditation Error: Core  1 panic'ed (IllegalInstruction). Exception was unhandled.
Memory dump at 0x42012ef4: e0b4bb81 f01d0008 65201110
--- 0x42012ef4: init_camera at /home/user/urex/firmware/nus_flight_app/main/at_detect.c:155(inlined by) at_detect_task at /home/user/urex/firmware/nus_flight_app/main/at_detect.c:277
Core  1 register dump:
PC      : 0x42012efa  PS      : 0x00060830  A0      : 0x00000000  A1      : 0x3fcdd100  
--- 0x42012efa: at_detect_task at /home/user/urex/firmware/nus_flight_app/main/at_detect.c:442
A2      : 0x00000000  A3      : 0x00000000  A4      : 0x00000000  A5      : 0x00000000  
A6      : 0x00000000  A7      : 0x00000000  A8      : 0x82012efa  A9      : 0x3fcdd0a0  
A10     : 0x00000001  A11     : 0x3c0c7030  A12     : 0x3c0c7040  A13     : 0x000003ec  
A14     : 0x3c0c7030  A15     : 0x000003ec  SAR     : 0x00000004  EXCCAUSE: 0x00000000  
EXCVADDR: 0x00000000  LBEG    : 0x400556d5  LEND    : 0x400556e5  LCOUNT  : 0xfffffffb  
--- 0x400556d5: strlen in ROM
--- 0x400556e5: strlen in ROM


Backtrace: 0x42012ef7:0x3fcdd100
--- 0x42012ef7: init_camera at /home/user/urex/firmware/nus_flight_app/main/at_detect.c:155(inlined by) at_detect_task at /home/user/urex/firmware/nus_flight_app/main/at_detect.c:277




ELF file SHA256: 11c2a2d03

Rebooting...
ESP-ROM:esp32s3-20210327
Build:Mar 27 2021
rst:0xc (RTC_SW_CPU_RST),boot:0xb (SPI_FAST_FLASH_BOOT)
Saved PC:0x40380406
--- 0x40380406: esp_cpu_wait_for_intr at /home/user/.espressif/v6.0.2/esp-idf/components/esp_hw_support/cpu.c:64
SPIWP:0xee
mode:DIO, clock div:1
load:0x3fce2820,len:0x14f0
load:0x403c8700,len:0xda0
--- 0x403c8700: _stext at ??:?
load:0x403cb700,len:0x2f54
entry 0x403c8908
--- 0x403c8908: call_start_cpu0 at /home/user/.espressif/v6.0.2/esp-idf/components/bootloader/subproject/main/bootloader_start.c:27
[0;32mI (24) boot: ESP-IDF v6.0.2 2nd stage bootloader[0m
[0;32mI (24) boot: compile time Sep  6 2026 22:47:32[0m
[0;32mI (24) boot: Multicore bootloader[0m
[0;32mI (25) boot: chip revision: v0.2[0m
[0;32mI (27) boot: efuse block revision: v1.3[0m
[0;32mI (31) boot.esp32s3: Boot SPI Speed : 80MHz[0m
[0;32mI (34) boot.esp32s3: SPI Mode       : DIO[0m
[0;32mI (38) boot.esp32s3: SPI Flash Size : 8MB[0m
[0;32mI (42) boot: Enabling RNG early entropy source...[0m
[0;32mI (46) boot: Partition Table:[0m
[0;32mI (49) boot: ## Label            Usage          Type ST Offset   Length[0m
[0;32mI (55) boot:  0 nvs              WiFi data        01 02 00009000 00006000[0m
[0;32mI (62) boot:  1 phy_init         RF data          01 01 0000f000 00001000[0m
[0;32mI (68) boot:  2 factory          factory app      00 00 00010000 00177000[0m
[0;32mI (75) boot: End of partition table[0m
[0;32mI (78) esp_image: segment 0: paddr=00010020 vaddr=3c0c0020 size=38764h (231268) map[0m
[0;32mI (128) esp_image: segment 1: paddr=0004878c vaddr=3fca0e00 size=0788ch ( 30860) load[0m
[0;32mI (135) esp_image: segment 2: paddr=00050020 vaddr=42000020 size=bd0c0h (774336) map[0m
[0;32mI (278) esp_image: segment 3: paddr=0010d0e8 vaddr=3fca868c size=0032ch (   812) load[0m
[0;32mI (278) esp_image: segment 4: paddr=0010d41c vaddr=40378000 size=18d60h (101728) load[0m
[0;32mI (305) esp_image: segment 5: paddr=00126184 vaddr=50000000 size=00024h (    36) load[0m
[0;32mI (316) boot: Loaded app from partition at offset 0x10000[0m
[0;32mI (316) boot: Disabling RNG early entropy source...[0m
[0;32mI (327) octal_psram: vendor id    : 0x0d (AP)[0m
[0;32mI (327) octal_psram: dev id       : 0x02 (generation 3)[0m
[0;32mI (327) octal_psram: density      : 0x03 (64 Mbit)[0m
[0;32mI (329) octal_psram: good-die     : 0x01 (Pass)[0m
[0;32mI (333) octal_psram: Latency      : 0x01 (Fixed)[0m
[0;32mI (337) octal_psram: VCC          : 0x01 (3V)[0m
[0;32mI (342) octal_psram: SRF          : 0x01 (Fast Refresh)[0m
[0;32mI (346) octal_psram: BurstType    : 0x01 (Hybrid Wrap)[0m
[0;32mI (351) octal_psram: BurstLen     : 0x01 (32 Byte)[0m
[0;32mI (356) octal_psram: Readlatency  : 0x02 (10 cycles@Fixed)[0m
[0;32mI (361) octal_psram: DriveStrength: 0x00 (1/1)[0m
[0;32mI (365) MSPI Timing: Enter psram timing tuning[0m
[0;32mI (370) esp_psram: Found 8MB PSRAM device[0m
[0;32mI (373) esp_psram: Speed: 80MHz[0m
[0;32mI (376) cpu_start: Multicore app[0m
[0;32mI (664) esp_psram: SPI SRAM memory test OK[0m
[0;32mI (673) cpu_start: GPIO 44 and 43 are used as console UART I/O pins[0m
[0;32mI (673) cpu_start: Pro cpu start user code[0m
[0;32mI (673) cpu_start: cpu freq: 240000000 Hz[0m
[0;32mI (675) app_init: Application information:[0m
[0;32mI (679) app_init: Project name:     esp-everything[0m
[0;32mI (683) app_init: App version:      99cde05-dirty[0m
[0;32mI (688) app_init: Compile time:     Sep 10 2026 22:00:00[0m
[0;32mI (693) app_init: ELF file SHA256:  11c2a2d03...[0m
[0;32mI (697) app_init: ESP-IDF:          v6.0.2[0m
[0;32mI (701) efuse_init: Min chip rev:     v0.0[0m
[0;32mI (705) efuse_init: Max chip rev:     v0.99 [0m
[0;32mI (709) efuse_init: Chip rev:         v0.2[0m
[0;32mI (712) heap_init: Initializing. RAM available for dynamic allocation:[0m
[0;32mI (719) heap_init: At 3FCB9E40 len 0002F8D0 (190 KiB): RAM[0m
[0;32mI (724) heap_init: At 3FCE9710 len 00005724 (21 KiB): RAM[0m
[0;32mI (729) heap_init: At 600FE000 len 00001FE8 (7 KiB): RTCRAM[0m
[0;32mI (734) esp_psram: Adding pool of 8192K of PSRAM memory to heap allocator[0m
[0;32mI (742) spi_flash: detected chip: gd[0m
[0;32mI (744) spi_flash: flash io: dio[0m
[0;32mI (747) sleep_gpio: Configure to isolate all GPIO pins in sleep state[0m
[0;32mI (753) sleep_gpio: Enable automatic switching of GPIO sleep configuration[0m
[0;32mI (760) main_task: Started on CPU0[0m
[0;32mI (763) esp_psram: Reserving pool of 32K of internal memory for DMA/internal allocations[0m
[0;32mI (771) main_task: Calling app_main()[0m
[0;32mI (774) mission: ESP starting[0m
[0;32mI (791) pp: pp rom version: e7ae62f[0m
[0;32mI (792) net80211: net80211 rom version: e7ae62f[0m
[0;32mI (793) wifi:wifi driver task: 3fcc9ac8, prio:23, stack:6656, core=0[0m
[0;32mI (801) wifi:wifi firmware version: 00ad238[0m
[0;32mI (801) wifi:wifi certification version: v7.0[0m
[0;32mI (802) wifi:config NVS flash: enabled[0m
[0;32mI (805) wifi:config nano formatting: disabled[0m
[0;32mI (810) wifi:Init data frame dynamic rx buffer num: 32[0m
[0;32mI (815) wifi:Init static rx mgmt buffer num: 5[0m
[0;32mI (819) wifi:Init management short buffer num: 32[0m
[0;32mI (823) wifi:Init dynamic tx buffer num: 32[0m
[0;32mI (827) wifi:Init static tx FG buffer num: 2[0m
[0;32mI (831) wifi:Init static rx buffer size: 1600[0m
[0;32mI (835) wifi:Init static rx buffer num: 10[0m
[0;32mI (839) wifi:Init dynamic rx buffer num: 32[0m
[0;32mI (843) wifi_init: rx ba win: 6[0m
[0;32mI (846) wifi_init: accept mbox: 6[0m
[0;32mI (849) wifi_init: tcpip mbox: 32[0m
[0;32mI (852) wifi_init: udp mbox: 6[0m
[0;32mI (854) wifi_init: tcp mbox: 6[0m
[0;32mI (857) wifi_init: tcp tx win: 5760[0m
[0;32mI (860) wifi_init: tcp rx win: 5760[0m
[0;32mI (864) wifi_init: tcp mss: 1440[0m
[0;32mI (867) wifi_init: WiFi IRAM OP enabled[0m
[0;32mI (870) wifi_init: WiFi RX IRAM OP enabled[0m
[0;33mW (874) wifi:Password length matches WPA2 standards, authmode threshold changes from OPEN to WPA2[0m
[0;32mI (883) phy_init: phy_version 712,87e8c20e,Apr 13 2026,18:51:10[0m
[0;32mI (922) wifi:mode : sta (98:a3:16:f7:04:b4)[0m
[0;32mI (923) wifi:enable tsf[0m
[0;32mI (925) wifi: Connecting to '<redacted-ssid>'...[0m
[0;32mI (926) mav: UART1 ready: TX=GPIO5 RX=GPIO4 @ 921600 baud[0m
[0;32mI (927) mav: Requested PX4 position + attitude at 20 Hz[0m
[0;32mI (932) tof: I2C master bus created[0m
[0;32mI (935) tof: TCA9548A registered[0m
[0;32mI (939) wifi: Telemetry → 192.0.2.1:5005 | Commands ← port 5006[0m
[0;33mW (945) mission: NANOLITE BENCH MODE: navigation and mission tasks are disabled[0m
[0;32mI (945) s3 ll_cam: DMA Channel=0[0m
[0;32mI (946) nanolite: read-only PX4 pose bridge ready: 20Hz max_age=250ms key=25cm/15deg[0m
[0;32mI (962) nanolite: NANOTOF enabled: interval=1000ms tuple=distance_mm,column,timestamp_us,age_ms yaw_deg=s0:45,s1:0,s2:315,s3:270,s4:225,s5:180,s6:135,s7:90[0m
[0;32mI (954) cam_hal: cam init ok[0m
[0;32mI (951) mission: All tasks spawned[0m
[0;32mI (978) sccb-ng: pin_sda 40 pin_scl 39[0m
[0;32mI (981) main_task: Returned from app_main()[0m
[0;32mI (984) sccb-ng: sccb_i2c_port=1[0m
[1;31mE (1004) camera: Detected camera not supported.[0m
[1;31mE (1005) camera: Camera probe failed with error 0x106(ESP_ERR_NOT_SUPPORTED)[0m
[1;31mE (1005) apriltag_detect: Camera Init Failed[0m
Guru Meditation Error: Core  1 panic'ed (IllegalInstruction). Exception was unhandled.
Memory dump at 0x42012ef4: e0b4bb81 f01d0008 65201110
--- 0x42012ef4: init_camera at /home/user/urex/firmware/nus_flight_app/main/at_detect.c:155(inlined by) at_detect_task at /home/user/urex/firmware/nus_flight_app/main/at_detect.c:277
Core  1 register dump:
PC      : 0x42012efa  PS      : 0x00060830  A0      : 0x00000000  A1      : 0x3fcdd100  
--- 0x42012efa: at_detect_task at /home/user/urex/firmware/nus_flight_app/main/at_detect.c:442
A2      : 0x00000000  A3      : 0x00000000  A4      : 0x00000000  A5      : 0x00000000  
A6      : 0x00000000  A7      : 0x00000000  A8      : 0x82012efa  A9      : 0x3fcdd0a0  
A10     : 0x00000001  A11     : 0x3c0c7030  A12     : 0x3c0c7040  A13     : 0x000003ed  
A14     : 0x3c0c7030  A15     : 0x000003ed  SAR     : 0x00000004  EXCCAUSE: 0x00000000  
EXCVADDR: 0x00000000  LBEG    : 0x400556d5  LEND    : 0x400556e5  LCOUNT  : 0xfffffffb  
--- 0x400556d5: strlen in ROM
--- 0x400556e5: strlen in ROM


Backtrace: 0x42012ef7:0x3fcdd100
--- 0x42012ef7: init_camera at /home/user/urex/firmware/nus_flight_app/main/at_detect.c:155(inlined by) at_detect_task at /home/user/urex/firmware/nus_flight_app/main/at_detect.c:277




ELF file SHA256: 11c2a2d03

Rebooting...
ESP-ROM:esp32s3-20210327
Build:Mar 27 2021
rst:0xc (RTC_SW_CPU_RST),boot:0xb (SPI_FAST_FLASH_BOOT)
Saved PC:0x40380406
--- 0x40380406: esp_cpu_wait_for_intr at /home/user/.espressif/v6.0.2/esp-idf/components/esp_hw_support/cpu.c:64
SPIWP:0xee
mode:DIO, clock div:1
load:0x3fce2820,len:0x14f0
load:0x403c8700,len:0xda0
--- 0x403c8700: _stext at ??:?
load:0x403cb700,len:0x2f54
entry 0x403c8908
--- 0x403c8908: call_start_cpu0 at /home/user/.espressif/v6.0.2/esp-idf/components/bootloader/subproject/main/bootloader_start.c:27
[0;32mI (24) boot: ESP-IDF v6.0.2 2nd stage bootloader[0m
[0;32mI (24) boot: compile time Sep  6 2026 22:47:32[0m
[0;32mI (24) boot: Multicore bootloader[0m
[0;32mI (25) boot: chip revision: v0.2[0m
[0;32mI (27) boot: efuse block revision: v1.3[0m
[0;32mI (31) boot.esp32s3: Boot SPI Speed : 80MHz[0m
[0;32mI (34) boot.esp32s3: SPI Mode       : DIO[0m
[0;32mI (38) boot.esp32s3: SPI Flash Size : 8MB[0m
[0;32mI (42) boot: Enabling RNG early entropy source...[0m
[0;32mI (46) boot: Partition Table:[0m
[0;32mI (49) boot: ## Label            Usage          Type ST Offset   Length[0m
[0;32mI (55) boot:  0 nvs              WiFi data        01 02 00009000 00006000[0m
[0;32mI (62) boot:  1 phy_init         RF data          01 01 0000f000 00001000[0m
[0;32mI (68) boot:  2 factory          factory app      00 00 00010000 00177000[0m
[0;32mI (75) boot: End of partition table[0m
[0;32mI (78) esp_image: segment 0: paddr=00010020 vaddr=3c0c0020 size=38764h (231268) map[0m
[0;32mI (128) esp_image: segment 1: paddr=0004878c vaddr=3fca0e00 size=0788ch ( 30860) load[0m
[0;32mI (135) esp_image: segment 2: paddr=00050020 vaddr=42000020 size=bd0c0h (774336) map[0m
[0;32mI (277) esp_image: segment 3: paddr=0010d0e8 vaddr=3fca868c size=0032ch (   812) load[0m
[0;32mI (278) esp_image: segment 4: paddr=0010d41c vaddr=40378000 size=18d60h (101728) load[0m
[0;32mI (305) esp_image: segment 5: paddr=00126184 vaddr=50000000 size=00024h (    36) load[0m
[0;32mI (316) boot: Loaded app from partition at offset 0x10000[0m
[0;32mI (316) boot: Disabling RNG early entropy source...[0m
[0;32mI (326) octal_psram: vendor id    : 0x0d (AP)[0m
[0;32mI (327) octal_psram: dev id       : 0x02 (generation 3)[0m
[0;32mI (327) octal_psram: density      : 0x03 (64 Mbit)[0m
[0;32mI (329) octal_psram: good-die     : 0x01 (Pass)[0m
[0;32mI (333) octal_psram: Latency      : 0x01 (Fixed)[0m
[0;32mI (337) octal_psram: VCC          : 0x01 (3V)[0m
[0;32mI (341) octal_psram: SRF          : 0x01 (Fast Refresh)[0m
[0;32mI (346) octal_psram: BurstType    : 0x01 (Hybrid Wrap)[0m
[0;32mI (351) octal_psram: BurstLen     : 0x01 (32 Byte)[0m
[0;32mI (356) octal_psram: Readlatency  : 0x02 (10 cycles@Fixed)[0m
[0;32mI (361) octal_psram: DriveStrength: 0x00 (1/1)[0m
[0;32mI (365) MSPI Timing: Enter psram timing tuning[0m
[0;32mI (370) esp_psram: Found 8MB PSRAM device[0m
[0;32mI (373) esp_psram: Speed: 80MHz[0m
[0;32mI (376) cpu_start: Multicore app[0m
[0;32mI (664) esp_psram: SPI SRAM memory test OK[0m
[0;32mI (672) cpu_start: GPIO 44 and 43 are used as console UART I/O pins[0m
[0;32mI (673) cpu_start: Pro cpu start user code[0m
[0;32mI (673) cpu_start: cpu freq: 240000000 Hz[0m
[0;32mI (675) app_init: Application information:[0m
[0;32mI (679) app_init: Project name:     esp-everything[0m
[0;32mI (683) app_init: App version:      99cde05-dirty[0m
[0;32mI (687) app_init: Compile time:     Sep 10 2026 22:00:00[0m
[0;32mI (693) app_init: ELF file SHA256:  11c2a2d03...[0m
[0;32mI (697) app_init: ESP-IDF:          v6.0.2[0m
[0;32mI (701) efuse_init: Min chip rev:     v0.0[0m
[0;32mI (704) efuse_init: Max chip rev:     v0.99 [0m
[0;32mI (708) efuse_init: Chip rev:         v0.2[0m
[0;32mI (712) heap_init: Initializing. RAM available for dynamic allocation:[0m
[0;32mI (719) heap_init: At 3FCB9E40 len 0002F8D0 (190 KiB): RAM[0m
[0;32mI (724) heap_init: At 3FCE9710 len 00005724 (21 KiB): RAM[0m
[0;32mI (729) heap_init: At 600FE000 len 00001FE8 (7 KiB): RTCRAM[0m
[0;32mI (734) esp_psram: Adding pool of 8192K of PSRAM memory to heap allocator[0m
[0;32mI (741) spi_flash: detected chip: gd[0m
[0;32mI (744) spi_flash: flash io: dio[0m
[0;32mI (747) sleep_gpio: Configure to isolate all GPIO pins in sleep state[0m
[0;32mI (753) sleep_gpio: Enable automatic switching of GPIO sleep configuration[0m
[0;32mI (760) main_task: Started on CPU0[0m
[0;32mI (763) esp_psram: Reserving pool of 32K of internal memory for DMA/internal allocations[0m
[0;32mI (771) main_task: Calling app_main()[0m
[0;32mI (774) mission: ESP starting[0m
[0;32mI (791) pp: pp rom version: e7ae62f[0m
[0;32mI (792) net80211: net80211 rom version: e7ae62f[0m
[0;32mI (793) wifi:wifi driver task: 3fcc9ac8, prio:23, stack:6656, core=0[0m
[0;32mI (801) wifi:wifi firmware version: 00ad238[0m
[0;32mI (801) wifi:wifi certification version: v7.0[0m
[0;32mI (802) wifi:config NVS flash: enabled[0m
[0;32mI (805) wifi:config nano formatting: disabled[0m
[0;32mI (810) wifi:Init data frame dynamic rx buffer num: 32[0m
[0;32mI (815) wifi:Init static rx mgmt buffer num: 5[0m
[0;32mI (819) wifi:Init management short buffer num: 32[0m
[0;32mI (823) wifi:Init dynamic tx buffer num: 32[0m
[0;32mI (827) wifi:Init static tx FG buffer num: 2[0m
[0;32mI (831) wifi:Init static rx buffer size: 1600[0m
[0;32mI (835) wifi:Init static rx buffer num: 10[0m
[0;32mI (839) wifi:Init dynamic rx buffer num: 32[0m
[0;32mI (843) wifi_init: rx ba win: 6[0m
[0;32mI (846) wifi_init: accept mbox: 6[0m
[0;32mI (849) wifi_init: tcpip mbox: 32[0m
[0;32mI (852) wifi_init: udp mbox: 6[0m
[0;32mI (854) wifi_init: tcp mbox: 6[0m
[0;32mI (857) wifi_init: tcp tx win: 5760[0m
[0;32mI (860) wifi_init: tcp rx win: 5760[0m
[0;32mI (864) wifi_init: tcp mss: 1440[0m
[0;32mI (867) wifi_init: WiFi IRAM OP enabled[0m
[0;32mI (870) wifi_init: WiFi RX IRAM OP enabled[0m
[0;33mW (874) wifi:Password length matches WPA2 standards, authmode threshold changes from OPEN to WPA2[0m
[0;32mI (883) phy_init: phy_version 712,87e8c20e,Apr 13 2026,18:51:10[0m
[0;32mI (923) wifi:mode : sta (98:a3:16:f7:04:b4)[0m
[0;32mI (924) wifi:enable tsf[0m
[0;32mI (926) wifi: Connecting to '<redacted-ssid>'...[0m
[0;32mI (927) mav: UART1 ready: TX=GPIO5 RX=GPIO4 @ 921600 baud[0m
[0;32mI (928) mav: Requested PX4 position + attitude at 20 Hz[0m
[0;32mI (933) tof: I2C master bus created[0m
[0;32mI (936) tof: TCA9548A registered[0m
[0;32mI (940) wifi: Telemetry → 192.0.2.1:5005 | Commands ← port 5006[0m
[0;33mW (946) mission: NANOLITE BENCH MODE: navigation and mission tasks are disabled[0m
[0;32mI (946) s3 ll_cam: DMA Channel=0[0m
[0;32mI (947) nanolite: read-only PX4 pose bridge ready: 20Hz max_age=250ms key=25cm/15deg[0m
[0;32mI (963) nanolite: NANOTOF enabled: interval=1000ms tuple=distance_mm,column,timestamp_us,age_ms yaw_deg=s0:45,s1:0,s2:315,s3:270,s4:225,s5:180,s6:135,s7:90[0m
[0;32mI (955) cam_hal: cam init ok[0m
[0;32mI (952) mission: All tasks spawned[0m
[0;32mI (979) sccb-ng: pin_sda 40 pin_scl 39[0m
[0;32mI (982) main_task: Returned from app_main()[0m
[0;32mI (985) sccb-ng: sccb_i2c_port=1[0m
[1;31mE (1005) camera: Detected camera not supported.[0m
[1;31mE (1006) camera: Camera probe failed with error 0x106(ESP_ERR_NOT_SUPPORTED)[0m
[1;31mE (1006) apriltag_detect: Camera Init Failed[0m
Guru Meditation Error: Core  1 panic'ed (IllegalInstruction). Exception was unhandled.
Memory dump at 0x42012ef4: e0b4bb81 f01d0008 65201110
--- 0x42012ef4: init_camera at /home/user/urex/firmware/nus_flight_app/main/at_detect.c:155(inlined by) at_detect_task at /home/user/urex/firmware/nus_flight_app/main/at_detect.c:277
Core  1 register dump:
PC      : 0x42012efa  PS      : 0x00060830  A0      : 0x00000000  A1      : 0x3fcdd100  
--- 0x42012efa: at_detect_task at /home/user/urex/firmware/nus_flight_app/main/at_detect.c:442
A2      : 0x00000000  A3      : 0x00000000  A4      : 0x00000000  A5      : 0x00000000  
A6      : 0x00000000  A7      : 0x00000000  A8      : 0x82012efa  A9      : 0x3fcdd0a0  
A10     : 0x00000001  A11     : 0x3c0c7030  A12     : 0x3c0c7040  A13     : 0x000003ee  
A14     : 0x3c0c7030  A15     : 0x000003ee  SAR     : 0x00000004  EXCCAUSE: 0x00000000  
EXCVADDR: 0x00000000  LBEG    : 0x400556d5  LEND    : 0x400556e5  LCOUNT  : 0xfffffffb  
--- 0x400556d5: strlen in ROM
--- 0x400556e5: strlen in ROM


Backtrace: 0x42012ef7:0x3fcdd100
--- 0x42012ef7: init_camera at /home/user/urex/firmware/nus_flight_app/main/at_detect.c:155(inlined by) at_detect_task at /home/user/urex/firmware/nus_flight_app/main/at_detect.c:277




ELF file SHA256: 11c2a2d03

Rebooting...
ESP-ROM:esp32s3-20210327
Build:Mar 27 2021
rst:0xc (RTC_SW_CPU_RST),boot:0xb (SPI_FAST_FLASH_BOOT)
Saved PC:0x40380406
--- 0x40380406: esp_cpu_wait_for_intr at /home/user/.espressif/v6.0.2/esp-idf/components/esp_hw_support/cpu.c:64
SPIWP:0xee
mode:DIO, clock div:1
load:0x3fce2820,len:0x14f0
load:0x403c8700,len:0xda0
--- 0x403c8700: _stext at ??:?
load:0x403cb700,len:0x2f54
entry 0x403c8908
--- 0x403c8908: call_start_cpu0 at /home/user/.espressif/v6.0.2/esp-idf/components/bootloader/subproject/main/bootloader_start.c:27
[0;32mI (24) boot: ESP-IDF v6.0.2 2nd stage bootloader[0m
[0;32mI (24) boot: compile time Sep  6 2026 22:47:32[0m
[0;32mI (24) boot: Multicore bootloader[0m
[0;32mI (25) boot: chip revision: v0.2[0m
[0;32mI (27) boot: efuse block revision: v1.3[0m
[0;32mI (31) boot.esp32s3: Boot SPI Speed : 80MHz[0m
[0;32mI (34) boot.esp32s3: SPI Mode       : DIO[0m
[0;32mI (38) boot.esp32s3: SPI Flash Size : 8MB[0m
[0;32mI (42) boot: Enabling RNG early entropy source...[0m
[0;32mI (46) boot: Partition Table:[0m
[0;32mI (49) boot: ## Label            Usage          Type ST Offset   Length[0m
[0;32mI (55) boot:  0 nvs              WiFi data        01 02 00009000 00006000[0m
[0;32mI (62) boot:  1 phy_init         RF data          01 01 0000f000 00001000[0m
[0;32mI (68) boot:  2 factory          factory app      00 00 00010000 00177000[0m
[0;32mI (75) boot: End of partition table[0m
[0;32mI (78) esp_image: segment 0: paddr=00010020 vaddr=3c0c0020 size=38764h (231268) map[0m
[0;32mI (128) esp_image: segment 1: paddr=0004878c vaddr=3fca0e00 size=0788ch ( 30860) load[0m
[0;32mI (135) esp_image: segment 2: paddr=00050020 vaddr=42000020 size=bd0c0h (774336) map[0m
[0;32mI (277) esp_image: segment 3: paddr=0010d0e8 vaddr=3fca868c size=0032ch (   812) load[0m
[0;32mI (278) esp_image: segment 4: paddr=0010d41c vaddr=40378000 size=18d60h (101728) load[0m
[0;32mI (305) esp_image: segment 5: paddr=00126184 vaddr=50000000 size=00024h (    36) load[0m
[0;32mI (316) boot: Loaded app from partition at offset 0x10000[0m
[0;32mI (316) boot: Disabling RNG early entropy source...[0m
[0;32mI (326) octal_psram: vendor id    : 0x0d (AP)[0m
[0;32mI (327) octal_psram: dev id       : 0x02 (generation 3)[0m
[0;32mI (327) octal_psram: density      : 0x03 (64 Mbit)[0m
[0;32mI (329) octal_psram: good-die     : 0x01 (Pass)[0m
[0;32mI (333) octal_psram: Latency      : 0x01 (Fixed)[0m
[0;32mI (337) octal_psram: VCC          : 0x01 (3V)[0m
[0;32mI (341) octal_psram: SRF          : 0x01 (Fast Refresh)[0m
[0;32mI (346) octal_psram: BurstType    : 0x01 (Hybrid Wrap)[0m
[0;32mI (351) octal_psram: BurstLen     : 0x01 (32 Byte)[0m
[0;32mI (356) octal_psram: Readlatency  : 0x02 (10 cycles@Fixed)[0m
[0;32mI (361) octal_psram: DriveStrength: 0x00 (1/1)[0m
[0;32mI (365) MSPI Timing: Enter psram timing tuning[0m
[0;32mI (370) esp_psram: Found 8MB PSRAM device[0m
[0;32mI (373) esp_psram: Speed: 80MHz[0m
[0;32mI (376) cpu_start: Multicore app[0m
[0;32mI (664) esp_psram: SPI SRAM memory test OK[0m
[0;32mI (672) cpu_start: GPIO 44 and 43 are used as console UART I/O pins[0m
[0;32mI (673) cpu_start: Pro cpu start user code[0m
[0;32mI (673) cpu_start: cpu freq: 240000000 Hz[0m
[0;32mI (675) app_init: Application information:[0m
[0;32mI (679) app_init: Project name:     esp-everything[0m
[0;32mI (683) app_init: App version:      99cde05-dirty[0m
[0;32mI (687) app_init: Compile time:     Sep 10 2026 22:00:00[0m
[0;32mI (693) app_init: ELF file SHA256:  11c2a2d03...[0m
[0;32mI (697) app_init: ESP-IDF:          v6.0.2[0m
[0;32mI (701) efuse_init: Min chip rev:     v0.0[0m
[0;32mI (704) efuse_init: Max chip rev:     v0.99 [0m
[0;32mI (708) efuse_init: Chip rev:         v0.2[0m
[0;32mI (712) heap_init: Initializing. RAM available for dynamic allocation:[0m
[0;32mI (719) heap_init: At 3FCB9E40 len 0002F8D0 (190 KiB): RAM[0m
[0;32mI (724) heap_init: At 3FCE9710 len 00005724 (21 KiB): RAM[0m
[0;32mI (729) heap_init: At 600FE000 len 00001FE8 (7 KiB): RTCRAM[0m
[0;32mI (734) esp_psram: Adding pool of 8192K of PSRAM memory to heap allocator[0m
[0;32mI (741) spi_flash: detected chip: gd[0m
[0;32mI (744) spi_flash: flash io: dio[0m
[0;32mI (747) sleep_gpio: Configure to isolate all GPIO pins in sleep state[0m
[0;32mI (753) sleep_gpio: Enable automatic switching of GPIO sleep configuration[0m
[0;32mI (760) main_task: Started on CPU0[0m
[0;32mI (763) esp_psram: Reserving pool of 32K of internal memory for DMA/internal allocations[0m
[0;32mI (771) main_task: Calling app_main()[0m
[0;32mI (774) mission: ESP starting[0m
[0;32mI (791) pp: pp rom version: e7ae62f[0m
[0;32mI (792) net80211: net80211 rom version: e7ae62f[0m
[0;32mI (793) wifi:wifi driver task: 3fcc9ac8, prio:23, stack:6656, core=0[0m
[0;32mI (801) wifi:wifi firmware version: 00ad238[0m
[0;32mI (801) wifi:wifi certification version: v7.0[0m
[0;32mI (802) wifi:config NVS flash: enabled[0m
[0;32mI (805) wifi:config nano formatting: disabled[0m
[0;32mI (810) wifi:Init data frame dynamic rx buffer num: 32[0m
[0;32mI (815) wifi:Init static rx mgmt buffer num: 5[0m
[0;32mI (819) wifi:Init management short buffer num: 32[0m
[0;32mI (823) wifi:Init dynamic tx buffer num: 32[0m
[0;32mI (827) wifi:Init static tx FG buffer num: 2[0m
[0;32mI (831) wifi:Init static rx buffer size: 1600[0m
[0;32mI (835) wifi:Init static rx buffer num: 10[0m
[0;32mI (839) wifi:Init dynamic rx buffer num: 32[0m
[0;32mI (843) wifi_init: rx ba win: 6[0m
[0;32mI (846) wifi_init: accept mbox: 6[0m
[0;32mI (849) wifi_init: tcpip mbox: 32[0m
[0;32mI (852) wifi_init: udp mbox: 6[0m
[0;32mI (854) wifi_init: tcp mbox: 6[0m
[0;32mI (857) wifi_init: tcp tx win: 5760[0m
[0;32mI (860) wifi_init: tcp rx win: 5760[0m
[0;32mI (864) wifi_init: tcp mss: 1440[0m
[0;32mI (867) wifi_init: WiFi IRAM OP enabled[0m
[0;32mI (870) wifi_init: WiFi RX IRAM OP enabled[0m
[0;33mW (874) wifi:Password length matches WPA2 standards, authmode threshold changes from OPEN to WPA2[0m
[0;32mI (883) phy_init: phy_version 712,87e8c20e,Apr 13 2026,18:51:10[0m
[0;32mI (921) wifi:mode : sta (98:a3:16:f7:04:b4)[0m
[0;32mI (921) wifi:enable tsf[0m
[0;32mI (923) wifi: Connecting to '<redacted-ssid>'...[0m
[0;32mI (925) mav: UART1 ready: TX=GPIO5 RX=GPIO4 @ 921600 baud[0m
[0;32mI (925) mav: Requested PX4 position + attitude at 20 Hz[0m
[0;32mI (931) tof: I2C master bus created[0m
[0;32mI (933) tof: TCA9548A registered[0m
[0;32mI (938) wifi: Telemetry → 192.0.2.1:5005 | Commands ← port 5006[0m
[0;33mW (943) mission: NANOLITE BENCH MODE: navigation and mission tasks are disabled[0m
[0;32mI (944) s3 ll_cam: DMA Channel=0[0m
[0;32mI (944) nanolite: read-only PX4 pose bridge ready: 20Hz max_age=250ms key=25cm/15deg[0m
[0;32mI (960) nanolite: NANOTOF enabled: interval=1000ms tuple=distance_mm,column,timestamp_us,age_ms yaw_deg=s0:45,s1:0,s2:315,s3:270,s4:225,s5:180,s6:135,s7:90[0m
[0;32mI (953) cam_hal: cam init ok[0m
[0;32mI (950) mission: All tasks spawned[0m
[0;32mI (976) sccb-ng: pin_sda 40 pin_scl 39[0m
[0;32mI (979) main_task: Returned from app_main()[0m
[0;32mI (983) sccb-ng: sccb_i2c_port=1[0m
[1;31mE (1002) camera: Detected camera not supported.[0m
[1;31mE (1003) camera: Camera probe failed with error 0x106(ESP_ERR_NOT_SUPPORTED)[0m
[1;31mE (1003) apriltag_detect: Camera Init Failed[0m
Guru Meditation Error: Core  1 panic'ed (IllegalInstruction). Exception was unhandled.
Memory dump at 0x42012ef4: e0b4bb81 f01d0008 65201110
--- 0x42012ef4: init_camera at /home/user/urex/firmware/nus_flight_app/main/at_detect.c:155(inlined by) at_detect_task at /home/user/urex/firmware/nus_flight_app/main/at_detect.c:277
Core  1 register dump:
PC      : 0x42012efa  PS      : 0x00060830  A0      : 0x00000000  A1      : 0x3fcdd100  
--- 0x42012efa: at_detect_task at /home/user/urex/firmware/nus_flight_app/main/at_detect.c:442
A2      : 0x00000000  A3      : 0x00000000  A4      : 0x00000000  A5      : 0x00000000  
A6      : 0x00000000  A7      : 0x00000000  A8      : 0x82012efa  A9      : 0x3fcdd0a0  
A10     : 0x00000001  A11     : 0x3c0c7030  A12     : 0x3c0c7040  A13     : 0x000003eb  
A14     : 0x3c0c7030  A15     : 0x000003eb  SAR     : 0x00000004  EXCCAUSE: 0x00000000  
EXCVADDR: 0x00000000  LBEG    : 0x400556d5  LEND    : 0x400556e5  LCOUNT  : 0xfffffffb  
--- 0x400556d5: strlen in ROM
--- 0x400556e5: strlen in ROM


Backtrace: 0x42012ef7:0x3fcdd100
--- 0x42012ef7: init_camera at /home/user/urex/firmware/nus_flight_app/main/at_detect.c:155(inlined by) at_detect_task at /home/user/urex/firmware/nus_flight_app/main/at_detect.c:277




ELF file SHA256: 11c2a2d03

Rebooting...
ESP-ROM:esp32s3-20210327
Build:Mar 27 2021
rst:0xc (RTC_SW_CPU_RST),boot:0xb (SPI_FAST_FLASH_BOOT)
Saved PC:0x40380406
--- 0x40380406: esp_cpu_wait_for_intr at /home/user/.espressif/v6.0.2/esp-idf/components/esp_hw_support/cpu.c:64
SPIWP:0xee
mode:DIO, clock div:1
load:0x3fce2820,len:0x14f0
load:0x403c8700,len:0xda0
--- 0x403c8700: _stext at ??:?
load:0x403cb700,len:0x2f54
entry 0x403c8908
--- 0x403c8908: call_start_cpu0 at /home/user/.espressif/v6.0.2/esp-idf/components/bootloader/subproject/main/bootloader_start.c:27
[0;32mI (24) boot: ESP-IDF v6.0.2 2nd stage bootloader[0m
[0;32mI (24) boot: compile time Sep  6 2026 22:47:32[0m
[0;32mI (24) boot: Multicore bootloader[0m
[0;32mI (25) boot: chip revision: v0.2[0m
[0;32mI (27) boot: efuse block revision: v1.3[0m
[0;32mI (31) boot.esp32s3: Boot SPI Speed : 80MHz[0m
[0;32mI (34) boot.esp32s3: SPI Mode       : DIO[0m
[0;32mI (38) boot.esp32s3: SPI Flash Size : 8MB[0m
[0;32mI (42) boot: Enabling RNG early entropy source...[0m
[0;32mI (46) boot: Partition Table:[0m
[0;32mI (49) boot: ## Label            Usage          Type ST Offset   Length[0m
[0;32mI (55) boot:  0 nvs              WiFi data        01 02 00009000 00006000[0m
[0;32mI (62) boot:  1 phy_init         RF data          01 01 0000f000 00001000[0m
[0;32mI (68) boot:  2 factory          factory app      00 00 00010000 00177000[0m
[0;32mI (75) boot: End of partition table[0m
[0;32mI (78) esp_image: segment 0: paddr=00010020 vaddr=3c0c0020 size=38764h (231268) map[0m
[0;32mI (128) esp_image: segment 1: paddr=0004878c vaddr=3fca0e00 size=0788ch ( 30860) load[0m
[0;32mI (135) esp_image: segment 2: paddr=00050020 vaddr=42000020 size=bd0c0h (774336) map[0m
[0;32mI (277) esp_image: segment 3: paddr=0010d0e8 vaddr=3fca868c size=0032ch (   812) load[0m
[0;32mI (278) esp_image: segment 4: paddr=0010d41c vaddr=40378000 size=18d60h (101728) load[0m
[0;32mI (305) esp_image: segment 5: paddr=00126184 vaddr=50000000 size=00024h (    36) load[0m
[0;32mI (316) boot: Loaded app from partition at offset 0x10000[0m
[0;32mI (316) boot: Disabling RNG early entropy source...[0m
[0;32mI (326) octal_psram: vendor id    : 0x0d (AP)[0m
[0;32mI (327) octal_psram: dev id       : 0x02 (generation 3)[0m
[0;32mI (327) octal_psram: density      : 0x03 (64 Mbit)[0m
[0;32mI (329) octal_psram: good-die     : 0x01 (Pass)[0m
[0;32mI (333) octal_psram: Latency      : 0x01 (Fixed)[0m
[0;32mI (337) octal_psram: VCC          : 0x01 (3V)[0m
[0;32mI (341) octal_psram: SRF          : 0x01 (Fast Refresh)[0m
[0;32mI (346) octal_psram: BurstType    : 0x01 (Hybrid Wrap)[0m
[0;32mI (351) octal_psram: BurstLen     : 0x01 (32 Byte)[0m
[0;32mI (356) octal_psram: Readlatency  : 0x02 (10 cycles@Fixed)[0m
[0;32mI (361) octal_psram: DriveStrength: 0x00 (1/1)[0m
[0;32mI (365) MSPI Timing: Enter psram timing tuning[0m
[0;32mI (370) esp_psram: Found 8MB PSRAM device[0m
[0;32mI (373) esp_psram: Speed: 80MHz[0m
[0;32mI (376) cpu_start: Multicore app[0m
[0;32mI (664) esp_psram: SPI SRAM memory test OK[0m
[0;32mI (672) cpu_start: GPIO 44 and 43 are used as console UART I/O pins[0m
[0;32mI (673) cpu_start: Pro cpu start user code[0m
[0;32mI (673) cpu_start: cpu freq: 240000000 Hz[0m
[0;32mI (675) app_init: Application information:[0m
[0;32mI (679) app_init: Project name:     esp-everything[0m
[0;32mI (683) app_init: App version:      99cde05-dirty[0m
[0;32mI (687) app_init: Compile time:     Sep 10 2026 22:00:00[0m
[0;32mI (693) app_init: ELF file SHA256:  11c2a2d03...[0m
[0;32mI (697) app_init: ESP-IDF:          v6.0.2[0m
[0;32mI (701) efuse_init: Min chip rev:     v0.0[0m
[0;32mI (704) efuse_init: Max chip rev:     v0.99 [0m
[0;32mI (708) efuse_init: Chip rev:         v0.2[0m
[0;32mI (712) heap_init: Initializing. RAM available for dynamic allocation:[0m
[0;32mI (719) heap_init: At 3FCB9E40 len 0002F8D0 (190 KiB): RAM[0m
[0;32mI (724) heap_init: At 3FCE9710 len 00005724 (21 KiB): RAM[0m
[0;32mI (729) heap_init: At 600FE000 len 00001FE8 (7 KiB): RTCRAM[0m
[0;32mI (734) esp_psram: Adding pool of 8192K of PSRAM memory to heap allocator[0m
[0;32mI (741) spi_flash: detected chip: gd[0m
[0;32mI (744) spi_flash: flash io: dio[0m
[0;32mI (747) sleep_gpio: Configure to isolate all GPIO pins in sleep state[0m
[0;32mI (753) sleep_gpio: Enable automatic switching of GPIO sleep configuration[0m
[0;32mI (760) main_task: Started on CPU0[0m
[0;32mI (763) esp_psram: Reserving pool of 32K of internal memory for DMA/internal allocations[0m
[0;32mI (771) main_task: Calling app_main()[0m
[0;32mI (774) mission: ESP starting[0m
[0;32mI (791) pp: pp rom version: e7ae62f[0m
[0;32mI (792) net80211: net80211 rom version: e7ae62f[0m
[0;32mI (793) wifi:wifi driver task: 3fcc9ac8, prio:23, stack:6656, core=0[0m
[0;32mI (801) wifi:wifi firmware version: 00ad238[0m
[0;32mI (801) wifi:wifi certification version: v7.0[0m
[0;32mI (802) wifi:config NVS flash: enabled[0m
[0;32mI (805) wifi:config nano formatting: disabled[0m
[0;32mI (810) wifi:Init data frame dynamic rx buffer num: 32[0m
[0;32mI (815) wifi:Init static rx mgmt buffer num: 5[0m
[0;32mI (819) wifi:Init management short buffer num: 32[0m
[0;32mI (823) wifi:Init dynamic tx buffer num: 32[0m
[0;32mI (827) wifi:Init static tx FG buffer num: 2[0m
[0;32mI (831) wifi:Init static rx buffer size: 1600[0m
[0;32mI (835) wifi:Init static rx buffer num: 10[0m
[0;32mI (839) wifi:Init dynamic rx buffer num: 32[0m
[0;32mI (843) wifi_init: rx ba win: 6[0m
[0;32mI (846) wifi_init: accept mbox: 6[0m
[0;32mI (849) wifi_init: tcpip mbox: 32[0m
[0;32mI (852) wifi_init: udp mbox: 6[0m
[0;32mI (854) wifi_init: tcp mbox: 6[0m
[0;32mI (857) wifi_init: tcp tx win: 5760[0m
[0;32mI (860) wifi_init: tcp rx win: 5760[0m
[0;32mI (864) wifi_init: tcp mss: 1440[0m
[0;32mI (867) wifi_init: WiFi IRAM OP enabled[0m
[0;32mI (870) wifi_init: WiFi RX IRAM OP enabled[0m
[0;33mW (874) wifi:Password length matches WPA2 standards, authmode threshold changes from OPEN to WPA2[0m
[0;32mI (883) phy_init: phy_version 712,87e8c20e,Apr 13 2026,18:51:10[0m
[0;32mI (921) wifi:mode : sta (98:a3:16:f7:04:b4)[0m
[0;32mI (922) wifi:enable tsf[0m
[0;32mI (924) wifi: Connecting to '<redacted-ssid>'...[0m
[0;32mI (926) mav: UART1 ready: TX=GPIO5 RX=GPIO4 @ 921600 baud[0m
[0;32mI (926) mav: Requested PX4 position + attitude at 20 Hz[0m
[0;32mI (931) tof: I2C master bus created[0m
[0;32mI (934) tof: TCA9548A registered[0m
[0;32mI (938) wifi: Telemetry → 192.0.2.1:5005 | Commands ← port 5006[0m
[0;33mW (944) mission: NANOLITE BENCH MODE: navigation and mission tasks are disabled[0m
[0;32mI (944) s3 ll_cam: DMA Channel=0[0m
[0;32mI (945) nanolite: read-only PX4 pose bridge ready: 20Hz max_age=250ms key=25cm/15deg[0m
[0;32mI (961) nanolite: NANOTOF enabled: interval=1000ms tuple=distance_mm,column,timestamp_us,age_ms yaw_deg=s0:45,s1:0,s2:315,s3:270,s4:225,s5:180,s6:135,s7:90[0m
[0;32mI (953) cam_hal: cam init ok[0m
[0;32mI (950) mission: All tasks spawned[0m
[0;32mI (977) sccb-ng: pin_sda 40 pin_scl 39[0m
[0;32mI (980) main_task: Returned from app_main()[0m
[0;32mI (983) sccb-ng: sccb_i2c_port=1[0m
[1;31mE (1003) camera: Detected camera not supported.[0m
[1;31mE (1004) camera: Camera probe failed with error 0x106(ESP_ERR_NOT_SUPPORTED)[0m
[1;31mE (1004) apriltag_detect: Camera Init Failed[0m
Guru Meditation Error: Core  1 panic'ed (IllegalInstruction). Exception was unhandled.
Memory dump at 0x42012ef4: e0b4bb81 f01d0008 65201110
--- 0x42012ef4: init_camera at /home/user/urex/firmware/nus_flight_app/main/at_detect.c:155(inlined by) at_detect_task at /home/user/urex/firmware/nus_flight_app/main/at_detect.c:277
Core  1 register dump:
PC      : 0x42012efa  PS      : 0x00060830  A0      : 0x00000000  A1      : 0x3fcdd100  
--- 0x42012efa: at_detect_task at /home/user/urex/firmware/nus_flight_app/main/at_detect.c:442
A2      : 0x00000000  A3      : 0x00000000  A4      : 0x00000000  A5      : 0x00000000  
A6      : 0x00000000  A7      : 0x00000000  A8      : 0x82012efa  A9      : 0x3fcdd0a0  
A10     : 0x00000001  A11     : 0x3c0c7030  A12     : 0x3c0c7040  A13     : 0x000003ec  
A14     : 0x3c0c7030  A15     : 0x000003ec  SAR     : 0x00000004  EXCCAUSE: 0x00000000  
EXCVADDR: 0x00000000  LBEG    : 0x400556d5  LEND    : 0x400556e5  LCOUNT  : 0xfffffffb  
--- 0x400556d5: strlen in ROM
--- 0x400556e5: strlen in ROM


Backtrace: 0x42012ef7:0x3fcdd100
--- 0x42012ef7: init_camera at /home/user/urex/firmware/nus_flight_app/main/at_detect.c:155(inlined by) at_detect_task at /home/user/urex/firmware/nus_flight_app/main/at_detect.c:277




ELF file SHA256: 11c2a2d03

Rebooting...
ESP-ROM:esp32s3-20210327
Build:Mar 27 2021
rst:0xc (RTC_SW_CPU_RST),boot:0xb (SPI_FAST_FLASH_BOOT)
Saved PC:0x40380406
--- 0x40380406: esp_cpu_wait_for_intr at /home/user/.espressif/v6.0.2/esp-idf/components/esp_hw_support/cpu.c:64
SPIWP:0xee
mode:DIO, clock div:1
load:0x3fce2820,len:0x14f0
load:0x403c8700,len:0xda0
--- 0x403c8700: _stext at ??:?
load:0x403cb700,len:0x2f54
entry 0x403c8908
--- 0x403c8908: call_start_cpu0 at /home/user/.espressif/v6.0.2/esp-idf/components/bootloader/subproject/main/bootloader_start.c:27
[0;32mI (24) boot: ESP-IDF v6.0.2 2nd stage bootloader[0m
[0;32mI (24) boot: compile time Sep  6 2026 22:47:32[0m
[0;32mI (24) boot: Multicore bootloader[0m
[0;32mI (25) boot: chip revision: v0.2[0m
[0;32mI (27) boot: efuse block revision: v1.3[0m
[0;32mI (31) boot.esp32s3: Boot SPI Speed : 80MHz[0m
[0;32mI (34) boot.esp32s3: SPI Mode       : DIO[0m
[0;32mI (38) boot.esp32s3: SPI Flash Size : 8MB[0m
[0;32mI (42) boot: Enabling RNG early entropy source...[0m
[0;32mI (46) boot: Partition Table:[0m
[0;32mI (49) boot: ## Label            Usage          Type ST Offset   Length[0m
[0;32mI (55) boot:  0 nvs              WiFi data        01 02 00009000 00006000[0m
[0;32mI (62) boot:  1 phy_init         RF data          01 01 0000f000 00001000[0m
[0;32mI (68) boot:  2 factory          factory app      00 00 00010000 00177000[0m
[0;32mI (75) boot: End of partition table[0m
[0;32mI (78) esp_image: segment 0: paddr=00010020 vaddr=3c0c0020 size=38764h (231268) map[0m
[0;32mI (128) esp_image: segment 1: paddr=0004878c vaddr=3fca0e00 size=0788ch ( 30860) load[0m
[0;32mI (135) esp_image: segment 2: paddr=00050020 vaddr=42000020 size=bd0c0h (774336) map[0m
[0;32mI (277) esp_image: segment 3: paddr=0010d0e8 vaddr=3fca868c size=0032ch (   812) load[0m
[0;32mI (278) esp_image: segment 4: paddr=0010d41c vaddr=40378000 size=18d60h (101728) load[0m
[0;32mI (305) esp_image: segment 5: paddr=00126184 vaddr=50000000 size=00024h (    36) load[0m
[0;32mI (316) boot: Loaded app from partition at offset 0x10000[0m
[0;32mI (316) boot: Disabling RNG early entropy source...[0m
[0;32mI (326) octal_psram: vendor id    : 0x0d (AP)[0m
[0;32mI (327) octal_psram: dev id       : 0x02 (generation 3)[0m
[0;32mI (327) octal_psram: density      : 0x03 (64 Mbit)[0m
[0;32mI (329) octal_psram: good-die     : 0x01 (Pass)[0m
[0;32mI (333) octal_psram: Latency      : 0x01 (Fixed)[0m
[0;32mI (337) octal_psram: VCC          : 0x01 (3V)[0m
[0;32mI (341) octal_psram: SRF          : 0x01 (Fast Refresh)[0m
[0;32mI (346) octal_psram: BurstType    : 0x01 (Hybrid Wrap)[0m
[0;32mI (351) octal_psram: BurstLen     : 0x01 (32 Byte)[0m
[0;32mI (356) octal_psram: Readlatency  : 0x02 (10 cycles@Fixed)[0m
[0;32mI (361) octal_psram: DriveStrength: 0x00 (1/1)[0m
[0;32mI (365) MSPI Timing: Enter psram timing tuning[0m
[0;32mI (370) esp_psram: Found 8MB PSRAM device[0m
[0;32mI (373) esp_psram: Speed: 80MHz[0m
[0;32mI (376) cpu_start: Multicore app[0m
[0;32mI (664) esp_psram: SPI SRAM memory test OK[0m
[0;32mI (672) cpu_start: GPIO 44 and 43 are used as console UART I/O pins[0m
[0;32mI (673) cpu_start: Pro cpu start user code[0m
[0;32mI (673) cpu_start: cpu freq: 240000000 Hz[0m
[0;32mI (675) app_init: Application information:[0m
[0;32mI (679) app_init: Project name:     esp-everything[0m
[0;32mI (683) app_init: App version:      99cde05-dirty[0m
[0;32mI (687) app_init: Compile time:     Sep 10 2026 22:00:00[0m
[0;32mI (693) app_init: ELF file SHA256:  11c2a2d03...[0m
[0;32mI (697) app_init: ESP-IDF:          v6.0.2[0m
[0;32mI (701) efuse_init: Min chip rev:     v0.0[0m
[0;32mI (704) efuse_init: Max chip rev:     v0.99 [0m
[0;32mI (708) efuse_init: Chip rev:         v0.2[0m
[0;32mI (712) heap_init: Initializing. RAM available for dynamic allocation:[0m
[0;32mI (719) heap_init: At 3FCB9E40 len 0002F8D0 (190 KiB): RAM[0m
[0;32mI (724) heap_init: At 3FCE9710 len 00005724 (21 KiB): RAM[0m
[0;32mI (729) heap_init: At 600FE000 len 00001FE8 (7 KiB): RTCRAM[0m
[0;32mI (734) esp_psram: Adding pool of 8192K of PSRAM memory to heap allocator[0m
[0;32mI (741) spi_flash: detected chip: gd[0m
[0;32mI (744) spi_flash: flash io: dio[0m
[0;32mI (747) sleep_gpio: Configure to isolate all GPIO pins in sleep state[0m
[0;32mI (753) sleep_gpio: Enable automatic switching of GPIO sleep configuration[0m
[0;32mI (760) main_task: Started on CPU0[0m
[0;32mI (763) esp_psram: Reserving pool of 32K of internal memory for DMA/internal allocations[0m
[0;32mI (771) main_task: Calling app_main()[0m
[0;32mI (774) mission: ESP starting[0m
[0;32mI (791) pp: pp rom version: e7ae62f[0m
[0;32mI (792) net80211: net80211 rom version: e7ae62f[0m
[0;32mI (793) wifi:wifi driver task: 3fcc9ac8, prio:23, stack:6656, core=0[0m
[0;32mI (801) wifi:wifi firmware version: 00ad238[0m
[0;32mI (801) wifi:wifi certification version: v7.0[0m
[0;32mI (802) wifi:config NVS flash: enabled[0m
[0;32mI (805) wifi:config nano formatting: disabled[0m
[0;32mI (810) wifi:Init data frame dynamic rx buffer num: 32[0m
[0;32mI (815) wifi:Init static rx mgmt buffer num: 5[0m
[0;32mI (819) wifi:Init management short buffer num: 32[0m
[0;32mI (823) wifi:Init dynamic tx buffer num: 32[0m
[0;32mI (827) wifi:Init static tx FG buffer num: 2[0m
[0;32mI (831) wifi:Init static rx buffer size: 1600[0m
[0;32mI (835) wifi:Init static rx buffer num: 10[0m
[0;32mI (839) wifi:Init dynamic rx buffer num: 32[0m
[0;32mI (843) wifi_init: rx ba win: 6[0m
[0;32mI (846) wifi_init: accept mbox: 6[0m
[0;32mI (849) wifi_init: tcpip mbox: 32[0m
[0;32mI (852) wifi_init: udp mbox: 6[0m
[0;32mI (854) wifi_init: tcp mbox: 6[0m
[0;32mI (857) wifi_init: tcp tx win: 5760[0m
[0;32mI (860) wifi_init: tcp rx win: 5760[0m
[0;32mI (864) wifi_init: tcp mss: 1440[0m
[0;32mI (867) wifi_init: WiFi IRAM OP enabled[0m
[0;32mI (870) wifi_init: WiFi RX IRAM OP enabled[0m
[0;33mW (874) wifi:Password length matches WPA2 standards, authmode threshold changes from OPEN to WPA2[0m
[0;32mI (883) phy_init: phy_version 712,87e8c20e,Apr 13 2026,18:51:10[0m
[0;32mI (921) wifi:mode : sta (98:a3:16:f7:04:b4)[0m
[0;32mI (922) wifi:enable tsf[0m
[0;32mI (924) wifi: Connecting to '<redacted-ssid>'...[0m
[0;32mI (925) mav: UART1 ready: TX=GPIO5 RX=GPIO4 @ 921600 baud[0m
[0;32mI (926) mav: Requested PX4 position + attitude at 20 Hz[0m
[0;32mI (931) tof: I2C master bus created[0m
[0;32mI (934) tof: TCA9548A registered[0m
[0;32mI (938) wifi: Telemetry → 192.0.2.1:5005 | Commands ← port 5006[0m
[0;33mW (944) mission: NANOLITE BENCH MODE: navigation and mission tasks are disabled[0m
[0;32mI (944) s3 ll_cam: DMA Channel=0[0m
[0;32mI (945) nanolite: read-only PX4 pose bridge ready: 20Hz max_age=250ms key=25cm/15deg[0m
[0;32mI (961) nanolite: NANOTOF enabled: interval=1000ms tuple=distance_mm,column,timestamp_us,age_ms yaw_deg=s0:45,s1:0,s2:315,s3:270,s4:225,s5:180,s6:135,s7:90[0m
[0;32mI (953) cam_hal: cam init ok[0m
[0;32mI (950) mission: All tasks spawned[0m
[0;32mI (977) sccb-ng: pin_sda 40 pin_scl 39[0m
[0;32mI (980) main_task: Returned from app_main()[0m
[0;32mI (983) sccb-ng: sccb_i2c_port=1[0m
[1;31mE (1003) camera: Detected camera not supported.[0m
[1;31mE (1004) camera: Camera probe failed with error 0x106(ESP_ERR_NOT_SUPPORTED)[0m
[1;31mE (1004) apriltag_detect: Camera Init Failed[0m
Guru Meditation Error: Core  1 panic'ed (IllegalInstruction). Exception was unhandled.
Memory dump at 0x42012ef4: e0b4bb81 f01d0008 65201110
--- 0x42012ef4: init_camera at /home/user/urex/firmware/nus_flight_app/main/at_detect.c:155(inlined by) at_detect_task at /home/user/urex/firmware/nus_flight_app/main/at_detect.c:277
Core  1 register dump:
PC      : 0x42012efa  PS      : 0x00060830  A0      : 0x00000000  A1      : 0x3fcdd100  
--- 0x42012efa: at_detect_task at /home/user/urex/firmware/nus_flight_app/main/at_detect.c:442
A2      : 0x00000000  A3      : 0x00000000  A4      : 0x00000000  A5      : 0x00000000  
A6      : 0x00000000  A7      : 0x00000000  A8      : 0x82012efa  A9      : 0x3fcdd0a0  
A10     : 0x00000001  A11     : 0x3c0c7030  A12     : 0x3c0c7040  A13     : 0x000003ec  
A14     : 0x3c0c7030  A15     : 0x000003ec  SAR     : 0x00000004  EXCCAUSE: 0x00000000  
EXCVADDR: 0x00000000  LBEG    : 0x400556d5  LEND    : 0x400556e5  LCOUNT  : 0xfffffffb  
--- 0x400556d5: strlen in ROM
--- 0x400556e5: strlen in ROM


Backtrace: 0x42012ef7:0x3fcdd100
--- 0x42012ef7: init_camera at /home/user/urex/firmware/nus_flight_app/main/at_detect.c:155(inlined by) at_detect_task at /home/user/urex/firmware/nus_flight_app/main/at_detect.c:277




ELF file SHA256: 11c2a2d03

Rebooting...
ESP-ROM:esp32s3-20210327
Build:Mar 27 2021
rst:0xc (RTC_SW_CPU_RST),boot:0xb (SPI_FAST_FLASH_BOOT)
Saved PC:0x40380406
--- 0x40380406: esp_cpu_wait_for_intr at /home/user/.espressif/v6.0.2/esp-idf/components/esp_hw_support/cpu.c:64
SPIWP:0xee
mode:DIO, clock div:1
load:0x3fce2820,len:0x14f0
load:0x403c8700,len:0xda0
--- 0x403c8700: _stext at ??:?
load:0x403cb700,len:0x2f54
entry 0x403c8908
--- 0x403c8908: call_start_cpu0 at /home/user/.espressif/v6.0.2/esp-idf/components/bootloader/subproject/main/bootloader_start.c:27
[0;32mI (24) boot: ESP-IDF v6.0.2 2nd stage bootloader[0m
[0;32mI (24) boot: compile time Sep  6 2026 22:47:32[0m
[0;32mI (24) boot: Multicore bootloader[0m
[0;32mI (25) boot: chip revision: v0.2[0m
[0;32mI (27) boot: efuse block revision: v1.3[0m
[0;32mI (31) boot.esp32s3: Boot SPI Speed : 80MHz[0m
[0;32mI (34) boot.esp32s3: SPI Mode       : DIO[0m
[0;32mI (38) boot.esp32s3: SPI Flash Size : 8MB[0m
[0;32mI (42) boot: Enabling RNG early entropy source...[0m
[0;32mI (46) boot: Partition Table:[0m
[0;32mI (49) boot: ## Label            Usage          Type ST Offset   Length[0m
[0;32mI (55) boot:  0 nvs              WiFi data        01 02 00009000 00006000[0m
[0;32mI (62) boot:  1 phy_init         RF data          01 01 0000f000 00001000[0m
[0;32mI (68) boot:  2 factory          factory app      00 00 00010000 00177000[0m
[0;32mI (75) boot: End of partition table[0m
[0;32mI (78) esp_image: segment 0: paddr=00010020 vaddr=3c0c0020 size=38764h (231268) map[0m
[0;32mI (128) esp_image: segment 1: paddr=0004878c vaddr=3fca0e00 size=0788ch ( 30860) load[0m
[0;32mI (135) esp_image: segment 2: paddr=00050020 vaddr=42000020 size=bd0c0h (774336) map[0m
[0;32mI (277) esp_image: segment 3: paddr=0010d0e8 vaddr=3fca868c size=0032ch (   812) load[0m
[0;32mI (278) esp_image: segment 4: paddr=0010d41c vaddr=40378000 size=18d60h (101728) load[0m
[0;32mI (305) esp_image: segment 5: paddr=00126184 vaddr=50000000 size=00024h (    36) load[0m
[0;32mI (316) boot: Loaded app from partition at offset 0x10000[0m
[0;32mI (316) boot: Disabling RNG early entropy source...[0m
[0;32mI (326) octal_psram: vendor id    : 0x0d (AP)[0m
[0;32mI (327) octal_psram: dev id       : 0x02 (generation 3)[0m
[0;32mI (327) octal_psram: density      : 0x03 (64 Mbit)[0m
[0;32mI (329) octal_psram: good-die     : 0x01 (Pass)[0m
[0;32mI (333) octal_psram: Latency      : 0x01 (Fixed)[0m
[0;32mI (337) octal_psram: VCC          : 0x01 (3V)[0m
[0;32mI (341) octal_psram: SRF          : 0x01 (Fast Refresh)[0m
[0;32mI (346) octal_psram: BurstType    : 0x01 (Hybrid Wrap)[0m
[0;32mI (351) octal_psram: BurstLen     : 0x01 (32 Byte)[0m
[0;32mI (356) octal_psram: Readlatency  : 0x02 (10 cycles@Fixed)[0m
[0;32mI (361) octal_psram: DriveStrength: 0x00 (1/1)[0m
[0;32mI (365) MSPI Timing: Enter psram timing tuning[0m
[0;32mI (370) esp_psram: Found 8MB PSRAM device[0m
[0;32mI (373) esp_psram: Speed: 80MHz[0m
[0;32mI (376) cpu_start: Multicore app[0m
[0;32mI (664) esp_psram: SPI SRAM memory test OK[0m
[0;32mI (672) cpu_start: GPIO 44 and 43 are used as console UART I/O pins[0m
[0;32mI (673) cpu_start: Pro cpu start user code[0m
[0;32mI (673) cpu_start: cpu freq: 240000000 Hz[0m
[0;32mI (675) app_init: Application information:[0m
[0;32mI (679) app_init: Project name:     esp-everything[0m
[0;32mI (683) app_init: App version:      99cde05-dirty[0m
[0;32mI (687) app_init: Compile time:     Sep 10 2026 22:00:00[0m
[0;32mI (693) app_init: ELF file SHA256:  11c2a2d03...[0m
[0;32mI (697) app_init: ESP-IDF:          v6.0.2[0m
[0;32mI (701) efuse_init: Min chip rev:     v0.0[0m
[0;32mI (704) efuse_init: Max chip rev:     v0.99 [0m
[0;32mI (708) efuse_init: Chip rev:         v0.2[0m
[0;32mI (712) heap_init: Initializing. RAM available for dynamic allocation:[0m
[0;32mI (719) heap_init: At 3FCB9E40 len 0002F8D0 (190 KiB): RAM[0m
[0;32mI (724) heap_init: At 3FCE9710 len 00005724 (21 KiB): RAM[0m
[0;32mI (729) heap_init: At 600FE000 len 00001FE8 (7 KiB): RTCRAM[0m
[0;32mI (734) esp_psram: Adding pool of 8192K of PSRAM memory to heap allocator[0m
[0;32mI (741) spi_flash: detected chip: gd[0m
[0;32mI (744) spi_flash: flash io: dio[0m
[0;32mI (747) sleep_gpio: Configure to isolate all GPIO pins in sleep state[0m
[0;32mI (753) sleep_gpio: Enable automatic switching of GPIO sleep configuration[0m
[0;32mI (760) main_task: Started on CPU0[0m
[0;32mI (763) esp_psram: Reserving pool of 32K of internal memory for DMA/internal allocations[0m
[0;32mI (771) main_task: Calling app_main()[0m
[0;32mI (774) mission: ESP starting[0m
[0;32mI (791) pp: pp rom version: e7ae62f[0m
[0;32mI (792) net80211: net80211 rom version: e7ae62f[0m
[0;32mI (793) wifi:wifi driver task: 3fcc9ac8, prio:23, stack:6656, core=0[0m
[0;32mI (801) wifi:wifi firmware version: 00ad238[0m
[0;32mI (801) wifi:wifi certification version: v7.0[0m
[0;32mI (802) wifi:config NVS flash: enabled[0m
[0;32mI (805) wifi:config nano formatting: disabled[0m
[0;32mI (810) wifi:Init data frame dynamic rx buffer num: 32[0m
[0;32mI (815) wifi:Init static rx mgmt buffer num: 5[0m
[0;32mI (819) wifi:Init management short buffer num: 32[0m
[0;32mI (823) wifi:Init dynamic tx buffer num: 32[0m
[0;32mI (827) wifi:Init static tx FG buffer num: 2[0m
[0;32mI (831) wifi:Init static rx buffer size: 1600[0m
[0;32mI (835) wifi:Init static rx buffer num: 10[0m
[0;32mI (839) wifi:Init dynamic rx buffer num: 32[0m
[0;32mI (843) wifi_init: rx ba win: 6[0m
[0;32mI (846) wifi_init: accept mbox: 6[0m
[0;32mI (849) wifi_init: tcpip mbox: 32[0m
[0;32mI (852) wifi_init: udp mbox: 6[0m
[0;32mI (854) wifi_init: tcp mbox: 6[0m
[0;32mI (857) wifi_init: tcp tx win: 5760[0m
[0;32mI (860) wifi_init: tcp rx win: 5760[0m
[0;32mI (864) wifi_init: tcp mss: 1440[0m
[0;32mI (867) wifi_init: WiFi IRAM OP enabled[0m
[0;32mI (870) wifi_init: WiFi RX IRAM OP enabled[0m
[0;33mW (874) wifi:Password length matches WPA2 standards, authmode threshold changes from OPEN to WPA2[0m
[0;32mI (883) phy_init: phy_version 712,87e8c20e,Apr 13 2026,18:51:10[0m
[0;32mI (922) wifi:mode : sta (98:a3:16:f7:04:b4)[0m
[0;32mI (922) wifi:enable tsf[0m
[0;32mI (924) wifi: Connecting to '<redacted-ssid>'...[0m
[0;32mI (926) mav: UART1 ready: TX=GPIO5 RX=GPIO4 @ 921600 baud[0m
[0;32mI (926) mav: Requested PX4 position + attitude at 20 Hz[0m
[0;32mI (931) tof: I2C master bus created[0m
[0;32mI (934) tof: TCA9548A registered[0m
[0;32mI (939) wifi: Telemetry → 192.0.2.1:5005 | Commands ← port 5006[0m
[0;33mW (944) mission: NANOLITE BENCH MODE: navigation and mission tasks are disabled[0m
[0;32mI (945) s3 ll_cam: DMA Channel=0[0m
[0;32mI (945) nanolite: read-only PX4 pose bridge ready: 20Hz max_age=250ms key=25cm/15deg[0m
[0;32mI (961) nanolite: NANOTOF enabled: interval=1000ms tuple=distance_mm,column,timestamp_us,age_ms yaw_deg=s0:45,s1:0,s2:315,s3:270,s4:225,s5:180,s6:135,s7:90[0m
[0;32mI (954) cam_hal: cam init ok[0m
[0;32mI (951) mission: All tasks spawned[0m
[0;32mI (977) sccb-ng: pin_sda 40 pin_scl 39[0m
[0;32mI (980) main_task: Returned from app_main()[0m
[0;32mI (984) sccb-ng: sccb_i2c_port=1[0m
[1;31mE (1003) camera: Detected camera not supported.[0m
[1;31mE (1004) camera: Camera probe failed with error 0x106(ESP_ERR_NOT_SUPPORTED)[0m
[1;31mE (1004) apriltag_detect: Camera Init Failed[0m
Guru Meditation Error: Core  1 panic'ed (IllegalInstruction). Exception was unhandled.
Memory dump at 0x42012ef4: e0b4bb81 f01d0008 65201110
--- 0x42012ef4: init_camera at /home/user/urex/firmware/nus_flight_app/main/at_detect.c:155(inlined by) at_detect_task at /home/user/urex/firmware/nus_flight_app/main/at_detect.c:277
Core  1 register dump:
PC      : 0x42012efa  PS      : 0x00060830  A0      : 0x00000000  A1      : 0x3fcdd100  
--- 0x42012efa: at_detect_task at /home/user/urex/firmware/nus_flight_app/main/at_detect.c:442
A2      : 0x00000000  A3      : 0x00000000  A4      : 0x00000000  A5      : 0x00000000  
A6      : 0x00000000  A7      : 0x00000000  A8      : 0x82012efa  A9      : 0x3fcdd0a0  
A10     : 0x00000001  A11     : 0x3c0c7030  A12     : 0x3c0c7040  A13     : 0x000003ec  
A14     : 0x3c0c7030  A15     : 0x000003ec  SAR     : 0x00000004  EXCCAUSE: 0x00000000  
EXCVADDR: 0x00000000  LBEG    : 0x400556d5  LEND    : 0x400556e5  LCOUNT  : 0xfffffffb  
--- 0x400556d5: strlen in ROM
--- 0x400556e5: strlen in ROM


Backtrace: 0x42012ef7:0x3fcdd100
--- 0x42012ef7: init_camera at /home/user/urex/firmware/nus_flight_app/main/at_detect.c:155(inlined by) at_detect_task at /home/user/urex/firmware/nus_flight_app/main/at_detect.c:277




ELF file SHA256: 11c2a2d03

Rebooting...
ESP-ROM:esp32s3-20210327
Build:Mar 27 2021
rst:0xc (RTC_SW_CPU_RST),boot:0xb (SPI_FAST_FLASH_BOOT)
Saved PC:0x40380406
--- 0x40380406: esp_cpu_wait_for_intr at /home/user/.espressif/v6.0.2/esp-idf/components/esp_hw_support/cpu.c:64
SPIWP:0xee
mode:DIO, clock div:1
load:0x3fce2820,len:0x14f0
load:0x403c8700,len:0xda0
--- 0x403c8700: _stext at ??:?
load:0x403cb700,len:0x2f54
entry 0x403c8908
--- 0x403c8908: call_start_cpu0 at /home/user/.espressif/v6.0.2/esp-idf/components/bootloader/subproject/main/bootloader_start.c:27
[0;32mI (24) boot: ESP-IDF v6.0.2 2nd stage bootloader[0m
[0;32mI (24) boot: compile time Sep  6 2026 22:47:32[0m
[0;32mI (24) boot: Multicore bootloader[0m
[0;32mI (25) boot: chip revision: v0.2[0m
[0;32mI (27) boot: efuse block revision: v1.3[0m
[0;32mI (31) boot.esp32s3: Boot SPI Speed : 80MHz[0m
[0;32mI (34) boot.esp32s3: SPI Mode       : DIO[0m
[0;32mI (38) boot.esp32s3: SPI Flash Size : 8MB[0m
[0;32mI (42) boot: Enabling RNG early entropy source...[0m
[0;32mI (46) boot: Partition Table:[0m
[0;32mI (49) boot: ## Label            Usage          Type ST Offset   Length[0m
[0;32mI (55) boot:  0 nvs              WiFi data        01 02 00009000 00006000[0m
[0;32mI (62) boot:  1 phy_init         RF data          01 01 0000f000 00001000[0m
[0;32mI (68) boot:  2 factory          factory app      00 00 00010000 00177000[0m
[0;32mI (75) boot: End of partition table[0m
[0;32mI (78) esp_image: segment 0: paddr=00010020 vaddr=3c0c0020 size=38764h (231268) map[0m
[0;32mI (128) esp_image: segment 1: paddr=0004878c vaddr=3fca0e00 size=0788ch ( 30860) load[0m
[0;32mI (135) esp_image: segment 2: paddr=00050020 vaddr=42000020 size=bd0c0h (774336) map[0m
[0;32mI (277) esp_image: segment 3: paddr=0010d0e8 vaddr=3fca868c size=0032ch (   812) load[0m
[0;32mI (278) esp_image: segment 4: paddr=0010d41c vaddr=40378000 size=18d60h (101728) load[0m
[0;32mI (305) esp_image: segment 5: paddr=00126184 vaddr=50000000 size=00024h (    36) load[0m
[0;32mI (316) boot: Loaded app from partition at offset 0x10000[0m
[0;32mI (316) boot: Disabling RNG early entropy source...[0m
[0;32mI (326) octal_psram: vendor id    : 0x0d (AP)[0m
[0;32mI (327) octal_psram: dev id       : 0x02 (generation 3)[0m
[0;32mI (327) octal_psram: density      : 0x03 (64 Mbit)[0m
[0;32mI (329) octal_psram: good-die     : 0x01 (Pass)[0m
[0;32mI (333) octal_psram: Latency      : 0x01 (Fixed)[0m
[0;32mI (337) octal_psram: VCC          : 0x01 (3V)[0m
[0;32mI (341) octal_psram: SRF          : 0x01 (Fast Refresh)[0m
[0;32mI (346) octal_psram: BurstType    : 0x01 (Hybrid Wrap)[0m
[0;32mI (351) octal_psram: BurstLen     : 0x01 (32 Byte)[0m
[0;32mI (356) octal_psram: Readlatency  : 0x02 (10 cycles@Fixed)[0m
[0;32mI (361) octal_psram: DriveStrength: 0x00 (1/1)[0m
[0;32mI (365) MSPI Timing: Enter psram timing tuning[0m
[0;32mI (370) esp_psram: Found 8MB PSRAM device[0m
[0;32mI (373) esp_psram: Speed: 80MHz[0m
[0;32mI (376) cpu_start: Multicore app[0m
[0;32mI (664) esp_psram: SPI SRAM memory test OK[0m
[0;32mI (672) cpu_start: GPIO 44 and 43 are used as console UART I/O pins[0m
[0;32mI (673) cpu_start: Pro cpu start user code[0m
[0;32mI (673) cpu_start: cpu freq: 240000000 Hz[0m
[0;32mI (675) app_init: Application information:[0m
[0;32mI (679) app_init: Project name:     esp-everything[0m
[0;32mI (683) app_init: App version:      99cde05-dirty[0m
[0;32mI (687) app_init: Compile time:     Sep 10 2026 22:00:00[0m
[0;32mI (693) app_init: ELF file SHA256:  11c2a2d03...[0m
[0;32mI (697) app_init: ESP-IDF:          v6.0.2[0m
[0;32mI (701) efuse_init: Min chip rev:     v0.0[0m
[0;32mI (704) efuse_init: Max chip rev:     v0.99 [0m
[0;32mI (708) efuse_init: Chip rev:         v0.2[0m
[0;32mI (712) heap_init: Initializing. RAM available for dynamic allocation:[0m
[0;32mI (719) heap_init: At 3FCB9E40 len 0002F8D0 (190 KiB): RAM[0m
[0;32mI (724) heap_init: At 3FCE9710 len 00005724 (21 KiB): RAM[0m
[0;32mI (729) heap_init: At 600FE000 len 00001FE8 (7 KiB): RTCRAM[0m
[0;32mI (734) esp_psram: Adding pool of 8192K of PSRAM memory to heap allocator[0m
[0;32mI (741) spi_flash: detected chip: gd[0m
[0;32mI (744) spi_flash: flash io: dio[0m
[0;32mI (747) sleep_gpio: Configure to isolate all GPIO pins in sleep state[0m
[0;32mI (753) sleep_gpio: Enable automatic switching of GPIO sleep configuration[0m
[0;32mI (760) main_task: Started on CPU0[0m
[0;32mI (763) esp_psram: Reserving pool of 32K of internal memory for DMA/internal allocations[0m
[0;32mI (771) main_task: Calling app_main()[0m
[0;32mI (774) mission: ESP starting[0m
[0;32mI (791) pp: pp rom version: e7ae62f[0m
[0;32mI (792) net80211: net80211 rom version: e7ae62f[0m
[0;32mI (793) wifi:wifi driver task: 3fcc9ac8, prio:23, stack:6656, core=0[0m
[0;32mI (801) wifi:wifi firmware version: 00ad238[0m
[0;32mI (801) wifi:wifi certification version: v7.0[0m
[0;32mI (802) wifi:config NVS flash: enabled[0m
[0;32mI (805) wifi:config nano formatting: disabled[0m
[0;32mI (810) wifi:Init data frame dynamic rx buffer num: 32[0m
[0;32mI (815) wifi:Init static rx mgmt buffer num: 5[0m
[0;32mI (819) wifi:Init management short buffer num: 32[0m
[0;32mI (823) wifi:Init dynamic tx buffer num: 32[0m
[0;32mI (827) wifi:Init static tx FG buffer num: 2[0m
[0;32mI (831) wifi:Init static rx buffer size: 1600[0m
[0;32mI (835) wifi:Init static rx buffer num: 10[0m
[0;32mI (839) wifi:Init dynamic rx buffer num: 32[0m
[0;32mI (843) wifi_init: rx ba win: 6[0m
[0;32mI (846) wifi_init: accept mbox: 6[0m
[0;32mI (849) wifi_init: tcpip mbox: 32[0m
[0;32mI (852) wifi_init: udp mbox: 6[0m
[0;32mI (854) wifi_init: tcp mbox: 6[0m
[0;32mI (857) wifi_init: tcp tx win: 5760[0m
[0;32mI (860) wifi_init: tcp rx win: 5760[0m
[0;32mI (864) wifi_init: tcp mss: 1440[0m
[0;32mI (867) wifi_init: WiFi IRAM OP enabled[0m
[0;32mI (870) wifi_init: WiFi RX IRAM OP enabled[0m
[0;33mW (874) wifi:Password length matches WPA2 standards, authmode threshold changes from OPEN to WPA2[0m
[0;32mI (883) phy_init: phy_version 712,87e8c20e,Apr 13 2026,18:51:10[0m
[0;32mI (922) wifi:mode : sta (98:a3:16:f7:04:b4)[0m
[0;32mI (922) wifi:enable tsf[0m
[0;32mI (925) wifi: Connecting to '<redacted-ssid>'...[0m
[0;32mI (926) mav: UART1 ready: TX=GPIO5 RX=GPIO4 @ 921600 baud[0m
[0;32mI (926) mav: Requested PX4 position + attitude at 20 Hz[0m
[0;32mI (932) tof: I2C master bus created[0m
[0;32mI (934) tof: TCA9548A registered[0m
[0;32mI (939) wifi: Telemetry → 192.0.2.1:5005 | Commands ← port 5006[0m
[0;33mW (944) mission: NANOLITE BENCH MODE: navigation and mission tasks are disabled[0m
[0;32mI (951) mission: All tasks spawned[0m
[0;32mI (945) s3 ll_cam: DMA Channel=0[0m
[0;32mI (945) nanolite: read-only PX4 pose bridge ready: 20Hz max_age=250ms key=25cm/15deg[0m
[0;32mI (964) nanolite: NANOTOF enabled: interval=1000ms tuple=distance_mm,column,timestamp_us,age_ms yaw_deg=s0:45,s1:0,s2:315,s3:270,s4:225,s5:180,s6:135,s7:90[0m
[0;32mI (957) cam_hal: cam init ok[0m
[0;32mI (981) sccb-ng: pin_sda 40 pin_scl 39[0m
[0;32mI (954) main_task: Returned from app_main()[0m
[0;32mI (984) sccb-ng: sccb_i2c_port=1[0m
[1;31mE (1003) camera: Detected camera not supported.[0m
[1;31mE (1004) camera: Camera probe failed with error 0x106(ESP_ERR_NOT_SUPPORTED)[0m
[1;31mE (1004) apriltag_detect: Camera Init Failed[0m
Guru Meditation Error: Core  1 panic'ed (IllegalInstruction). Exception was unhandled.
Memory dump at 0x42012ef4: e0b4bb81 f01d0008 65201110
--- 0x42012ef4: init_camera at /home/user/urex/firmware/nus_flight_app/main/at_detect.c:155(inlined by) at_detect_task at /home/user/urex/firmware/nus_flight_app/main/at_detect.c:277
Core  1 register dump:
PC      : 0x42012efa  PS      : 0x00060830  A0      : 0x00000000  A1      : 0x3fcdd100  
--- 0x42012efa: at_detect_task at /home/user/urex/firmware/nus_flight_app/main/at_detect.c:442
A2      : 0x00000000  A3      : 0x00000000  A4      : 0x00000000  A5      : 0x00000000  
A6      : 0x00000000  A7      : 0x00000000  A8      : 0x82012efa  A9      : 0x3fcdd0a0  
A10     : 0x00000001  A11     : 0x3c0c7030  A12     : 0x3c0c7040  A13     : 0x000003ec  
A14     : 0x3c0c7030  A15     : 0x000003ec  SAR     : 0x00000004  EXCCAUSE: 0x00000000  
EXCVADDR: 0x00000000  LBEG    : 0x400556d5  LEND    : 0x400556e5  LCOUNT  : 0xfffffffb  
--- 0x400556d5: strlen in ROM
--- 0x400556e5: strlen in ROM


Backtrace: 0x42012ef7:0x3fcdd100
--- 0x42012ef7: init_camera at /home/user/urex/firmware/nus_flight_app/main/at_detect.c:155(inlined by) at_detect_task at /home/user/urex/firmware/nus_flight_app/main/at_detect.c:277




ELF file SHA256: 11c2a2d03

Rebooting...
ESP-ROM:esp32s3-20210327
Build:Mar 27 2021
rst:0xc (RTC_SW_CPU_RST),boot:0xb (SPI_FAST_FLASH_BOOT)
Saved PC:0x40380406
--- 0x40380406: esp_cpu_wait_for_intr at /home/user/.espressif/v6.0.2/esp-idf/components/esp_hw_support/cpu.c:64
SPIWP:0xee
mode:DIO, clock div:1
load:0x3fce2820,len:0x14f0
load:0x403c8700,len:0xda0
--- 0x403c8700: _stext at ??:?
load:0x403cb700,len:0x2f54
entry 0x403c8908
--- 0x403c8908: call_start_cpu0 at /home/user/.espressif/v6.0.2/esp-idf/components/bootloader/subproject/main/bootloader_start.c:27
[0;32mI (24) boot: ESP-IDF v6.0.2 2nd stage bootloader[0m
[0;32mI (24) boot: compile time Sep  6 2026 22:47:32[0m
[0;32mI (24) boot: Multicore bootloader[0m
[0;32mI (25) boot: chip revision: v0.2[0m
[0;32mI (27) boot: efuse block revision: v1.3[0m
[0;32mI (31) boot.esp32s3: Boot SPI Speed : 80MHz[0m
[0;32mI (34) boot.esp32s3: SPI Mode       : DIO[0m
[0;32mI (38) boot.esp32s3: SPI Flash Size : 8MB[0m
[0;32mI (42) boot: Enabling RNG early entropy source...[0m
[0;32mI (46) boot: Partition Table:[0m
[0;32mI (49) boot: ## Label            Usage          Type ST Offset   Length[0m
[0;32mI (55) boot:  0 nvs              WiFi data        01 02 00009000 00006000[0m
[0;32mI (62) boot:  1 phy_init         RF data          01 01 0000f000 00001000[0m
[0;32mI (68) boot:  2 factory          factory app      00 00 00010000 00177000[0m
[0;32mI (75) boot: End of partition table[0m
[0;32mI (78) esp_image: segment 0: paddr=00010020 vaddr=3c0c0020 size=38764h (231268) map[0m
[0;32mI (128) esp_image: segment 1: paddr=0004878c vaddr=3fca0e00 size=0788ch ( 30860) load[0m
[0;32mI (135) esp_image: segment 2: paddr=00050020 vaddr=42000020 size=bd0c0h (774336) map[0m
[0;32mI (277) esp_image: segment 3: paddr=0010d0e8 vaddr=3fca868c size=0032ch (   812) load[0m
[0;32mI (278) esp_image: segment 4: paddr=0010d41c vaddr=40378000 size=18d60h (101728) load[0m
[0;32mI (305) esp_image: segment 5: paddr=00126184 vaddr=50000000 size=00024h (    36) load[0m
[0;32mI (316) boot: Loaded app from partition at offset 0x10000[0m
[0;32mI (316) boot: Disabling RNG early entropy source...[0m
[0;32mI (326) octal_psram: vendor id    : 0x0d (AP)[0m
[0;32mI (327) octal_psram: dev id       : 0x02 (generation 3)[0m
[0;32mI (327) octal_psram: density      : 0x03 (64 Mbit)[0m
[0;32mI (329) octal_psram: good-die     : 0x01 (Pass)[0m
[0;32mI (333) octal_psram: Latency      : 0x01 (Fixed)[0m
[0;32mI (337) octal_psram: VCC          : 0x01 (3V)[0m
[0;32mI (341) octal_psram: SRF          : 0x01 (Fast Refresh)[0m
[0;32mI (346) octal_psram: BurstType    : 0x01 (Hybrid Wrap)[0m
[0;32mI (351) octal_psram: BurstLen     : 0x01 (32 Byte)[0m
[0;32mI (356) octal_psram: Readlatency  : 0x02 (10 cycles@Fixed)[0m
[0;32mI (361) octal_psram: DriveStrength: 0x00 (1/1)[0m
[0;32mI (365) MSPI Timing: Enter psram timing tuning[0m
[0;32mI (370) esp_psram: Found 8MB PSRAM device[0m
[0;32mI (373) esp_psram: Speed: 80MHz[0m
[0;32mI (376) cpu_start: Multicore app[0m
[0;32mI (664) esp_psram: SPI SRAM memory test OK[0m
[0;32mI (672) cpu_start: GPIO 44 and 43 are used as console UART I/O pins[0m
[0;32mI (673) cpu_start: Pro cpu start user code[0m
[0;32mI (673) cpu_start: cpu freq: 240000000 Hz[0m
[0;32mI (675) app_init: Application information:[0m
[0;32mI (679) app_init: Project name:     esp-everything[0m
[0;32mI (683) app_init: App version:      99cde05-dirty[0m
[0;32mI (687) app_init: Compile time:     Sep 10 2026 22:00:00[0m
[0;32mI (693) app_init: ELF file SHA256:  11c2a2d03...[0m
[0;32mI (697) app_init: ESP-IDF:          v6.0.2[0m
[0;32mI (701) efuse_init: Min chip rev:     v0.0[0m
[0;32mI (704) efuse_init: Max chip rev:     v0.99 [0m
[0;32mI (708) efuse_init: Chip rev:         v0.2[0m
[0;32mI (712) heap_init: Initializing. RAM available for dynamic allocation:[0m
[0;32mI (719) heap_init: At 3FCB9E40 len 0002F8D0 (190 KiB): RAM[0m
[0;32mI (724) heap_init: At 3FCE9710 len 00005724 (21 KiB): RAM[0m
[0;32mI (729) heap_init: At 600FE000 len 00001FE8 (7 KiB): RTCRAM[0m
[0;32mI (734) esp_psram: Adding pool of 8192K of PSRAM memory to heap allocator[0m
[0;32mI (741) spi_flash: detected chip: gd[0m
[0;32mI (744) spi_flash: flash io: dio[0m
[0;32mI (747) sleep_gpio: Configure to isolate all GPIO pins in sleep state[0m
[0;32mI (753) sleep_gpio: Enable automatic switching of GPIO sleep configuration[0m
[0;32mI (760) main_task: Started on CPU0[0m
[0;32mI (763) esp_psram: Reserving pool of 32K of internal memory for DMA/internal allocations[0m
[0;32mI (771) main_task: Calling app_main()[0m
[0;32mI (774) mission: ESP starting[0m
[0;32mI (791) pp: pp rom version: e7ae62f[0m
[0;32mI (792) net80211: net80211 rom version: e7ae62f[0m
[0;32mI (793) wifi:wifi driver task: 3fcc9ac8, prio:23, stack:6656, core=0[0m
[0;32mI (801) wifi:wifi firmware version: 00ad238[0m
[0;32mI (801) wifi:wifi certification version: v7.0[0m
[0;32mI (802) wifi:config NVS flash: enabled[0m
[0;32mI (805) wifi:config nano formatting: disabled[0m
[0;32mI (810) wifi:Init data frame dynamic rx buffer num: 32[0m
[0;32mI (815) wifi:Init static rx mgmt buffer num: 5[0m
[0;32mI (819) wifi:Init management short buffer num: 32[0m
[0;32mI (823) wifi:Init dynamic tx buffer num: 32[0m
[0;32mI (827) wifi:Init static tx FG buffer num: 2[0m
[0;32mI (831) wifi:Init static rx buffer size: 1600[0m
[0;32mI (835) wifi:Init static rx buffer num: 10[0m
[0;32mI (839) wifi:Init dynamic rx buffer num: 32[0m
[0;32mI (843) wifi_init: rx ba win: 6[0m
[0;32mI (846) wifi_init: accept mbox: 6[0m
[0;32mI (849) wifi_init: tcpip mbox: 32[0m
[0;32mI (852) wifi_init: udp mbox: 6[0m
[0;32mI (854) wifi_init: tcp mbox: 6[0m
[0;32mI (857) wifi_init: tcp tx win: 5760[0m
[0;32mI (860) wifi_init: tcp rx win: 5760[0m
[0;32mI (864) wifi_init: tcp mss: 1440[0m
[0;32mI (867) wifi_init: WiFi IRAM OP enabled[0m
[0;32mI (870) wifi_init: WiFi RX IRAM OP enabled[0m
[0;33mW (874) wifi:Password length matches WPA2 standards, authmode threshold changes from OPEN to WPA2[0m
[0;32mI (883) phy_init: phy_version 712,87e8c20e,Apr 13 2026,18:51:10[0m
[0;32mI (922) wifi:mode : sta (98:a3:16:f7:04:b4)[0m
[0;32mI (922) wifi:enable tsf[0m
[0;32mI (925) wifi: Connecting to '<redacted-ssid>'...[0m
[0;32mI (926) mav: UART1 ready: TX=GPIO5 RX=GPIO4 @ 921600 baud[0m
[0;32mI (926) mav: Requested PX4 position + attitude at 20 Hz[0m
[0;32mI (932) tof: I2C master bus created[0m
[0;32mI (934) tof: TCA9548A registered[0m
[0;32mI (939) wifi: Telemetry → 192.0.2.1:5005 | Commands ← port 5006[0m
[0;33mW (944) mission: NANOLITE BENCH MODE: navigation and mission tasks are disabled[0m
[0;32mI (951) mission: All tasks spawned[0m
[0;32mI (945) s3 ll_cam: DMA Channel=0[0m
[0;32mI (945) nanolite: read-only PX4 pose bridge ready: 20Hz max_age=250ms key=25cm/15deg[0m
[0;32mI (964) nanolite: NANOTOF enabled: interval=1000ms tuple=distance_mm,column,timestamp_us,age_ms yaw_deg=s0:45,s1:0,s2:315,s3:270,s4:225,s5:180,s6:135,s7:90[0m
[0;32mI (957) cam_hal: cam init ok[0m
[0;32mI (981) sccb-ng: pin_sda 40 pin_scl 39[0m
[0;32mI (954) main_task: Returned from app_main()[0m
[0;32mI (984) sccb-ng: sccb_i2c_port=1[0m
[1;31mE (1003) camera: Detected camera not supported.[0m
[1;31mE (1004) camera: Camera probe failed with error 0x106(ESP_ERR_NOT_SUPPORTED)[0m
[1;31mE (1004) apriltag_detect: Camera Init Failed[0m
Guru Meditation Error: Core  1 panic'ed (IllegalInstruction). Exception was unhandled.
Memory dump at 0x42012ef4: e0b4bb81 f01d0008 65201110
--- 0x42012ef4: init_camera at /home/user/urex/firmware/nus_flight_app/main/at_detect.c:155(inlined by) at_detect_task at /home/user/urex/firmware/nus_flight_app/main/at_detect.c:277
Core  1 register dump:
PC      : 0x42012efa  PS      : 0x00060830  A0      : 0x00000000  A1      : 0x3fcdd100  
--- 0x42012efa: at_detect_task at /home/user/urex/firmware/nus_flight_app/main/at_detect.c:442
A2      : 0x00000000  A3      : 0x00000000  A4      : 0x00000000  A5      : 0x00000000  
A6      : 0x00000000  A7      : 0x00000000  A8      : 0x82012efa  A9      : 0x3fcdd0a0  
A10     : 0x00000001  A11     : 0x3c0c7030  A12     : 0x3c0c7040  A13     : 0x000003ec  
A14     : 0x3c0c7030  A15     : 0x000003ec  SAR     : 0x00000004  EXCCAUSE: 0x00000000  
EXCVADDR: 0x00000000  LBEG    : 0x400556d5  LEND    : 0x400556e5  LCOUNT  : 0xfffffffb  
--- 0x400556d5: strlen in ROM
--- 0x400556e5: strlen in ROM


Backtrace: 0x42012ef7:0x3fcdd100
--- 0x42012ef7: init_camera at /home/user/urex/firmware/nus_flight_app/main/at_detect.c:155(inlined by) at_detect_task at /home/user/urex/firmware/nus_flight_app/main/at_detect.c:277




ELF file SHA256: 11c2a2d03

Rebooting...
ESP-ROM:esp32s3-20210327
Build:Mar 27 2021
rst:0xc (RTC_SW_CPU_RST),boot:0xb (SPI_FAST_FLASH_BOOT)
Saved PC:0x40380406
--- 0x40380406: esp_cpu_wait_for_intr at /home/user/.espressif/v6.0.2/esp-idf/components/esp_hw_support/cpu.c:64
SPIWP:0xee
mode:DIO, clock div:1
load:0x3fce2820,len:0x14f0
load:0x403c8700,len:0xda0
--- 0x403c8700: _stext at ??:?
load:0x403cb700,len:0x2f54
entry 0x403c8908
--- 0x403c8908: call_start_cpu0 at /home/user/.espressif/v6.0.2/esp-idf/components/bootloader/subproject/main/bootloader_start.c:27
[0;32mI (24) boot: ESP-IDF v6.0.2 2nd stage bootloader[0m
[0;32mI (24) boot: compile time Sep  6 2026 22:47:32[0m
[0;32mI (24) boot: Multicore bootloader[0m
[0;32mI (25) boot: chip revision: v0.2[0m
[0;32mI (27) boot: efuse block revision: v1.3[0m
[0;32mI (31) boot.esp32s3: Boot SPI Speed : 80MHz[0m
[0;32mI (34) boot.esp32s3: SPI Mode       : DIO[0m
[0;32mI (38) boot.esp32s3: SPI Flash Size : 8MB[0m
[0;32mI (42) boot: Enabling RNG early entropy source...[0m
[0;32mI (46) boot: Partition Table:[0m
[0;32mI (49) boot: ## Label            Usage          Type ST Offset   Length[0m
[0;32mI (55) boot:  0 nvs              WiFi data        01 02 00009000 00006000[0m
[0;32mI (62) boot:  1 phy_init         RF data          01 01 0000f000 00001000[0m
[0;32mI (68) boot:  2 factory          factory app      00 00 00010000 00177000[0m
[0;32mI (75) boot: End of partition table[0m
[0;32mI (78) esp_image: segment 0: paddr=00010020 vaddr=3c0c0020 size=38764h (231268) map[0m
[0;32mI (128) esp_image: segment 1: paddr=0004878c vaddr=3fca0e00 size=0788ch ( 30860) load[0m
[0;32mI (135) esp_image: segment 2: paddr=00050020 vaddr=42000020 size=bd0c0h (774336) map[0m
[0;32mI (277) esp_image: segment 3: paddr=0010d0e8 vaddr=3fca868c size=0032ch (   812) load[0m
[0;32mI (278) esp_image: segment 4: paddr=0010d41c vaddr=40378000 size=18d60h (101728) load[0m
[0;32mI (305) esp_image: segment 5: paddr=00126184 vaddr=50000000 size=00024h (    36) load[0m
[0;32mI (316) boot: Loaded app from partition at offset 0x10000[0m
[0;32mI (316) boot: Disabling RNG early entropy source...[0m
[0;32mI (326) octal_psram: vendor id    : 0x0d (AP)[0m
[0;32mI (327) octal_psram: dev id       : 0x02 (generation 3)[0m
[0;32mI (327) octal_psram: density      : 0x03 (64 Mbit)[0m
[0;32mI (329) octal_psram: good-die     : 0x01 (Pass)[0m
[0;32mI (333) octal_psram: Latency      : 0x01 (Fixed)[0m
[0;32mI (337) octal_psram: VCC          : 0x01 (3V)[0m
[0;32mI (341) octal_psram: SRF          : 0x01 (Fast Refresh)[0m
[0;32mI (346) octal_psram: BurstType    : 0x01 (Hybrid Wrap)[0m
[0;32mI (351) octal_psram: BurstLen     : 0x01 (32 Byte)[0m
[0;32mI (356) octal_psram: Readlatency  : 0x02 (10 cycles@Fixed)[0m
[0;32mI (361) octal_psram: DriveStrength: 0x00 (1/1)[0m
[0;32mI (365) MSPI Timing: Enter psram timing tuning[0m
[0;32mI (370) esp_psram: Found 8MB PSRAM device[0m
[0;32mI (373) esp_psram: Speed: 80MHz[0m
[0;32mI (376) cpu_start: Multicore app[0m
[0;32mI (664) esp_psram: SPI SRAM memory test OK[0m
[0;32mI (672) cpu_start: GPIO 44 and 43 are used as console UART I/O pins[0m
[0;32mI (673) cpu_start: Pro cpu start user code[0m
[0;32mI (673) cpu_start: cpu freq: 240000000 Hz[0m
[0;32mI (675) app_init: Application information:[0m
[0;32mI (679) app_init: Project name:     esp-everything[0m
[0;32mI (683) app_init: App version:      99cde05-dirty[0m
[0;32mI (687) app_init: Compile time:     Sep 10 2026 22:00:00[0m
[0;32mI (693) app_init: ELF file SHA256:  11c2a2d03...[0m
[0;32mI (697) app_init: ESP-IDF:          v6.0.2[0m
[0;32mI (701) efuse_init: Min chip rev:     v0.0[0m
[0;32mI (704) efuse_init: Max chip rev:     v0.99 [0m
[0;32mI (708) efuse_init: Chip rev:         v0.2[0m
[0;32mI (712) heap_init: Initializing. RAM available for dynamic allocation:[0m
[0;32mI (719) heap_init: At 3FCB9E40 len 0002F8D0 (190 KiB): RAM[0m
[0;32mI (724) heap_init: At 3FCE9710 len 00005724 (21 KiB): RAM[0m
[0;32mI (729) heap_init: At 600FE000 len 00001FE8 (7 KiB): RTCRAM[0m
[0;32mI (734) esp_psram: Adding pool of 8192K of PSRAM memory to heap allocator[0m
[0;32mI (741) spi_flash: detected chip: gd[0m
[0;32mI (744) spi_flash: flash io: dio[0m
[0;32mI (747) sleep_gpio: Configure to isolate all GPIO pins in sleep state[0m
[0;32mI (753) sleep_gpio: Enable automatic switching of GPIO sleep configuration[0m
[0;32mI (760) main_task: Started on CPU0[0m
[0;32mI (763) esp_psram: Reserving pool of 32K of internal memory for DMA/internal allocations[0m
[0;32mI (771) main_task: Calling app_main()[0m
[0;32mI (774) mission: ESP starting[0m
[0;32mI (791) pp: pp rom version: e7ae62f[0m
[0;32mI (792) net80211: net80211 rom version: e7ae62f[0m
[0;32mI (793) wifi:wifi driver task: 3fcc9ac8, prio:23, stack:6656, core=0[0m
[0;32mI (801) wifi:wifi firmware version: 00ad238[0m
[0;32mI (801) wifi:wifi certification version: v7.0[0m
[0;32mI (802) wifi:config NVS flash: enabled[0m
[0;32mI (805) wifi:config nano formatting: disabled[0m
[0;32mI (810) wifi:Init data frame dynamic rx buffer num: 32[0m
[0;32mI (815) wifi:Init static rx mgmt buffer num: 5[0m
[0;32mI (819) wifi:Init management short buffer num: 32[0m
[0;32mI (823) wifi:Init dynamic tx buffer num: 32[0m
[0;32mI (827) wifi:Init static tx FG buffer num: 2[0m
[0;32mI (831) wifi:Init static rx buffer size: 1600[0m
[0;32mI (835) wifi:Init static rx buffer num: 10[0m
[0;32mI (839) wifi:Init dynamic rx buffer num: 32[0m
[0;32mI (843) wifi_init: rx ba win: 6[0m
[0;32mI (846) wifi_init: accept mbox: 6[0m
[0;32mI (849) wifi_init: tcpip mbox: 32[0m
[0;32mI (852) wifi_init: udp mbox: 6[0m
[0;32mI (854) wifi_init: tcp mbox: 6[0m
[0;32mI (857) wifi_init: tcp tx win: 5760[0m
[0;32mI (860) wifi_init: tcp rx win: 5760[0m
[0;32mI (864) wifi_init: tcp mss: 1440[0m
[0;32mI (867) wifi_init: WiFi IRAM OP enabled[0m
[0;32mI (870) wifi_init: WiFi RX IRAM OP enabled[0m
[0;33mW (874) wifi:Password length matches WPA2 standards, authmode threshold changes from OPEN to WPA2[0m
[0;32mI (883) phy_init: phy_version 712,87e8c20e,Apr 13 2026,18:51:10[0m
[0;32mI (921) wifi:mode : sta (98:a3:16:f7:04:b4)[0m
[0;32mI (922) wifi:enable tsf[0m
[0;32mI (924) wifi: Connecting to '<redacted-ssid>'...[0m
[0;32mI (926) mav: UART1 ready: TX=GPIO5 RX=GPIO4 @ 921600 baud[0m
[0;32mI (926) mav: Requested PX4 position + attitude at 20 Hz[0m
[0;32mI (931) tof: I2C master bus created[0m
[0;32mI (934) tof: TCA9548A registered[0m
[0;32mI (939) wifi: Telemetry → 192.0.2.1:5005 | Commands ← port 5006[0m
[0;33mW (944) mission: NANOLITE BENCH MODE: navigation and mission tasks are disabled[0m
[0;32mI (944) s3 ll_cam: DMA Channel=0[0m
[0;32mI (945) nanolite: read-only PX4 pose bridge ready: 20Hz max_age=250ms key=25cm/15deg[0m
[0;32mI (961) nanolite: NANOTOF enabled: interval=1000ms tuple=distance_mm,column,timestamp_us,age_ms yaw_deg=s0:45,s1:0,s2:315,s3:270,s4:225,s5:180,s6:135,s7:90[0m
[0;32mI (953) cam_hal: cam init ok[0m
[0;32mI (951) mission: All tasks spawned[0m
[0;32mI (977) sccb-ng: pin_sda 40 pin_scl 39[0m
[0;32mI (980) main_task: Returned from app_main()[0m
[0;32mI (984) sccb-ng: sccb_i2c_port=1[0m
[1;31mE (1003) camera: Detected camera not supported.[0m
[1;31mE (1004) camera: Camera probe failed with error 0x106(ESP_ERR_NOT_SUPPORTED)[0m
[1;31mE (1004) apriltag_detect: Camera Init Failed[0m
Guru Meditation Error: Core  1 panic'ed (IllegalInstruction). Exception was unhandled.
Memory dump at 0x42012ef4: e0b4bb81 f01d0008 65201110
--- 0x42012ef4: init_camera at /home/user/urex/firmware/nus_flight_app/main/at_detect.c:155(inlined by) at_detect_task at /home/user/urex/firmware/nus_flight_app/main/at_detect.c:277
Core  1 register dump:
PC      : 0x42012efa  PS      : 0x00060830  A0      : 0x00000000  A1      : 0x3fcdd100  
--- 0x42012efa: at_detect_task at /home/user/urex/firmware/nus_flight_app/main/at_detect.c:442
A2      : 0x00000000  A3      : 0x00000000  A4      : 0x00000000  A5      : 0x00000000  
A6      : 0x00000000  A7      : 0x00000000  A8      : 0x82012efa  A9      : 0x3fcdd0a0  
A10     : 0x00000001  A11     : 0x3c0c7030  A12     : 0x3c0c7040  A13     : 0x000003ec  
A14     : 0x3c0c7030  A15     : 0x000003ec  SAR     : 0x00000004  EXCCAUSE: 0x00000000  
EXCVADDR: 0x00000000  LBEG    : 0x400556d5  LEND    : 0x400556e5  LCOUNT  : 0xfffffffb  
--- 0x400556d5: strlen in ROM
--- 0x400556e5: strlen in ROM


Backtrace: 0x42012ef7:0x3fcdd100
--- 0x42012ef7: init_camera at /home/user/urex/firmware/nus_flight_app/main/at_detect.c:155(inlined by) at_detect_task at /home/user/urex/firmware/nus_flight_app/main/at_detect.c:277




ELF file SHA256: 11c2a2d03

Rebooting...
ESP-ROM:esp32s3-20210327
Build:Mar 27 2021
rst:0xc (RTC_SW_CPU_RST),boot:0xb (SPI_FAST_FLASH_BOOT)
Saved PC:0x40380406
--- 0x40380406: esp_cpu_wait_for_intr at /home/user/.espressif/v6.0.2/esp-idf/components/esp_hw_support/cpu.c:64
SPIWP:0xee
mode:DIO, clock div:1
load:0x3fce2820,len:0x14f0
load:0x403c8700,len:0xda0
--- 0x403c8700: _stext at ??:?
load:0x403cb700,len:0x2f54
entry 0x403c8908
--- 0x403c8908: call_start_cpu0 at /home/user/.espressif/v6.0.2/esp-idf/components/bootloader/subproject/main/bootloader_start.c:27
[0;32mI (24) boot: ESP-IDF v6.0.2 2nd stage bootloader[0m
[0;32mI (24) boot: compile time Sep  6 2026 22:47:32[0m
[0;32mI (24) boot: Multicore bootloader[0m
[0;32mI (25) boot: chip revision: v0.2[0m
[0;32mI (27) boot: efuse block revision: v1.3[0m
[0;32mI (31) boot.esp32s3: Boot SPI Speed : 80MHz[0m
[0;32mI (34) boot.esp32s3: SPI Mode       : DIO[0m
[0;32mI (38) boot.esp32s3: SPI Flash Size : 8MB[0m
[0;32mI (42) boot: Enabling RNG early entropy source...[0m
[0;32mI (46) boot: Partition Table:[0m
[0;32mI (49) boot: ## Label            Usage          Type ST Offset   Length[0m
[0;32mI (55) boot:  0 nvs              WiFi data        01 02 00009000 00006000[0m
[0;32mI (62) boot:  1 phy_init         RF data          01 01 0000f000 00001000[0m
[0;32mI (68) boot:  2 factory          factory app      00 00 00010000 00177000[0m
[0;32mI (75) boot: End of partition table[0m
[0;32mI (78) esp_image: segment 0: paddr=00010020 vaddr=3c0c0020 size=38764h (231268) map[0m
[0;32mI (128) esp_image: segment 1: paddr=0004878c vaddr=3fca0e00 size=0788ch ( 30860) load[0m
[0;32mI (135) esp_image: segment 2: paddr=00050020 vaddr=42000020 size=bd0c0h (774336) map[0m
[0;32mI (277) esp_image: segment 3: paddr=0010d0e8 vaddr=3fca868c size=0032ch (   812) load[0m
[0;32mI (278) esp_image: segment 4: paddr=0010d41c vaddr=40378000 size=18d60h (101728) load[0m
[0;32mI (305) esp_image: segment 5: paddr=00126184 vaddr=50000000 size=00024h (    36) load[0m
[0;32mI (316) boot: Loaded app from partition at offset 0x10000[0m
[0;32mI (316) boot: Disabling RNG early entropy source...[0m
[0;32mI (326) octal_psram: vendor id    : 0x0d (AP)[0m
[0;32mI (327) octal_psram: dev id       : 0x02 (generation 3)[0m
[0;32mI (327) octal_psram: density      : 0x03 (64 Mbit)[0m
[0;32mI (329) octal_psram: good-die     : 0x01 (Pass)[0m
[0;32mI (333) octal_psram: Latency      : 0x01 (Fixed)[0m
[0;32mI (337) octal_psram: VCC          : 0x01 (3V)[0m
[0;32mI (341) octal_psram: SRF          : 0x01 (Fast Refresh)[0m
[0;32mI (346) octal_psram: BurstType    : 0x01 (Hybrid Wrap)[0m
[0;32mI (351) octal_psram: BurstLen     : 0x01 (32 Byte)[0m
[0;32mI (356) octal_psram: Readlatency  : 0x02 (10 cycles@Fixed)[0m
[0;32mI (361) octal_psram: DriveStrength: 0x00 (1/1)[0m
[0;32mI (365) MSPI Timing: Enter psram timing tuning[0m
[0;32mI (370) esp_psram: Found 8MB PSRAM device[0m
[0;32mI (373) esp_psram: Speed: 80MHz[0m
[0;32mI (376) cpu_start: Multicore app[0m
[0;32mI (664) esp_psram: SPI SRAM memory test OK[0m
[0;32mI (672) cpu_start: GPIO 44 and 43 are used as console UART I/O pins[0m
[0;32mI (673) cpu_start: Pro cpu start user code[0m
[0;32mI (673) cpu_start: cpu freq: 240000000 Hz[0m
[0;32mI (675) app_init: Application information:[0m
[0;32mI (679) app_init: Project name:     esp-everything[0m
[0;32mI (683) app_init: App version:      99cde05-dirty[0m
[0;32mI (687) app_init: Compile time:     Sep 10 2026 22:00:00[0m
[0;32mI (693) app_init: ELF file SHA256:  11c2a2d03...[0m
[0;32mI (697) app_init: ESP-IDF:          v6.0.2[0m
[0;32mI (701) efuse_init: Min chip rev:     v0.0[0m
[0;32mI (704) efuse_init: Max chip rev:     v0.99 [0m
[0;32mI (708) efuse_init: Chip rev:         v0.2[0m
[0;32mI (712) heap_init: Initializing. RAM available for dynamic allocation:[0m
[0;32mI (719) heap_init: At 3FCB9E40 len 0002F8D0 (190 KiB): RAM[0m
[0;32mI (724) heap_init: At 3FCE9710 len 00005724 (21 KiB): RAM[0m
[0;32mI (729) heap_init: At 600FE000 len 00001FE8 (7 KiB): RTCRAM[0m
[0;32mI (734) esp_psram: Adding pool of 8192K of PSRAM memory to heap allocator[0m
[0;32mI (741) spi_flash: detected chip: gd[0m
[0;32mI (744) spi_flash: flash io: dio[0m
[0;32mI (747) sleep_gpio: Configure to isolate all GPIO pins in sleep state[0m
[0;32mI (753) sleep_gpio: Enable automatic switching of GPIO sleep configuration[0m
[0;32mI (760) main_task: Started on CPU0[0m
[0;32mI (763) esp_psram: Reserving pool of 32K of internal memory for DMA/internal allocations[0m
[0;32mI (771) main_task: Calling app_main()[0m
[0;32mI (774) mission: ESP starting[0m
[0;32mI (791) pp: pp rom version: e7ae62f[0m
[0;32mI (792) net80211: net80211 rom version: e7ae62f[0m
[0;32mI (793) wifi:wifi driver task: 3fcc9ac8, prio:23, stack:6656, core=0[0m
[0;32mI (801) wifi:wifi firmware version: 00ad238[0m
[0;32mI (801) wifi:wifi certification version: v7.0[0m
[0;32mI (802) wifi:config NVS flash: enabled[0m
[0;32mI (805) wifi:config nano formatting: disabled[0m
[0;32mI (810) wifi:Init data frame dynamic rx buffer num: 32[0m
[0;32mI (815) wifi:Init static rx mgmt buffer num: 5[0m
[0;32mI (819) wifi:Init management short buffer num: 32[0m
[0;32mI (823) wifi:Init dynamic tx buffer num: 32[0m
[0;32mI (827) wifi:Init static tx FG buffer num: 2[0m
[0;32mI (831) wifi:Init static rx buffer size: 1600[0m
[0;32mI (835) wifi:Init static rx buffer num: 10[0m
[0;32mI (839) wifi:Init dynamic rx buffer num: 32[0m
[0;32mI (843) wifi_init: rx ba win: 6[0m
[0;32mI (846) wifi_init: accept mbox: 6[0m
[0;32mI (849) wifi_init: tcpip mbox: 32[0m
[0;32mI (852) wifi_init: udp mbox: 6[0m
[0;32mI (854) wifi_init: tcp mbox: 6[0m
[0;32mI (857) wifi_init: tcp tx win: 5760[0m
[0;32mI (860) wifi_init: tcp rx win: 5760[0m
[0;32mI (864) wifi_init: tcp mss: 1440[0m
[0;32mI (867) wifi_init: WiFi IRAM OP enabled[0m
[0;32mI (870) wifi_init: WiFi RX IRAM OP enabled[0m
[0;33mW (874) wifi:Password length matches WPA2 standards, authmode threshold changes from OPEN to WPA2[0m
[0;32mI (883) phy_init: phy_version 712,87e8c20e,Apr 13 2026,18:51:10[0m
[0;32mI (923) wifi:mode : sta (98:a3:16:f7:04:b4)[0m
[0;32mI (924) wifi:enable tsf[0m
[0;32mI (926) wifi: Connecting to '<redacted-ssid>'...[0m
[0;32mI (927) mav: UART1 ready: TX=GPIO5 RX=GPIO4 @ 921600 baud[0m
[0;32mI (928) mav: Requested PX4 position + attitude at 20 Hz[0m
[0;32mI (933) tof: I2C master bus created[0m
[0;32mI (936) tof: TCA9548A registered[0m
[0;32mI (940) wifi: Telemetry → 192.0.2.1:5005 | Commands ← port 5006[0m
[0;33mW (946) mission: NANOLITE BENCH MODE: navigation and mission tasks are disabled[0m
[0;32mI (946) s3 ll_cam: DMA Channel=0[0m
[0;32mI (947) nanolite: read-only PX4 pose bridge ready: 20Hz max_age=250ms key=25cm/15deg[0m
[0;32mI (963) nanolite: NANOTOF enabled: interval=1000ms tuple=distance_mm,column,timestamp_us,age_ms yaw_deg=s0:45,s1:0,s2:315,s3:270,s4:225,s5:180,s6:135,s7:90[0m
[0;32mI (955) cam_hal: cam init ok[0m
[0;32mI (952) mission: All tasks spawned[0m
[0;32mI (979) sccb-ng: pin_sda 40 pin_scl 39[0m
[0;32mI (982) main_task: Returned from app_main()[0m
[0;32mI (985) sccb-ng: sccb_i2c_port=1[0m
[1;31mE (1005) camera: Detected camera not supported.[0m
[1;31mE (1006) camera: Camera probe failed with error 0x106(ESP_ERR_NOT_SUPPORTED)[0m
[1;31mE (1006) apriltag_detect: Camera Init Failed[0m
Guru Meditation Error: Core  1 panic'ed (IllegalInstruction). Exception was unhandled.
Memory dump at 0x42012ef4: e0b4bb81 f01d0008 65201110
--- 0x42012ef4: init_camera at /home/user/urex/firmware/nus_flight_app/main/at_detect.c:155(inlined by) at_detect_task at /home/user/urex/firmware/nus_flight_app/main/at_detect.c:277
Core  1 register dump:
PC      : 0x42012efa  PS      : 0x00060830  A0      : 0x00000000  A1      : 0x3fcdd100  
--- 0x42012efa: at_detect_task at /home/user/urex/firmware/nus_flight_app/main/at_detect.c:442
A2      : 0x00000000  A3      : 0x00000000  A4      : 0x00000000  A5      : 0x00000000  
A6      : 0x00000000  A7      : 0x00000000  A8      : 0x82012efa  A9      : 0x3fcdd0a0  
A10     : 0x00000001  A11     : 0x3c0c7030  A12     : 0x3c0c7040  A13     : 0x000003ee  
A14     : 0x3c0c7030  A15     : 0x000003ee  SAR     : 0x00000004  EXCCAUSE: 0x00000000  
EXCVADDR: 0x00000000  LBEG    : 0x400556d5  LEND    : 0x400556e5  LCOUNT  : 0xfffffffb  
--- 0x400556d5: strlen in ROM
--- 0x400556e5: strlen in ROM


Backtrace: 0x42012ef7:0x3fcdd100
--- 0x42012ef7: init_camera at /home/user/urex/firmware/nus_flight_app/main/at_detect.c:155(inlined by) at_detect_task at /home/user/urex/firmware/nus_flight_app/main/at_detect.c:277




ELF file SHA256: 11c2a2d03

Rebooting...
ESP-ROM:esp32s3-20210327
Build:Mar 27 2021
rst:0xc (RTC_SW_CPU_RST),boot:0xb (SPI_FAST_FLASH_BOOT)
Saved PC:0x40380406
--- 0x40380406: esp_cpu_wait_for_intr at /home/user/.espressif/v6.0.2/esp-idf/components/esp_hw_support/cpu.c:64
SPIWP:0xee
mode:DIO, clock div:1
load:0x3fce2820,len:0x14f0
load:0x403c8700,len:0xda0
--- 0x403c8700: _stext at ??:?
load:0x403cb700,len:0x2f54
entry 0x403c8908
--- 0x403c8908: call_start_cpu0 at /home/user/.espressif/v6.0.2/esp-idf/components/bootloader/subproject/main/bootloader_start.c:27
[0;32mI (24) boot: ESP-IDF v6.0.2 2nd stage bootloader[0m
[0;32mI (24) boot: compile time Sep  6 2026 22:47:32[0m
[0;32mI (24) boot: Multicore bootloader[0m
[0;32mI (25) boot: chip revision: v0.2[0m
[0;32mI (27) boot: efuse block revision: v1.3[0m
[0;32mI (31) boot.esp32s3: Boot SPI Speed : 80MHz[0m
[0;32mI (34) boot.esp32s3: SPI Mode       : DIO[0m
[0;32mI (38) boot.esp32s3: SPI Flash Size : 8MB[0m
[0;32mI (42) boot: Enabling RNG early entropy source...[0m
[0;32mI (46) boot: Partition Table:[0m
[0;32mI (49) boot: ## Label            Usage          Type ST Offset   Length[0m
[0;32mI (55) boot:  0 nvs              WiFi data        01 02 00009000 00006000[0m
[0;32mI (62) boot:  1 phy_init         RF data          01 01 0000f000 00001000[0m
[0;32mI (68) boot:  2 factory          factory app      00 00 00010000 00177000[0m
[0;32mI (75) boot: End of partition table[0m
[0;32mI (78) esp_image: segment 0: paddr=00010020 vaddr=3c0c0020 size=38764h (231268) map[0m
[0;32mI (128) esp_image: segment 1: paddr=0004878c vaddr=3fca0e00 size=0788ch ( 30860) load[0m
[0;32mI (135) esp_image: segment 2: paddr=00050020 vaddr=42000020 size=bd0c0h (774336) map[0m
[0;32mI (277) esp_image: segment 3: paddr=0010d0e8 vaddr=3fca868c size=0032ch (   812) load[0m
[0;32mI (278) esp_image: segment 4: paddr=0010d41c vaddr=40378000 size=18d60h (101728) load[0m
[0;32mI (305) esp_image: segment 5: paddr=00126184 vaddr=50000000 size=00024h (    36) load[0m
[0;32mI (316) boot: Loaded app from partition at offset 0x10000[0m
[0;32mI (316) boot: Disabling RNG early entropy source...[0m
[0;32mI (326) octal_psram: vendor id    : 0x0d (AP)[0m
[0;32mI (327) octal_psram: dev id       : 0x02 (generation 3)[0m
[0;32mI (327) octal_psram: density      : 0x03 (64 Mbit)[0m
[0;32mI (329) octal_psram: good-die     : 0x01 (Pass)[0m
[0;32mI (333) octal_psram: Latency      : 0x01 (Fixed)[0m
[0;32mI (337) octal_psram: VCC          : 0x01 (3V)[0m
[0;32mI (341) octal_psram: SRF          : 0x01 (Fast Refresh)[0m
[0;32mI (346) octal_psram: BurstType    : 0x01 (Hybrid Wrap)[0m
[0;32mI (351) octal_psram: BurstLen     : 0x01 (32 Byte)[0m
[0;32mI (356) octal_psram: Readlatency  : 0x02 (10 cycles@Fixed)[0m
[0;32mI (361) octal_psram: DriveStrength: 0x00 (1/1)[0m
[0;32mI (365) MSPI Timing: Enter psram timing tuning[0m
[0;32mI (370) esp_psram: Found 8MB PSRAM device[0m
[0;32mI (373) esp_psram: Speed: 80MHz[0m
[0;32mI (376) cpu_start: Multicore app[0m
[0;32mI (664) esp_psram: SPI SRAM memory test OK[0m
[0;32mI (672) cpu_start: GPIO 44 and 43 are used as console UART I/O pins[0m
[0;32mI (673) cpu_start: Pro cpu start user code[0m
[0;32mI (673) cpu_start: cpu freq: 240000000 Hz[0m
[0;32mI (675) app_init: Application information:[0m
[0;32mI (679) app_init: Project name:     esp-everything[0m
[0;32mI (683) app_init: App version:      99cde05-dirty[0m
[0;32mI (687) app_init: Compile time:     Sep 10 2026 22:00:00[0m
[0;32mI (693) app_init: ELF file SHA256:  11c2a2d03...[0m
[0;32mI (697) app_init: ESP-IDF:          v6.0.2[0m
[0;32mI (701) efuse_init: Min chip rev:     v0.0[0m
[0;32mI (704) efuse_init: Max chip rev:     v0.99 [0m
[0;32mI (708) efuse_init: Chip rev:         v0.2[0m
[0;32mI (712) heap_init: Initializing. RAM available for dynamic allocation:[0m
[0;32mI (719) heap_init: At 3FCB9E40 len 0002F8D0 (190 KiB): RAM[0m
[0;32mI (724) heap_init: At 3FCE9710 len 00005724 (21 KiB): RAM[0m
[0;32mI (729) heap_init: At 600FE000 len 00001FE8 (7 KiB): RTCRAM[0m
[0;32mI (734) esp_psram: Adding pool of 8192K of PSRAM memory to heap allocator[0m
[0;32mI (741) spi_flash: detected chip: gd[0m
[0;32mI (744) spi_flash: flash io: dio[0m
[0;32mI (747) sleep_gpio: Configure to isolate all GPIO pins in sleep state[0m
[0;32mI (753) sleep_gpio: Enable automatic switching of GPIO sleep configuration[0m
[0;32mI (760) main_task: Started on CPU0[0m
[0;32mI (763) esp_psram: Reserving pool of 32K of internal memory for DMA/internal allocations[0m
[0;32mI (771) main_task: Calling app_main()[0m
[0;32mI (774) mission: ESP starting[0m
[0;32mI (791) pp: pp rom version: e7ae62f[0m
[0;32mI (792) net80211: net80211 rom version: e7ae62f[0m
[0;32mI (793) wifi:wifi driver task: 3fcc9ac8, prio:23, stack:6656, core=0[0m
[0;32mI (801) wifi:wifi firmware version: 00ad238[0m
[0;32mI (801) wifi:wifi certification version: v7.0[0m
[0;32mI (802) wifi:config NVS flash: enabled[0m
[0;32mI (805) wifi:config nano formatting: disabled[0m
[0;32mI (810) wifi:Init data frame dynamic rx buffer num: 32[0m
[0;32mI (815) wifi:Init static rx mgmt buffer num: 5[0m
[0;32mI (819) wifi:Init management short buffer num: 32[0m
[0;32mI (823) wifi:Init dynamic tx buffer num: 32[0m
[0;32mI (827) wifi:Init static tx FG buffer num: 2[0m
[0;32mI (831) wifi:Init static rx buffer size: 1600[0m
[0;32mI (835) wifi:Init static rx buffer num: 10[0m
[0;32mI (839) wifi:Init dynamic rx buffer num: 32[0m
[0;32mI (843) wifi_init: rx ba win: 6[0m
[0;32mI (846) wifi_init: accept mbox: 6[0m
[0;32mI (849) wifi_init: tcpip mbox: 32[0m
[0;32mI (852) wifi_init: udp mbox: 6[0m
[0;32mI (854) wifi_init: tcp mbox: 6[0m
[0;32mI (857) wifi_init: tcp tx win: 5760[0m
[0;32mI (860) wifi_init: tcp rx win: 5760[0m
[0;32mI (864) wifi_init: tcp mss: 1440[0m
[0;32mI (867) wifi_init: WiFi IRAM OP enabled[0m
[0;32mI (870) wifi_init: WiFi RX IRAM OP enabled[0m
[0;33mW (874) wifi:Password length matches WPA2 standards, authmode threshold changes from OPEN to WPA2[0m
[0;32mI (883) phy_init: phy_version 712,87e8c20e,Apr 13 2026,18:51:10[0m
[0;32mI (923) wifi:mode : sta (98:a3:16:f7:04:b4)[0m
[0;32mI (923) wifi:enable tsf[0m
[0;32mI (925) wifi: Connecting to '<redacted-ssid>'...[0m
[0;32mI (927) mav: UART1 ready: TX=GPIO5 RX=GPIO4 @ 921600 baud[0m
[0;32mI (927) mav: Requested PX4 position + attitude at 20 Hz[0m
[0;32mI (932) tof: I2C master bus created[0m
[0;32mI (935) tof: TCA9548A registered[0m
[0;32mI (940) wifi: Telemetry → 192.0.2.1:5005 | Commands ← port 5006[0m
[0;33mW (945) mission: NANOLITE BENCH MODE: navigation and mission tasks are disabled[0m
[0;32mI (945) s3 ll_cam: DMA Channel=0[0m
[0;32mI (946) nanolite: read-only PX4 pose bridge ready: 20Hz max_age=250ms key=25cm/15deg[0m
[0;32mI (962) nanolite: NANOTOF enabled: interval=1000ms tuple=distance_mm,column,timestamp_us,age_ms yaw_deg=s0:45,s1:0,s2:315,s3:270,s4:225,s5:180,s6:135,s7:90[0m
[0;32mI (954) cam_hal: cam init ok[0m
[0;32mI (952) mission: All tasks spawned[0m
[0;32mI (978) sccb-ng: pin_sda 40 pin_scl 39[0m
[0;32mI (981) main_task: Returned from app_main()[0m
[0;32mI (985) sccb-ng: sccb_i2c_port=1[0m
[1;31mE (1004) camera: Detected camera not supported.[0m
[1;31mE (1005) camera: Camera probe failed with error 0x106(ESP_ERR_NOT_SUPPORTED)[0m
[1;31mE (1005) apriltag_detect: Camera Init Failed[0m
Guru Meditation Error: Core  1 panic'ed (IllegalInstruction). Exception was unhandled.
Memory dump at 0x42012ef4: e0b4bb81 f01d0008 65201110
--- 0x42012ef4: init_camera at /home/user/urex/firmware/nus_flight_app/main/at_detect.c:155(inlined by) at_detect_task at /home/user/urex/firmware/nus_flight_app/main/at_detect.c:277
Core  1 register dump:
PC      : 0x42012efa  PS      : 0x00060830  A0      : 0x00000000  A1      : 0x3fcdd100  
--- 0x42012efa: at_detect_task at /home/user/urex/firmware/nus_flight_app/main/at_detect.c:442
A2      : 0x00000000  A3      : 0x00000000  A4      : 0x00000000  A5      : 0x00000000  
A6      : 0x00000000  A7      : 0x00000000  A8      : 0x82012efa  A9      : 0x3fcdd0a0  
A10     : 0x00000001  A11     : 0x3c0c7030  A12     : 0x3c0c7040  A13     : 0x000003ed  
A14     : 0x3c0c7030  A15     : 0x000003ed  SAR     : 0x00000004  EXCCAUSE: 0x00000000  
EXCVADDR: 0x00000000  LBEG    : 0x400556d5  LEND    : 0x400556e5  LCOUNT  : 0xfffffffb  
--- 0x400556d5: strlen in ROM
--- 0x400556e5: strlen in ROM


Backtrace: 0x42012ef7:0x3fcdd100
--- 0x42012ef7: init_camera at /home/user/urex/firmware/nus_flight_app/main/at_detect.c:155(inlined by) at_detect_task at /home/user/urex/firmware/nus_flight_app/main/at_detect.c:277




ELF file SHA256: 11c2a2d03

Rebooting...
ESP-ROM:esp32s3-20210327
Build:Mar 27 2021
rst:0xc (RTC_SW_CPU_RST),boot:0xb (SPI_FAST_FLASH_BOOT)
Saved PC:0x40380406
--- 0x40380406: esp_cpu_wait_for_intr at /home/user/.espressif/v6.0.2/esp-idf/components/esp_hw_support/cpu.c:64
SPIWP:0xee
mode:DIO, clock div:1
load:0x3fce2820,len:0x14f0
load:0x403c8700,len:0xda0
--- 0x403c8700: _stext at ??:?
load:0x403cb700,len:0x2f54
entry 0x403c8908
--- 0x403c8908: call_start_cpu0 at /home/user/.espressif/v6.0.2/esp-idf/components/bootloader/subproject/main/bootloader_start.c:27
[0;32mI (24) boot: ESP-IDF v6.0.2 2nd stage bootloader[0m
[0;32mI (24) boot: compile time Sep  6 2026 22:47:32[0m
[0;32mI (24) boot: Multicore bootloader[0m
[0;32mI (25) boot: chip revision: v0.2[0m
[0;32mI (27) boot: efuse block revision: v1.3[0m
[0;32mI (31) boot.esp32s3: Boot SPI Speed : 80MHz[0m
[0;32mI (34) boot.esp32s3: SPI Mode       : DIO[0m
[0;32mI (38) boot.esp32s3: SPI Flash Size : 8MB[0m
[0;32mI (42) boot: Enabling RNG early entropy source...[0m
[0;32mI (46) boot: Partition Table:[0m
[0;32mI (49) boot: ## Label            Usage          Type ST Offset   Length[0m
[0;32mI (55) boot:  0 nvs              WiFi data        01 02 00009000 00006000[0m
[0;32mI (62) boot:  1 phy_init         RF data          01 01 0000f000 00001000[0m
[0;32mI (68) boot:  2 factory          factory app      00 00 00010000 00177000[0m
[0;32mI (75) boot: End of partition table[0m
[0;32mI (78) esp_image: segment 0: paddr=00010020 vaddr=3c0c0020 size=38764h (231268) map[0m
[0;32mI (128) esp_image: segment 1: paddr=0004878c vaddr=3fca0e00 size=0788ch ( 30860) load[0m
[0;32mI (135) esp_image: segment 2: paddr=00050020 vaddr=42000020 size=bd0c0h (774336) map[0m
[0;32mI (278) esp_image: segment 3: paddr=0010d0e8 vaddr=3fca868c size=0032ch (   812) load[0m
[0;32mI (278) esp_image: segment 4: paddr=0010d41c vaddr=40378000 size=18d60h (101728) load[0m
[0;32mI (305) esp_image: segment 5: paddr=00126184 vaddr=50000000 size=00024h (    36) load[0m
[0;32mI (316) boot: Loaded app from partition at offset 0x10000[0m
[0;32mI (316) boot: Disabling RNG early entropy source...[0m
[0;32mI (327) octal_psram: vendor id    : 0x0d (AP)[0m
[0;32mI (327) octal_psram: dev id       : 0x02 (generation 3)[0m
[0;32mI (327) octal_psram: density      : 0x03 (64 Mbit)[0m
[0;32mI (329) octal_psram: good-die     : 0x01 (Pass)[0m
[0;32mI (333) octal_psram: Latency      : 0x01 (Fixed)[0m
[0;32mI (337) octal_psram: VCC          : 0x01 (3V)[0m
[0;32mI (342) octal_psram: SRF          : 0x01 (Fast Refresh)[0m
[0;32mI (346) octal_psram: BurstType    : 0x01 (Hybrid Wrap)[0m
[0;32mI (351) octal_psram: BurstLen     : 0x01 (32 Byte)[0m
[0;32mI (356) octal_psram: Readlatency  : 0x02 (10 cycles@Fixed)[0m
[0;32mI (361) octal_psram: DriveStrength: 0x00 (1/1)[0m
[0;32mI (365) MSPI Timing: Enter psram timing tuning[0m
[0;32mI (370) esp_psram: Found 8MB PSRAM device[0m
[0;32mI (373) esp_psram: Speed: 80MHz[0m
[0;32mI (376) cpu_start: Multicore app[0m
[0;32mI (664) esp_psram: SPI SRAM memory test OK[0m
[0;32mI (673) cpu_start: GPIO 44 and 43 are used as console UART I/O pins[0m
[0;32mI (673) cpu_start: Pro cpu start user code[0m
[0;32mI (673) cpu_start: cpu freq: 240000000 Hz[0m
[0;32mI (675) app_init: Application information:[0m
[0;32mI (679) app_init: Project name:     esp-everything[0m
[0;32mI (683) app_init: App version:      99cde05-dirty[0m
[0;32mI (688) app_init: Compile time:     Sep 10 2026 22:00:00[0m
[0;32mI (693) app_init: ELF file SHA256:  11c2a2d03...[0m
[0;32mI (697) app_init: ESP-IDF:          v6.0.2[0m
[0;32mI (701) efuse_init: Min chip rev:     v0.0[0m
[0;32mI (705) efuse_init: Max chip rev:     v0.99 [0m
[0;32mI (709) efuse_init: Chip rev:         v0.2[0m
[0;32mI (712) heap_init: Initializing. RAM available for dynamic allocation:[0m
[0;32mI (719) heap_init: At 3FCB9E40 len 0002F8D0 (190 KiB): RAM[0m
[0;32mI (724) heap_init: At 3FCE9710 len 00005724 (21 KiB): RAM[0m
[0;32mI (729) heap_init: At 600FE000 len 00001FE8 (7 KiB): RTCRAM[0m
[0;32mI (734) esp_psram: Adding pool of 8192K of PSRAM memory to heap allocator[0m
[0;32mI (742) spi_flash: detected chip: gd[0m
[0;32mI (744) spi_flash: flash io: dio[0m
[0;32mI (747) sleep_gpio: Configure to isolate all GPIO pins in sleep state[0m
[0;32mI (753) sleep_gpio: Enable automatic switching of GPIO sleep configuration[0m
[0;32mI (760) main_task: Started on CPU0[0m
[0;32mI (763) esp_psram: Reserving pool of 32K of internal memory for DMA/internal allocations[0m
[0;32mI (771) main_task: Calling app_main()[0m
[0;32mI (774) mission: ESP starting[0m
[0;32mI (791) pp: pp rom version: e7ae62f[0m
[0;32mI (792) net80211: net80211 rom version: e7ae62f[0m
[0;32mI (793) wifi:wifi driver task: 3fcc9ac8, prio:23, stack:6656, core=0[0m
[0;32mI (801) wifi:wifi firmware version: 00ad238[0m
[0;32mI (801) wifi:wifi certification version: v7.0[0m
[0;32mI (802) wifi:config NVS flash: enabled[0m
[0;32mI (805) wifi:config nano formatting: disabled[0m
[0;32mI (810) wifi:Init data frame dynamic rx buffer num: 32[0m
[0;32mI (815) wifi:Init static rx mgmt buffer num: 5[0m
[0;32mI (819) wifi:Init management short buffer num: 32[0m
[0;32mI (823) wifi:Init dynamic tx buffer num: 32[0m
[0;32mI (827) wifi:Init static tx FG buffer num: 2[0m
[0;32mI (831) wifi:Init static rx buffer size: 1600[0m
[0;32mI (835) wifi:Init static rx buffer num: 10[0m
[0;32mI (839) wifi:Init dynamic rx buffer num: 32[0m
[0;32mI (843) wifi_init: rx ba win: 6[0m
[0;32mI (846) wifi_init: accept mbox: 6[0m
[0;32mI (849) wifi_init: tcpip mbox: 32[0m
[0;32mI (852) wifi_init: udp mbox: 6[0m
[0;32mI (854) wifi_init: tcp mbox: 6[0m
[0;32mI (857) wifi_init: tcp tx win: 5760[0m
[0;32mI (860) wifi_init: tcp rx win: 5760[0m
[0;32mI (864) wifi_init: tcp mss: 1440[0m
[0;32mI (867) wifi_init: WiFi IRAM OP enabled[0m
[0;32mI (870) wifi_init: WiFi RX IRAM OP enabled[0m
[0;33mW (874) wifi:Password length matches WPA2 standards, authmode threshold changes from OPEN to WPA2[0m
[0;32mI (883) phy_init: phy_version 712,87e8c20e,Apr 13 2026,18:51:10[0m
[0;32mI (922) wifi:mode : sta (98:a3:16:f7:04:b4)[0m
[0;32mI (922) wifi:enable tsf[0m
[0;32mI (925) wifi: Connecting to '<redacted-ssid>'...[0m
[0;32mI (926) mav: UART1 ready: TX=GPIO5 RX=GPIO4 @ 921600 baud[0m
[0;32mI (926) mav: Requested PX4 position + attitude at 20 Hz[0m
[0;32mI (932) tof: I2C master bus created[0m
[0;32mI (934) tof: TCA9548A registered[0m
[0;32mI (939) wifi: Telemetry → 192.0.2.1:5005 | Commands ← port 5006[0m
[0;33mW (944) mission: NANOLITE BENCH MODE: navigation and mission tasks are disabled[0m
[0;32mI (951) mission: All tasks spawned[0m
[0;32mI (945) s3 ll_cam: DMA Channel=0[0m
[0;32mI (945) nanolite: read-only PX4 pose bridge ready: 20Hz max_age=250ms key=25cm/15deg[0m
[0;32mI (964) nanolite: NANOTOF enabled: interval=1000ms tuple=distance_mm,column,timestamp_us,age_ms yaw_deg=s0:45,s1:0,s2:315,s3:270,s4:225,s5:180,s6:135,s7:90[0m
[0;32mI (957) cam_hal: cam init ok[0m
[0;32mI (981) sccb-ng: pin_sda 40 pin_scl 39[0m
[0;32mI (954) main_task: Returned from app_main()[0m
[0;32mI (984) sccb-ng: sccb_i2c_port=1[0m
[1;31mE (1003) camera: Detected camera not supported.[0m
[1;31mE (1004) camera: Camera probe failed with error 0x106(ESP_ERR_NOT_SUPPORTED)[0m
[1;31mE (1004) apriltag_detect: Camera Init Failed[0m
Guru Meditation Error: Core  1 panic'ed (IllegalInstruction). Exception was unhandled.
Memory dump at 0x42012ef4: e0b4bb81 f01d0008 65201110
--- 0x42012ef4: init_camera at /home/user/urex/firmware/nus_flight_app/main/at_detect.c:155(inlined by) at_detect_task at /home/user/urex/firmware/nus_flight_app/main/at_detect.c:277
Core  1 register dump:
PC      : 0x42012efa  PS      : 0x00060830  A0      : 0x00000000  A1      : 0x3fcdd100  
--- 0x42012efa: at_detect_task at /home/user/urex/firmware/nus_flight_app/main/at_detect.c:442
A2      : 0x00000000  A3      : 0x00000000  A4      : 0x00000000  A5      : 0x00000000  
A6      : 0x00000000  A7      : 0x00000000  A8      : 0x82012efa  A9      : 0x3fcdd0a0  
A10     : 0x00000001  A11     : 0x3c0c7030  A12     : 0x3c0c7040  A13     : 0x000003ec  
A14     : 0x3c0c7030  A15     : 0x000003ec  SAR     : 0x00000004  EXCCAUSE: 0x00000000  
EXCVADDR: 0x00000000  LBEG    : 0x400556d5  LEND    : 0x400556e5  LCOUNT  : 0xfffffffb  
--- 0x400556d5: strlen in ROM
--- 0x400556e5: strlen in ROM


Backtrace: 0x42012ef7:0x3fcdd100
--- 0x42012ef7: init_camera at /home/user/urex/firmware/nus_flight_app/main/at_detect.c:155(inlined by) at_detect_task at /home/user/urex/firmware/nus_flight_app/main/at_detect.c:277




ELF file SHA256: 11c2a2d03

Rebooting...
ESP-ROM:esp32s3-20210327
Build:Mar 27 2021
rst:0xc (RTC_SW_CPU_RST),boot:0xb (SPI_FAST_FLASH_BOOT)
Saved PC:0x40380406
--- 0x40380406: esp_cpu_wait_for_intr at /home/user/.espressif/v6.0.2/esp-idf/components/esp_hw_support/cpu.c:64
SPIWP:0xee
mode:DIO, clock div:1
load:0x3fce2820,len:0x14f0
load:0x403c8700,len:0xda0
--- 0x403c8700: _stext at ??:?
load:0x403cb700,len:0x2f54
entry 0x403c8908
--- 0x403c8908: call_start_cpu0 at /home/user/.espressif/v6.0.2/esp-idf/components/bootloader/subproject/main/bootloader_start.c:27
[0;32mI (24) boot: ESP-IDF v6.0.2 2nd stage bootloader[0m
[0;32mI (24) boot: compile time Sep  6 2026 22:47:32[0m
[0;32mI (24) boot: Multicore bootloader[0m
[0;32mI (25) boot: chip revision: v0.2[0m
[0;32mI (27) boot: efuse block revision: v1.3[0m
[0;32mI (31) boot.esp32s3: Boot SPI Speed : 80MHz[0m
[0;32mI (34) boot.esp32s3: SPI Mode       : DIO[0m
[0;32mI (38) boot.esp32s3: SPI Flash Size : 8MB[0m
[0;32mI (42) boot: Enabling RNG early entropy source...[0m
[0;32mI (46) boot: Partition Table:[0m
[0;32mI (49) boot: ## Label            Usage          Type ST Offset   Length[0m
[0;32mI (55) boot:  0 nvs              WiFi data        01 02 00009000 00006000[0m
[0;32mI (62) boot:  1 phy_init         RF data          01 01 0000f000 00001000[0m
[0;32mI (68) boot:  2 factory          factory app      00 00 00010000 00177000[0m
[0;32mI (75) boot: End of partition table[0m
[0;32mI (78) esp_image: segment 0: paddr=00010020 vaddr=3c0c0020 size=38764h (231268) map[0m
[0;32mI (128) esp_image: segment 1: paddr=0004878c vaddr=3fca0e00 size=0788ch ( 30860) load[0m
[0;32mI (135) esp_image: segment 2: paddr=00050020 vaddr=42000020 size=bd0c0h (774336) map[0m
[0;32mI (277) esp_image: segment 3: paddr=0010d0e8 vaddr=3fca868c size=0032ch (   812) load[0m
[0;32mI (278) esp_image: segment 4: paddr=0010d41c vaddr=40378000 size=18d60h (101728) load[0m
[0;32mI (305) esp_image: segment 5: paddr=00126184 vaddr=50000000 size=00024h (    36) load[0m
[0;32mI (316) boot: Loaded app from partition at offset 0x10000[0m
[0;32mI (316) boot: Disabling RNG early entropy source...[0m
[0;32mI (326) octal_psram: vendor id    : 0x0d (AP)[0m
[0;32mI (327) octal_psram: dev id       : 0x02 (generation 3)[0m
[0;32mI (327) octal_psram: density      : 0x03 (64 Mbit)[0m
[0;32mI (329) octal_psram: good-die     : 0x01 (Pass)[0m
[0;32mI (333) octal_psram: Latency      : 0x01 (Fixed)[0m
[0;32mI (337) octal_psram: VCC          : 0x01 (3V)[0m
[0;32mI (341) octal_psram: SRF          : 0x01 (Fast Refresh)[0m
[0;32mI (346) octal_psram: BurstType    : 0x01 (Hybrid Wrap)[0m
[0;32mI (351) octal_psram: BurstLen     : 0x01 (32 Byte)[0m
[0;32mI (356) octal_psram: Readlatency  : 0x02 (10 cycles@Fixed)[0m
[0;32mI (361) octal_psram: DriveStrength: 0x00 (1/1)[0m
[0;32mI (365) MSPI Timing: Enter psram timing tuning[0m
[0;32mI (370) esp_psram: Found 8MB PSRAM device[0m
[0;32mI (373) esp_psram: Speed: 80MHz[0m
[0;32mI (376) cpu_start: Multicore app[0m
[0;32mI (664) esp_psram: SPI SRAM memory test OK[0m
[0;32mI (672) cpu_start: GPIO 44 and 43 are used as console UART I/O pins[0m
[0;32mI (673) cpu_start: Pro cpu start user code[0m
[0;32mI (673) cpu_start: cpu freq: 240000000 Hz[0m
[0;32mI (675) app_init: Application information:[0m
[0;32mI (679) app_init: Project name:     esp-everything[0m
[0;32mI (683) app_init: App version:      99cde05-dirty[0m
[0;32mI (687) app_init: Compile time:     Sep 10 2026 22:00:00[0m
[0;32mI (693) app_init: ELF file SHA256:  11c2a2d03...[0m
[0;32mI (697) app_init: ESP-IDF:          v6.0.2[0m
[0;32mI (701) efuse_init: Min chip rev:     v0.0[0m
[0;32mI (704) efuse_init: Max chip rev:     v0.99 [0m
[0;32mI (708) efuse_init: Chip rev:         v0.2[0m
[0;32mI (712) heap_init: Initializing. RAM available for dynamic allocation:[0m
[0;32mI (719) heap_init: At 3FCB9E40 len 0002F8D0 (190 KiB): RAM[0m
[0;32mI (724) heap_init: At 3FCE9710 len 00005724 (21 KiB): RAM[0m
[0;32mI (729) heap_init: At 600FE000 len 00001FE8 (7 KiB): RTCRAM[0m
[0;32mI (734) esp_psram: Adding pool of 8192K of PSRAM memory to heap allocator[0m
[0;32mI (741) spi_flash: detected chip: gd[0m
[0;32mI (744) spi_flash: flash io: dio[0m
[0;32mI (747) sleep_gpio: Configure to isolate all GPIO pins in sleep state[0m
[0;32mI (753) sleep_gpio: Enable automatic switching of GPIO sleep configuration[0m
[0;32mI (760) main_task: Started on CPU0[0m
[0;32mI (763) esp_psram: Reserving pool of 32K of internal memory for DMA/internal allocations[0m
[0;32mI (771) main_task: Calling app_main()[0m
[0;32mI (774) mission: ESP starting[0m
[0;32mI (791) pp: pp rom version: e7ae62f[0m
[0;32mI (792) net80211: net80211 rom version: e7ae62f[0m
[0;32mI (793) wifi:wifi driver task: 3fcc9ac8, prio:23, stack:6656, core=0[0m
[0;32mI (801) wifi:wifi firmware version: 00ad238[0m
[0;32mI (801) wifi:wifi certification version: v7.0[0m
[0;32mI (802) wifi:config NVS flash: enabled[0m
[0;32mI (805) wifi:config nano formatting: disabled[0m
[0;32mI (810) wifi:Init data frame dynamic rx buffer num: 32[0m
[0;32mI (815) wifi:Init static rx mgmt buffer num: 5[0m
[0;32mI (819) wifi:Init management short buffer num: 32[0m
[0;32mI (823) wifi:Init dynamic tx buffer num: 32[0m
[0;32mI (827) wifi:Init static tx FG buffer num: 2[0m
[0;32mI (831) wifi:Init static rx buffer size: 1600[0m
[0;32mI (835) wifi:Init static rx buffer num: 10[0m
[0;32mI (839) wifi:Init dynamic rx buffer num: 32[0m
[0;32mI (843) wifi_init: rx ba win: 6[0m
[0;32mI (846) wifi_init: accept mbox: 6[0m
[0;32mI (849) wifi_init: tcpip mbox: 32[0m
[0;32mI (852) wifi_init: udp mbox: 6[0m
[0;32mI (854) wifi_init: tcp mbox: 6[0m
[0;32mI (857) wifi_init: tcp tx win: 5760[0m
[0;32mI (860) wifi_init: tcp rx win: 5760[0m
[0;32mI (864) wifi_init: tcp mss: 1440[0m
[0;32mI (867) wifi_init: WiFi IRAM OP enabled[0m
[0;32mI (870) wifi_init: WiFi RX IRAM OP enabled[0m
[0;33mW (874) wifi:Password length matches WPA2 standards, authmode threshold changes from OPEN to WPA2[0m
[0;32mI (883) phy_init: phy_version 712,87e8c20e,Apr 13 2026,18:51:10[0m
[0;32mI (922) wifi:mode : sta (98:a3:16:f7:04:b4)[0m
[0;32mI (922) wifi:enable tsf[0m
[0;32mI (925) wifi: Connecting to '<redacted-ssid>'...[0m
[0;32mI (926) mav: UART1 ready: TX=GPIO5 RX=GPIO4 @ 921600 baud[0m
[0;32mI (926) mav: Requested PX4 position + attitude at 20 Hz[0m
[0;32mI (932) tof: I2C master bus created[0m
[0;32mI (934) tof: TCA9548A registered[0m
[0;32mI (939) wifi: Telemetry → 192.0.2.1:5005 | Commands ← port 5006[0m
[0;33mW (944) mission: NANOLITE BENCH MODE: navigation and mission tasks are disabled[0m
[0;32mI (951) mission: All tasks spawned[0m
[0;32mI (945) s3 ll_cam: DMA Channel=0[0m
[0;32mI (945) nanolite: read-only PX4 pose bridge ready: 20Hz max_age=250ms key=25cm/15deg[0m
[0;32mI (964) nanolite: NANOTOF enabled: interval=1000ms tuple=distance_mm,column,timestamp_us,age_ms yaw_deg=s0:45,s1:0,s2:315,s3:270,s4:225,s5:180,s6:135,s7:90[0m
[0;32mI (957) cam_hal: cam init ok[0m
[0;32mI (954) main_task: Returned from app_main()[0m
[0;32mI (980) sccb-ng: pin_sda 40 pin_scl 39[0m
[0;32mI (988) sccb-ng: sccb_i2c_port=1[0m
[1;31mE (1003) camera: Detected camera not supported.[0m
[1;31mE (1004) camera: Camera probe failed with error 0x106(ESP_ERR_NOT_SUPPORTED)[0m
[1;31mE (1004) apriltag_detect: Camera Init Failed[0m
Guru Meditation Error: Core  1 panic'ed (IllegalInstruction). Exception was unhandled.
Memory dump at 0x42012ef4: e0b4bb81 f01d0008 65201110
--- 0x42012ef4: init_camera at /home/user/urex/firmware/nus_flight_app/main/at_detect.c:155(inlined by) at_detect_task at /home/user/urex/firmware/nus_flight_app/main/at_detect.c:277
Core  1 register dump:
PC      : 0x42012efa  PS      : 0x00060830  A0      : 0x00000000  A1      : 0x3fcdd100  
--- 0x42012efa: at_detect_task at /home/user/urex/firmware/nus_flight_app/main/at_detect.c:442
A2      : 0x00000000  A3      : 0x00000000  A4      : 0x00000000  A5      : 0x00000000  
A6      : 0x00000000  A7      : 0x00000000  A8      : 0x82012efa  A9      : 0x3fcdd0a0  
A10     : 0x00000001  A11     : 0x3c0c7030  A12     : 0x3c0c7040  A13     : 0x000003ec  
A14     : 0x3c0c7030  A15     : 0x000003ec  SAR     : 0x00000004  EXCCAUSE: 0x00000000  
EXCVADDR: 0x00000000  LBEG    : 0x400556d5  LEND    : 0x400556e5  LCOUNT  : 0xfffffffb  
--- 0x400556d5: strlen in ROM
--- 0x400556e5: strlen in ROM


Backtrace: 0x42012ef7:0x3fcdd100
--- 0x42012ef7: init_camera at /home/user/urex/firmware/nus_flight_app/main/at_detect.c:155(inlined by) at_detect_task at /home/user/urex/firmware/nus_flight_app/main/at_detect.c:277




ELF file SHA256: 11c2a2d03

Rebooting...
ESP-ROM:esp32s3-20210327
Build:Mar 27 2021
rst:0xc (RTC_SW_CPU_RST),boot:0xb (SPI_FAST_FLASH_BOOT)
Saved PC:0x40380406
--- 0x40380406: esp_cpu_wait_for_intr at /home/user/.espressif/v6.0.2/esp-idf/components/esp_hw_support/cpu.c:64
SPIWP:0xee
mode:DIO, clock div:1
load:0x3fce2820,len:0x14f0
load:0x403c8700,len:0xda0
--- 0x403c8700: _stext at ??:?
load:0x403cb700,len:0x2f54
entry 0x403c8908
--- 0x403c8908: call_start_cpu0 at /home/user/.espressif/v6.0.2/esp-idf/components/bootloader/subproject/main/bootloader_start.c:27
[0;32mI (24) boot: ESP-IDF v6.0.2 2nd stage bootloader[0m
[0;32mI (24) boot: compile time Sep  6 2026 22:47:32[0m
[0;32mI (24) boot: Multicore bootloader[0m
[0;32mI (25) boot: chip revision: v0.2[0m
[0;32mI (27) boot: efuse block revision: v1.3[0m
[0;32mI (31) boot.esp32s3: Boot SPI Speed : 80MHz[0m
[0;32mI (34) boot.esp32s3: SPI Mode       : DIO[0m
[0;32mI (38) boot.esp32s3: SPI Flash Size : 8MB[0m
[0;32mI (42) boot: Enabling RNG early entropy source...[0m
[0;32mI (46) boot: Partition Table:[0m
[0;32mI (49) boot: ## Label            Usage          Type ST Offset   Length[0m
[0;32mI (55) boot:  0 nvs              WiFi data        01 02 00009000 00006000[0m
[0;32mI (62) boot:  1 phy_init         RF data          01 01 0000f000 00001000[0m
[0;32mI (68) boot:  2 factory          factory app      00 00 00010000 00177000[0m
[0;32mI (75) boot: End of partition table[0m
[0;32mI (78) esp_image: segment 0: paddr=00010020 vaddr=3c0c0020 size=38764h (231268) map[0m
[0;32mI (128) esp_image: segment 1: paddr=0004878c vaddr=3fca0e00 size=0788ch ( 30860) load[0m
[0;32mI (135) esp_image: segment 2: paddr=00050020 vaddr=42000020 size=bd0c0h (774336) map[0m
[0;32mI (277) esp_image: segment 3: paddr=0010d0e8 vaddr=3fca868c size=0032ch (   812) load[0m
[0;32mI (278) esp_image: segment 4: paddr=0010d41c vaddr=40378000 size=18d60h (101728) load[0m
[0;32mI (305) esp_image: segment 5: paddr=00126184 vaddr=50000000 size=00024h (    36) load[0m
[0;32mI (316) boot: Loaded app from partition at offset 0x10000[0m
[0;32mI (316) boot: Disabling RNG early entropy source...[0m
[0;32mI (326) octal_psram: vendor id    : 0x0d (AP)[0m
[0;32mI (327) octal_psram: dev id       : 0x02 (generation 3)[0m
[0;32mI (327) octal_psram: density      : 0x03 (64 Mbit)[0m
[0;32mI (329) octal_psram: good-die     : 0x01 (Pass)[0m
[0;32mI (333) octal_psram: Latency      : 0x01 (Fixed)[0m
[0;32mI (337) octal_psram: VCC          : 0x01 (3V)[0m
[0;32mI (341) octal_psram: SRF          : 0x01 (Fast Refresh)[0m
[0;32mI (346) octal_psram: BurstType    : 0x01 (Hybrid Wrap)[0m
[0;32mI (351) octal_psram: BurstLen     : 0x01 (32 Byte)[0m
[0;32mI (356) octal_psram: Readlatency  : 0x02 (10 cycles@Fixed)[0m
[0;32mI (361) octal_psram: DriveStrength: 0x00 (1/1)[0m
[0;32mI (365) MSPI Timing: Enter psram timing tuning[0m
[0;32mI (370) esp_psram: Found 8MB PSRAM device[0m
[0;32mI (373) esp_psram: Speed: 80MHz[0m
[0;32mI (376) cpu_start: Multicore app[0m
[0;32mI (664) esp_psram: SPI SRAM memory test OK[0m
[0;32mI (672) cpu_start: GPIO 44 and 43 are used as console UART I/O pins[0m
[0;32mI (673) cpu_start: Pro cpu start user code[0m
[0;32mI (673) cpu_start: cpu freq: 240000000 Hz[0m
[0;32mI (675) app_init: Application information:[0m
[0;32mI (679) app_init: Project name:     esp-everything[0m
[0;32mI (683) app_init: App version:      99cde05-dirty[0m
[0;32mI (687) app_init: Compile time:     Sep 10 2026 22:00:00[0m
[0;32mI (693) app_init: ELF file SHA256:  11c2a2d03...[0m
[0;32mI (697) app_init: ESP-IDF:          v6.0.2[0m
[0;32mI (701) efuse_init: Min chip rev:     v0.0[0m
[0;32mI (704) efuse_init: Max chip rev:     v0.99 [0m
[0;32mI (708) efuse_init: Chip rev:         v0.2[0m
[0;32mI (712) heap_init: Initializing. RAM available for dynamic allocation:[0m
[0;32mI (719) heap_init: At 3FCB9E40 len 0002F8D0 (190 KiB): RAM[0m
[0;32mI (724) heap_init: At 3FCE9710 len 00005724 (21 KiB): RAM[0m
[0;32mI (729) heap_init: At 600FE000 len 00001FE8 (7 KiB): RTCRAM[0m
[0;32mI (734) esp_psram: Adding pool of 8192K of PSRAM memory to heap allocator[0m
[0;32mI (741) spi_flash: detected chip: gd[0m
[0;32mI (744) spi_flash: flash io: dio[0m
[0;32mI (747) sleep_gpio: Configure to isolate all GPIO pins in sleep state[0m
[0;32mI (753) sleep_gpio: Enable automatic switching of GPIO sleep configuration[0m
[0;32mI (760) main_task: Started on CPU0[0m
[0;32mI (763) esp_psram: Reserving pool of 32K of internal memory for DMA/internal allocations[0m
[0;32mI (771) main_task: Calling app_main()[0m
[0;32mI (774) mission: ESP starting[0m
[0;32mI (791) pp: pp rom version: e7ae62f[0m
[0;32mI (792) net80211: net80211 rom version: e7ae62f[0m
[0;32mI (793) wifi:wifi driver task: 3fcc9ac8, prio:23, stack:6656, core=0[0m
[0;32mI (801) wifi:wifi firmware version: 00ad238[0m
[0;32mI (801) wifi:wifi certification version: v7.0[0m
[0;32mI (802) wifi:config NVS flash: enabled[0m
[0;32mI (805) wifi:config nano formatting: disabled[0m
[0;32mI (810) wifi:Init data frame dynamic rx buffer num: 32[0m
[0;32mI (815) wifi:Init static rx mgmt buffer num: 5[0m
[0;32mI (819) wifi:Init management short buffer num: 32[0m
[0;32mI (823) wifi:Init dynamic tx buffer num: 32[0m
[0;32mI (827) wifi:Init static tx FG buffer num: 2[0m
[0;32mI (831) wifi:Init static rx buffer size: 1600[0m
[0;32mI (835) wifi:Init static rx buffer num: 10[0m
[0;32mI (839) wifi:Init dynamic rx buffer num: 32[0m
[0;32mI (843) wifi_init: rx ba win: 6[0m
[0;32mI (846) wifi_init: accept mbox: 6[0m
[0;32mI (849) wifi_init: tcpip mbox: 32[0m
[0;32mI (852) wifi_init: udp mbox: 6[0m
[0;32mI (854) wifi_init: tcp mbox: 6[0m
[0;32mI (857) wifi_init: tcp tx win: 5760[0m
[0;32mI (860) wifi_init: tcp rx win: 5760[0m
[0;32mI (864) wifi_init: tcp mss: 1440[0m
[0;32mI (867) wifi_init: WiFi IRAM OP enabled[0m
[0;32mI (870) wifi_init: WiFi RX IRAM OP enabled[0m
[0;33mW (874) wifi:Password length matches WPA2 standards, authmode threshold changes from OPEN to WPA2[0m
[0;32mI (883) phy_init: phy_version 712,87e8c20e,Apr 13 2026,18:51:10[0m
[0;32mI (922) wifi:mode : sta (98:a3:16:f7:04:b4)[0m
[0;32mI (922) wifi:enable tsf[0m
[0;32mI (925) wifi: Connecting to '<redacted-ssid>'...[0m
[0;32mI (926) mav: UART1 ready: TX=GPIO5 RX=GPIO4 @ 921600 baud[0m
[0;32mI (926) mav: Requested PX4 position + attitude at 20 Hz[0m
[0;32mI (932) tof: I2C master bus created[0m
[0;32mI (934) tof: TCA9548A registered[0m
[0;32mI (939) wifi: Telemetry → 192.0.2.1:5005 | Commands ← port 5006[0m
[0;33mW (944) mission: NANOLITE BENCH MODE: navigation and mission tasks are disabled[0m
[0;32mI (951) mission: All tasks spawned[0m
[0;32mI (945) s3 ll_cam: DMA Channel=0[0m
[0;32mI (945) nanolite: read-only PX4 pose bridge ready: 20Hz max_age=250ms key=25cm/15deg[0m
[0;32mI (964) nanolite: NANOTOF enabled: interval=1000ms tuple=distance_mm,column,timestamp_us,age_ms yaw_deg=s0:45,s1:0,s2:315,s3:270,s4:225,s5:180,s6:135,s7:90[0m
[0;32mI (957) cam_hal: cam init ok[0m
[0;32mI (954) main_task: Returned from app_main()[0m
[0;32mI (980) sccb-ng: pin_sda 40 pin_scl 39[0m
[0;32mI (988) sccb-ng: sccb_i2c_port=1[0m
[1;31mE (1003) camera: Detected camera not supported.[0m
[1;31mE (1004) camera: Camera probe failed with error 0x106(ESP_ERR_NOT_SUPPORTED)[0m
[1;31mE (1004) apriltag_detect: Camera Init Failed[0m
Guru Meditation Error: Core  1 panic'ed (IllegalInstruction). Exception was unhandled.
Memory dump at 0x42012ef4: e0b4bb81 f01d0008 65201110
--- 0x42012ef4: init_camera at /home/user/urex/firmware/nus_flight_app/main/at_detect.c:155(inlined by) at_detect_task at /home/user/urex/firmware/nus_flight_app/main/at_detect.c:277
Core  1 register dump:
PC      : 0x42012efa  PS      : 0x00060830  A0      : 0x00000000  A1      : 0x3fcdd100  
--- 0x42012efa: at_detect_task at /home/user/urex/firmware/nus_flight_app/main/at_detect.c:442
A2      : 0x00000000  A3      : 0x00000000  A4      : 0x00000000  A5      : 0x00000000  
A6      : 0x00000000  A7      : 0x00000000  A8      : 0x82012efa  A9      : 0x3fcdd0a0  
A10     : 0x00000001  A11     : 0x3c0c7030  A12     : 0x3c0c7040  A13     : 0x000003ec  
A14     : 0x3c0c7030  A15     : 0x000003ec  SAR     : 0x00000004  EXCCAUSE: 0x00000000  
EXCVADDR: 0x00000000  LBEG    : 0x400556d5  LEND    : 0x400556e5  LCOUNT  : 0xfffffffb  
--- 0x400556d5: strlen in ROM
--- 0x400556e5: strlen in ROM


Backtrace: 0x42012ef7:0x3fcdd100
--- 0x42012ef7: init_camera at /home/user/urex/firmware/nus_flight_app/main/at_detect.c:155(inlined by) at_detect_task at /home/user/urex/firmware/nus_flight_app/main/at_detect.c:277




ELF file SHA256: 11c2a2d03

Rebooting...
ESP-ROM:esp32s3-20210327
Build:Mar 27 2021
rst:0xc (RTC_SW_CPU_RST),boot:0xb (SPI_FAST_FLASH_BOOT)
Saved PC:0x40380406
--- 0x40380406: esp_cpu_wait_for_intr at /home/user/.espressif/v6.0.2/esp-idf/components/esp_hw_support/cpu.c:64
SPIWP:0xee
mode:DIO, clock div:1
load:0x3fce2820,len:0x14f0
load:0x403c8700,len:0xda0
--- 0x403c8700: _stext at ??:?
load:0x403cb700,len:0x2f54
entry 0x403c8908
--- 0x403c8908: call_start_cpu0 at /home/user/.espressif/v6.0.2/esp-idf/components/bootloader/subproject/main/bootloader_start.c:27
[0;32mI (24) boot: ESP-IDF v6.0.2 2nd stage bootloader[0m
[0;32mI (24) boot: compile time Sep  6 2026 22:47:32[0m
[0;32mI (24) boot: Multicore bootloader[0m
[0;32mI (25) boot: chip revision: v0.2[0m
[0;32mI (27) boot: efuse block revision: v1.3[0m
[0;32mI (31) boot.esp32s3: Boot SPI Speed : 80MHz[0m
[0;32mI (34) boot.esp32s3: SPI Mode       : DIO[0m
[0;32mI (38) boot.esp32s3: SPI Flash Size : 8MB[0m
[0;32mI (42) boot: Enabling RNG early entropy source...[0m
[0;32mI (46) boot: Partition Table:[0m
[0;32mI (49) boot: ## Label            Usage          Type ST Offset   Length[0m
[0;32mI (55) boot:  0 nvs              WiFi data        01 02 00009000 00006000[0m
[0;32mI (62) boot:  1 phy_init         RF data          01 01 0000f000 00001000[0m
[0;32mI (68) boot:  2 factory          factory app      00 00 00010000 00177000[0m
[0;32mI (75) boot: End of partition table[0m
[0;32mI (78) esp_image: segment 0: paddr=00010020 vaddr=3c0c0020 size=38764h (231268) map[0m
[0;32mI (128) esp_image: segment 1: paddr=0004878c vaddr=3fca0e00 size=0788ch ( 30860) load[0m
[0;32mI (135) esp_image: segment 2: paddr=00050020 vaddr=42000020 size=bd0c0h (774336) map[0m
[0;32mI (277) esp_image: segment 3: paddr=0010d0e8 vaddr=3fca868c size=0032ch (   812) load[0m
[0;32mI (278) esp_image: segment 4: paddr=0010d41c vaddr=40378000 size=18d60h (101728) load[0m
[0;32mI (305) esp_image: segment 5: paddr=00126184 vaddr=50000000 size=00024h (    36) load[0m
[0;32mI (316) boot: Loaded app from partition at offset 0x10000[0m
[0;32mI (316) boot: Disabling RNG early entropy source...[0m
[0;32mI (326) octal_psram: vendor id    : 0x0d (AP)[0m
[0;32mI (327) octal_psram: dev id       : 0x02 (generation 3)[0m
[0;32mI (327) octal_psram: density      : 0x03 (64 Mbit)[0m
[0;32mI (329) octal_psram: good-die     : 0x01 (Pass)[0m
[0;32mI (333) octal_psram: Latency      : 0x01 (Fixed)[0m
[0;32mI (337) octal_psram: VCC          : 0x01 (3V)[0m
[0;32mI (341) octal_psram: SRF          : 0x01 (Fast Refresh)[0m
[0;32mI (346) octal_psram: BurstType    : 0x01 (Hybrid Wrap)[0m
[0;32mI (351) octal_psram: BurstLen     : 0x01 (32 Byte)[0m
[0;32mI (356) octal_psram: Readlatency  : 0x02 (10 cycles@Fixed)[0m
[0;32mI (361) octal_psram: DriveStrength: 0x00 (1/1)[0m
[0;32mI (365) MSPI Timing: Enter psram timing tuning[0m
[0;32mI (370) esp_psram: Found 8MB PSRAM device[0m
[0;32mI (373) esp_psram: Speed: 80MHz[0m
[0;32mI (376) cpu_start: Multicore app[0m
[0;32mI (664) esp_psram: SPI SRAM memory test OK[0m
[0;32mI (672) cpu_start: GPIO 44 and 43 are used as console UART I/O pins[0m
[0;32mI (673) cpu_start: Pro cpu start user code[0m
[0;32mI (673) cpu_start: cpu freq: 240000000 Hz[0m
[0;32mI (675) app_init: Application information:[0m
[0;32mI (679) app_init: Project name:     esp-everything[0m
[0;32mI (683) app_init: App version:      99cde05-dirty[0m
[0;32mI (687) app_init: Compile time:     Sep 10 2026 22:00:00[0m
[0;32mI (693) app_init: ELF file SHA256:  11c2a2d03...[0m
[0;32mI (697) app_init: ESP-IDF:          v6.0.2[0m
[0;32mI (701) efuse_init: Min chip rev:     v0.0[0m
[0;32mI (704) efuse_init: Max chip rev:     v0.99 [0m
[0;32mI (708) efuse_init: Chip rev:         v0.2[0m
[0;32mI (712) heap_init: Initializing. RAM available for dynamic allocation:[0m
[0;32mI (719) heap_init: At 3FCB9E40 len 0002F8D0 (190 KiB): RAM[0m
[0;32mI (724) heap_init: At 3FCE9710 len 00005724 (21 KiB): RAM[0m
[0;32mI (729) heap_init: At 600FE000 len 00001FE8 (7 KiB): RTCRAM[0m
[0;32mI (734) esp_psram: Adding pool of 8192K of PSRAM memory to heap allocator[0m
[0;32mI (741) spi_flash: detected chip: gd[0m
[0;32mI (744) spi_flash: flash io: dio[0m
[0;32mI (747) sleep_gpio: Configure to isolate all GPIO pins in sleep state[0m
[0;32mI (753) sleep_gpio: Enable automatic switching of GPIO sleep configuration[0m
[0;32mI (760) main_task: Started on CPU0[0m
[0;32mI (763) esp_psram: Reserving pool of 32K of internal memory for DMA/internal allocations[0m
[0;32mI (771) main_task: Calling app_main()[0m
[0;32mI (774) mission: ESP starting[0m
[0;32mI (791) pp: pp rom version: e7ae62f[0m
[0;32mI (792) net80211: net80211 rom version: e7ae62f[0m
[0;32mI (793) wifi:wifi driver task: 3fcc9ac8, prio:23, stack:6656, core=0[0m
[0;32mI (801) wifi:wifi firmware version: 00ad238[0m
[0;32mI (801) wifi:wifi certification version: v7.0[0m
[0;32mI (802) wifi:config NVS flash: enabled[0m
[0;32mI (805) wifi:config nano formatting: disabled[0m
[0;32mI (810) wifi:Init data frame dynamic rx buffer num: 32[0m
[0;32mI (815) wifi:Init static rx mgmt buffer num: 5[0m
[0;32mI (819) wifi:Init management short buffer num: 32[0m
[0;32mI (823) wifi:Init dynamic tx buffer num: 32[0m
[0;32mI (827) wifi:Init static tx FG buffer num: 2[0m
[0;32mI (831) wifi:Init static rx buffer size: 1600[0m
[0;32mI (835) wifi:Init static rx buffer num: 10[0m
[0;32mI (839) wifi:Init dynamic rx buffer num: 32[0m
[0;32mI (843) wifi_init: rx ba win: 6[0m
[0;32mI (846) wifi_init: accept mbox: 6[0m
[0;32mI (849) wifi_init: tcpip mbox: 32[0m
[0;32mI (852) wifi_init: udp mbox: 6[0m
[0;32mI (854) wifi_init: tcp mbox: 6[0m
[0;32mI (857) wifi_init: tcp tx win: 5760[0m
[0;32mI (860) wifi_init: tcp rx win: 5760[0m
[0;32mI (864) wifi_init: tcp mss: 1440[0m
[0;32mI (867) wifi_init: WiFi IRAM OP enabled[0m
[0;32mI (870) wifi_init: WiFi RX IRAM OP enabled[0m
[0;33mW (874) wifi:Password length matches WPA2 standards, authmode threshold changes from OPEN to WPA2[0m
[0;32mI (883) phy_init: phy_version 712,87e8c20e,Apr 13 2026,18:51:10[0m
[0;32mI (921) wifi:mode : sta (98:a3:16:f7:04:b4)[0m
[0;32mI (922) wifi:enable tsf[0m
[0;32mI (924) wifi: Connecting to '<redacted-ssid>'...[0m
[0;32mI (925) mav: UART1 ready: TX=GPIO5 RX=GPIO4 @ 921600 baud[0m
[0;32mI (926) mav: Requested PX4 position + attitude at 20 Hz[0m
[0;32mI (931) tof: I2C master bus created[0m
[0;32mI (934) tof: TCA9548A registered[0m
[0;32mI (939) wifi: Telemetry → 192.0.2.1:5005 | Commands ← port 5006[0m
[0;33mW (944) mission: NANOLITE BENCH MODE: navigation and mission tasks are disabled[0m
[0;32mI (944) s3 ll_cam: DMA Channel=0[0m
[0;32mI (945) nanolite: read-only PX4 pose bridge ready: 20Hz max_age=250ms key=25cm/15deg[0m
[0;32mI (961) nanolite: NANOTOF enabled: interval=1000ms tuple=distance_mm,column,timestamp_us,age_ms yaw_deg=s0:45,s1:0,s2:315,s3:270,s4:225,s5:180,s6:135,s7:90[0m
[0;32mI (953) cam_hal: cam init ok[0m
[0;32mI (950) mission: All tasks spawned[0m
[0;32mI (977) sccb-ng: pin_sda 40 pin_scl 39[0m
[0;32mI (980) main_task: Returned from app_main()[0m
[0;32mI (983) sccb-ng: sccb_i2c_port=1[0m
[1;31mE (1003) camera: Detected camera not supported.[0m
[1;31mE (1004) camera: Camera probe failed with error 0x106(ESP_ERR_NOT_SUPPORTED)[0m
[1;31mE (1004) apriltag_detect: Camera Init Failed[0m
Guru Meditation Error: Core  1 panic'ed (IllegalInstruction). Exception was unhandled.
Memory dump at 0x42012ef4: e0b4bb81 f01d0008 65201110
--- 0x42012ef4: init_camera at /home/user/urex/firmware/nus_flight_app/main/at_detect.c:155(inlined by) at_detect_task at /home/user/urex/firmware/nus_flight_app/main/at_detect.c:277
Core  1 register dump:
PC      : 0x42012efa  PS      : 0x00060830  A0      : 0x00000000  A1      : 0x3fcdd100  
--- 0x42012efa: at_detect_task at /home/user/urex/firmware/nus_flight_app/main/at_detect.c:442
A2      : 0x00000000  A3      : 0x00000000  A4      : 0x00000000  A5      : 0x00000000  
A6      : 0x00000000  A7      : 0x00000000  A8      : 0x82012efa  A9      : 0x3fcdd0a0  
A10     : 0x00000001  A11     : 0x3c0c7030  A12     : 0x3c0c7040  A13     : 0x000003ec  
A14     : 0x3c0c7030  A15     : 0x000003ec  SAR     : 0x00000004  EXCCAUSE: 0x00000000  
EXCVADDR: 0x00000000  LBEG    : 0x400556d5  LEND    : 0x400556e5  LCOUNT  : 0xfffffffb  
--- 0x400556d5: strlen in ROM
--- 0x400556e5: strlen in ROM


Backtrace: 0x42012ef7:0x3fcdd100
--- 0x42012ef7: init_camera at /home/user/urex/firmware/nus_flight_app/main/at_detect.c:155(inlined by) at_detect_task at /home/user/urex/firmware/nus_flight_app/main/at_detect.c:277




ELF file SHA256: 11c2a2d03

Rebooting...
ESP-ROM:esp32s3-20210327
Build:Mar 27 2021
rst:0xc (RTC_SW_CPU_RST),boot:0xb (SPI_FAST_FLASH_BOOT)
Saved PC:0x40380406
--- 0x40380406: esp_cpu_wait_for_intr at /home/user/.espressif/v6.0.2/esp-idf/components/esp_hw_support/cpu.c:64
SPIWP:0xee
mode:DIO, clock div:1
load:0x3fce2820,len:0x14f0
load:0x403c8700,len:0xda0
--- 0x403c8700: _stext at ??:?
load:0x403cb700,len:0x2f54
entry 0x403c8908
--- 0x403c8908: call_start_cpu0 at /home/user/.espressif/v6.0.2/esp-idf/components/bootloader/subproject/main/bootloader_start.c:27
[0;32mI (24) boot: ESP-IDF v6.0.2 2nd stage bootloader[0m
[0;32mI (24) boot: compile time Sep  6 2026 22:47:32[0m
[0;32mI (24) boot: Multicore bootloader[0m
[0;32mI (25) boot: chip revision: v0.2[0m
[0;32mI (27) boot: efuse block revision: v1.3[0m
[0;32mI (31) boot.esp32s3: Boot SPI Speed : 80MHz[0m
[0;32mI (34) boot.esp32s3: SPI Mode       : DIO[0m
[0;32mI (38) boot.esp32s3: SPI Flash Size : 8MB[0m
[0;32mI (42) boot: Enabling RNG early entropy source...[0m
[0;32mI (46) boot: Partition Table:[0m
[0;32mI (49) boot: ## Label            Usage          Type ST Offset   Length[0m
[0;32mI (55) boot:  0 nvs              WiFi data        01 02 00009000 00006000[0m
[0;32mI (62) boot:  1 phy_init         RF data          01 01 0000f000 00001000[0m
[0;32mI (68) boot:  2 factory          factory app      00 00 00010000 00177000[0m
[0;32mI (75) boot: End of partition table[0m
[0;32mI (78) esp_image: segment 0: paddr=00010020 vaddr=3c0c0020 size=38764h (231268) map[0m
[0;32mI (128) esp_image: segment 1: paddr=0004878c vaddr=3fca0e00 size=0788ch ( 30860) load[0m
[0;32mI (135) esp_image: segment 2: paddr=00050020 vaddr=42000020 size=bd0c0h (774336) map[0m
[0;32mI (277) esp_image: segment 3: paddr=0010d0e8 vaddr=3fca868c size=0032ch (   812) load[0m
[0;32mI (278) esp_image: segment 4: paddr=0010d41c vaddr=40378000 size=18d60h (101728) load[0m
[0;32mI (305) esp_image: segment 5: paddr=00126184 vaddr=50000000 size=00024h (    36) load[0m
[0;32mI (316) boot: Loaded app from partition at offset 0x10000[0m
[0;32mI (316) boot: Disabling RNG early entropy source...[0m
[0;32mI (326) octal_psram: vendor id    : 0x0d (AP)[0m
[0;32mI (327) octal_psram: dev id       : 0x02 (generation 3)[0m
[0;32mI (327) octal_psram: density      : 0x03 (64 Mbit)[0m
[0;32mI (329) octal_psram: good-die     : 0x01 (Pass)[0m
[0;32mI (333) octal_psram: Latency      : 0x01 (Fixed)[0m
[0;32mI (337) octal_psram: VCC          : 0x01 (3V)[0m
[0;32mI (341) octal_psram: SRF          : 0x01 (Fast Refresh)[0m
[0;32mI (346) octal_psram: BurstType    : 0x01 (Hybrid Wrap)[0m
[0;32mI (351) octal_psram: BurstLen     : 0x01 (32 Byte)[0m
[0;32mI (356) octal_psram: Readlatency  : 0x02 (10 cycles@Fixed)[0m
[0;32mI (361) octal_psram: DriveStrength: 0x00 (1/1)[0m
[0;32mI (365) MSPI Timing: Enter psram timing tuning[0m
[0;32mI (370) esp_psram: Found 8MB PSRAM device[0m
[0;32mI (373) esp_psram: Speed: 80MHz[0m
[0;32mI (376) cpu_start: Multicore app[0m
[0;32mI (664) esp_psram: SPI SRAM memory test OK[0m
[0;32mI (672) cpu_start: GPIO 44 and 43 are used as console UART I/O pins[0m
[0;32mI (673) cpu_start: Pro cpu start user code[0m
[0;32mI (673) cpu_start: cpu freq: 240000000 Hz[0m
[0;32mI (675) app_init: Application information:[0m
[0;32mI (679) app_init: Project name:     esp-everything[0m
[0;32mI (683) app_init: App version:      99cde05-dirty[0m
[0;32mI (687) app_init: Compile time:     Sep 10 2026 22:00:00[0m
[0;32mI (693) app_init: ELF file SHA256:  11c2a2d03...[0m
[0;32mI (697) app_init: ESP-IDF:          v6.0.2[0m
[0;32mI (701) efuse_init: Min chip rev:     v0.0[0m
[0;32mI (704) efuse_init: Max chip rev:     v0.99 [0m
[0;32mI (708) efuse_init: Chip rev:         v0.2[0m
[0;32mI (712) heap_init: Initializing. RAM available for dynamic allocation:[0m
[0;32mI (719) heap_init: At 3FCB9E40 len 0002F8D0 (190 KiB): RAM[0m
[0;32mI (724) heap_init: At 3FCE9710 len 00005724 (21 KiB): RAM[0m
[0;32mI (729) heap_init: At 600FE000 len 00001FE8 (7 KiB): RTCRAM[0m
[0;32mI (734) esp_psram: Adding pool of 8192K of PSRAM memory to heap allocator[0m
[0;32mI (741) spi_flash: detected chip: gd[0m
[0;32mI (744) spi_flash: flash io: dio[0m
[0;32mI (747) sleep_gpio: Configure to isolate all GPIO pins in sleep state[0m
[0;32mI (753) sleep_gpio: Enable automatic switching of GPIO sleep configuration[0m
[0;32mI (760) main_task: Started on CPU0[0m
[0;32mI (763) esp_psram: Reserving pool of 32K of internal memory for DMA/internal allocations[0m
[0;32mI (771) main_task: Calling app_main()[0m
[0;32mI (774) mission: ESP starting[0m
[0;32mI (791) pp: pp rom version: e7ae62f[0m
[0;32mI (792) net80211: net80211 rom version: e7ae62f[0m
[0;32mI (793) wifi:wifi driver task: 3fcc9ac8, prio:23, stack:6656, core=0[0m
[0;32mI (801) wifi:wifi firmware version: 00ad238[0m
[0;32mI (801) wifi:wifi certification version: v7.0[0m
[0;32mI (802) wifi:config NVS flash: enabled[0m
[0;32mI (805) wifi:config nano formatting: disabled[0m
[0;32mI (810) wifi:Init data frame dynamic rx buffer num: 32[0m
[0;32mI (815) wifi:Init static rx mgmt buffer num: 5[0m
[0;32mI (819) wifi:Init management short buffer num: 32[0m
[0;32mI (823) wifi:Init dynamic tx buffer num: 32[0m
[0;32mI (827) wifi:Init static tx FG buffer num: 2[0m
[0;32mI (831) wifi:Init static rx buffer size: 1600[0m
[0;32mI (835) wifi:Init static rx buffer num: 10[0m
[0;32mI (839) wifi:Init dynamic rx buffer num: 32[0m
[0;32mI (843) wifi_init: rx ba win: 6[0m
[0;32mI (846) wifi_init: accept mbox: 6[0m
[0;32mI (849) wifi_init: tcpip mbox: 32[0m
[0;32mI (852) wifi_init: udp mbox: 6[0m
[0;32mI (854) wifi_init: tcp mbox: 6[0m
[0;32mI (857) wifi_init: tcp tx win: 5760[0m
[0;32mI (860) wifi_init: tcp rx win: 5760[0m
[0;32mI (864) wifi_init: tcp mss: 1440[0m
[0;32mI (867) wifi_init: WiFi IRAM OP enabled[0m
[0;32mI (870) wifi_init: WiFi RX IRAM OP enabled[0m
[0;33mW (874) wifi:Password length matches WPA2 standards, authmode threshold changes from OPEN to WPA2[0m
[0;32mI (883) phy_init: phy_version 712,87e8c20e,Apr 13 2026,18:51:10[0m
[0;32mI (922) wifi:mode : sta (98:a3:16:f7:04:b4)[0m
[0;32mI (922) wifi:enable tsf[0m
[0;32mI (925) wifi: Connecting to '<redacted-ssid>'...[0m
[0;32mI (926) mav: UART1 ready: TX=GPIO5 RX=GPIO4 @ 921600 baud[0m
[0;32mI (926) mav: Requested PX4 position + attitude at 20 Hz[0m
[0;32mI (932) tof: I2C master bus created[0m
[0;32mI (934) tof: TCA9548A registered[0m
[0;32mI (939) wifi: Telemetry → 192.0.2.1:5005 | Commands ← port 5006[0m
[0;33mW (944) mission: NANOLITE BENCH MODE: navigation and mission tasks are disabled[0m
[0;32mI (951) mission: All tasks spawned[0m
[0;32mI (945) s3 ll_cam: DMA Channel=0[0m
[0;32mI (945) nanolite: read-only PX4 pose bridge ready: 20Hz max_age=250ms key=25cm/15deg[0m
[0;32mI (965) nanolite: NANOTOF enabled: interval=1000ms tuple=distance_mm,column,timestamp_us,age_ms yaw_deg=s0:45,s1:0,s2:315,s3:270,s4:225,s5:180,s6:135,s7:90[0m
[0;32mI (957) cam_hal: cam init ok[0m
[0;32mI (981) sccb-ng: pin_sda 40 pin_scl 39[0m
[0;32mI (954) main_task: Returned from app_main()[0m
[0;32mI (984) sccb-ng: sccb_i2c_port=1[0m
[1;31mE (1003) camera: Detected camera not supported.[0m
[1;31mE (1004) camera: Camera probe failed with error 0x106(ESP_ERR_NOT_SUPPORTED)[0m
[1;31mE (1004) apriltag_detect: Camera Init Failed[0m
Guru Meditation Error: Core  1 panic'ed (IllegalInstruction). Exception was unhandled.
Memory dump at 0x42012ef4: e0b4bb81 f01d0008 65201110
--- 0x42012ef4: init_camera at /home/user/urex/firmware/nus_flight_app/main/at_detect.c:155(inlined by) at_detect_task at /home/user/urex/firmware/nus_flight_app/main/at_detect.c:277
Core  1 register dump:
PC      : 0x42012efa  PS      : 0x00060830  A0      : 0x00000000  A1      : 0x3fcdd100  
--- 0x42012efa: at_detect_task at /home/user/urex/firmware/nus_flight_app/main/at_detect.c:442
A2      : 0x00000000  A3      : 0x00000000  A4      : 0x00000000  A5      : 0x00000000  
A6      : 0x00000000  A7      : 0x00000000  A8      : 0x82012efa  A9      : 0x3fcdd0a0  
A10     : 0x00000001  A11     : 0x3c0c7030  A12     : 0x3c0c7040  A13     : 0x000003ec  
A14     : 0x3c0c7030  A15     : 0x000003ec  SAR     : 0x00000004  EXCCAUSE: 0x00000000  
EXCVADDR: 0x00000000  LBEG    : 0x400556d5  LEND    : 0x400556e5  LCOUNT  : 0xfffffffb  
--- 0x400556d5: strlen in ROM
--- 0x400556e5: strlen in ROM


Backtrace: 0x42012ef7:0x3fcdd100
--- 0x42012ef7: init_camera at /home/user/urex/firmware/nus_flight_app/main/at_detect.c:155(inlined by) at_detect_task at /home/user/urex/firmware/nus_flight_app/main/at_detect.c:277




ELF file SHA256: 11c2a2d03

Rebooting...
ESP-ROM:esp32s3-20210327
Build:Mar 27 2021
rst:0xc (RTC_SW_CPU_RST),boot:0xb (SPI_FAST_FLASH_BOOT)
Saved PC:0x40380406
--- 0x40380406: esp_cpu_wait_for_intr at /home/user/.espressif/v6.0.2/esp-idf/components/esp_hw_support/cpu.c:64
SPIWP:0xee
mode:DIO, clock div:1
load:0x3fce2820,len:0x14f0
load:0x403c8700,len:0xda0
--- 0x403c8700: _stext at ??:?
load:0x403cb700,len:0x2f54
entry 0x403c8908
--- 0x403c8908: call_start_cpu0 at /home/user/.espressif/v6.0.2/esp-idf/components/bootloader/subproject/main/bootloader_start.c:27
[0;32mI (24) boot: ESP-IDF v6.0.2 2nd stage bootloader[0m
[0;32mI (24) boot: compile time Sep  6 2026 22:47:32[0m
[0;32mI (24) boot: Multicore bootloader[0m
[0;32mI (25) boot: chip revision: v0.2[0m
[0;32mI (27) boot: efuse block revision: v1.3[0m
[0;32mI (31) boot.esp32s3: Boot SPI Speed : 80MHz[0m
[0;32mI (34) boot.esp32s3: SPI Mode       : DIO[0m
[0;32mI (38) boot.esp32s3: SPI Flash Size : 8MB[0m
[0;32mI (42) boot: Enabling RNG early entropy source...[0m
[0;32mI (46) boot: Partition Table:[0m
[0;32mI (49) boot: ## Label            Usage          Type ST Offset   Length[0m
[0;32mI (55) boot:  0 nvs              WiFi data        01 02 00009000 00006000[0m
[0;32mI (62) boot:  1 phy_init         RF data          01 01 0000f000 00001000[0m
[0;32mI (68) boot:  2 factory          factory app      00 00 00010000 00177000[0m
[0;32mI (75) boot: End of partition table[0m
[0;32mI (78) esp_image: segment 0: paddr=00010020 vaddr=3c0c0020 size=38764h (231268) map[0m
[0;32mI (128) esp_image: segment 1: paddr=0004878c vaddr=3fca0e00 size=0788ch ( 30860) load[0m
[0;32mI (135) esp_image: segment 2: paddr=00050020 vaddr=42000020 size=bd0c0h (774336) map[0m
[0;32mI (277) esp_image: segment 3: paddr=0010d0e8 vaddr=3fca868c size=0032ch (   812) load[0m
[0;32mI (278) esp_image: segment 4: paddr=0010d41c vaddr=40378000 size=18d60h (101728) load[0m
[0;32mI (305) esp_image: segment 5: paddr=00126184 vaddr=50000000 size=00024h (    36) load[0m
[0;32mI (316) boot: Loaded app from partition at offset 0x10000[0m
[0;32mI (316) boot: Disabling RNG early entropy source...[0m
[0;32mI (326) octal_psram: vendor id    : 0x0d (AP)[0m
[0;32mI (327) octal_psram: dev id       : 0x02 (generation 3)[0m
[0;32mI (327) octal_psram: density      : 0x03 (64 Mbit)[0m
[0;32mI (329) octal_psram: good-die     : 0x01 (Pass)[0m
[0;32mI (333) octal_psram: Latency      : 0x01 (Fixed)[0m
[0;32mI (337) octal_psram: VCC          : 0x01 (3V)[0m
[0;32mI (341) octal_psram: SRF          : 0x01 (Fast Refresh)[0m
[0;32mI (346) octal_psram: BurstType    : 0x01 (Hybrid Wrap)[0m
[0;32mI (351) octal_psram: BurstLen     : 0x01 (32 Byte)[0m
[0;32mI (356) octal_psram: Readlatency  : 0x02 (10 cycles@Fixed)[0m
[0;32mI (361) octal_psram: DriveStrength: 0x00 (1/1)[0m
[0;32mI (365) MSPI Timing: Enter psram timing tuning[0m
[0;32mI (370) esp_psram: Found 8MB PSRAM device[0m
[0;32mI (373) esp_psram: Speed: 80MHz[0m
[0;32mI (376) cpu_start: Multicore app[0m
[0;32mI (664) esp_psram: SPI SRAM memory test OK[0m
[0;32mI (672) cpu_start: GPIO 44 and 43 are used as console UART I/O pins[0m
[0;32mI (673) cpu_start: Pro cpu start user code[0m
[0;32mI (673) cpu_start: cpu freq: 240000000 Hz[0m
[0;32mI (675) app_init: Application information:[0m
[0;32mI (679) app_init: Project name:     esp-everything[0m
[0;32mI (683) app_init: App version:      99cde05-dirty[0m
[0;32mI (687) app_init: Compile time:     Sep 10 2026 22:00:00[0m
[0;32mI (693) app_init: ELF file SHA256:  11c2a2d03...[0m
[0;32mI (697) app_init: ESP-IDF:          v6.0.2[0m
[0;32mI (701) efuse_init: Min chip rev:     v0.0[0m
[0;32mI (704) efuse_init: Max chip rev:     v0.99 [0m
[0;32mI (708) efuse_init: Chip rev:         v0.2[0m
[0;32mI (712) heap_init: Initializing. RAM available for dynamic allocation:[0m
[0;32mI (719) heap_init: At 3FCB9E40 len 0002F8D0 (190 KiB): RAM[0m
[0;32mI (724) heap_init: At 3FCE9710 len 00005724 (21 KiB): RAM[0m
[0;32mI (729) heap_init: At 600FE000 len 00001FE8 (7 KiB): RTCRAM[0m
[0;32mI (734) esp_psram: Adding pool of 8192K of PSRAM memory to heap allocator[0m
[0;32mI (741) spi_flash: detected chip: gd[0m
[0;32mI (744) spi_flash: flash io: dio[0m
[0;32mI (747) sleep_gpio: Configure to isolate all GPIO pins in sleep state[0m
[0;32mI (753) sleep_gpio: Enable automatic switching of GPIO sleep configuration[0m
[0;32mI (760) main_task: Started on CPU0[0m
[0;32mI (763) esp_psram: Reserving pool of 32K of internal memory for DMA/internal allocations[0m
[0;32mI (771) main_task: Calling app_main()[0m
[0;32mI (774) mission: ESP starting[0m
[0;32mI (791) pp: pp rom version: e7ae62f[0m
[0;32mI (792) net80211: net80211 rom version: e7ae62f[0m
[0;32mI (793) wifi:wifi driver task: 3fcc9ac8, prio:23, stack:6656, core=0[0m
[0;32mI (801) wifi:wifi firmware version: 00ad238[0m
[0;32mI (801) wifi:wifi certification version: v7.0[0m
[0;32mI (802) wifi:config NVS flash: enabled[0m
[0;32mI (805) wifi:config nano formatting: disabled[0m
[0;32mI (810) wifi:Init data frame dynamic rx buffer num: 32[0m
[0;32mI (815) wifi:Init static rx mgmt buffer num: 5[0m
[0;32mI (819) wifi:Init management short buffer num: 32[0m
[0;32mI (823) wifi:Init dynamic tx buffer num: 32[0m
[0;32mI (827) wifi:Init static tx FG buffer num: 2[0m
[0;32mI (831) wifi:Init static rx buffer size: 1600[0m
[0;32mI (835) wifi:Init static rx buffer num: 10[0m
[0;32mI (839) wifi:Init dynamic rx buffer num: 32[0m
[0;32mI (843) wifi_init: rx ba win: 6[0m
[0;32mI (846) wifi_init: accept mbox: 6[0m
[0;32mI (849) wifi_init: tcpip mbox: 32[0m
[0;32mI (852) wifi_init: udp mbox: 6[0m
[0;32mI (854) wifi_init: tcp mbox: 6[0m
[0;32mI (857) wifi_init: tcp tx win: 5760[0m
[0;32mI (860) wifi_init: tcp rx win: 5760[0m
[0;32mI (864) wifi_init: tcp mss: 1440[0m
[0;32mI (867) wifi_init: WiFi IRAM OP enabled[0m
[0;32mI (870) wifi_init: WiFi RX IRAM OP enabled[0m
[0;33mW (874) wifi:Password length matches WPA2 standards, authmode threshold changes from OPEN to WPA2[0m
[0;32mI (883) phy_init: phy_version 712,87e8c20e,Apr 13 2026,18:51:10[0m
[0;32mI (922) wifi:mode : sta (98:a3:16:f7:04:b4)[0m
[0;32mI (922) wifi:enable tsf[0m
[0;32mI (924) wifi: Connecting to '<redacted-ssid>'...[0m
[0;32mI (926) mav: UART1 ready: TX=GPIO5 RX=GPIO4 @ 921600 baud[0m
[0;32mI (926) mav: Requested PX4 position + attitude at 20 Hz[0m
[0;32mI (932) tof: I2C master bus created[0m
[0;32mI (934) tof: TCA9548A registered[0m
[0;32mI (939) wifi: Telemetry → 192.0.2.1:5005 | Commands ← port 5006[0m
[0;33mW (944) mission: NANOLITE BENCH MODE: navigation and mission tasks are disabled[0m
[0;32mI (951) mission: All tasks spawned[0m
[0;32mI (945) s3 ll_cam: DMA Channel=0[0m
[0;32mI (945) nanolite: read-only PX4 pose bridge ready: 20Hz max_age=250ms key=25cm/15deg[0m
[0;32mI (964) nanolite: NANOTOF enabled: interval=1000ms tuple=distance_mm,column,timestamp_us,age_ms yaw_deg=s0:45,s1:0,s2:315,s3:270,s4:225,s5:180,s6:135,s7:90[0m
[0;32mI (957) cam_hal: cam init ok[0m
[0;32mI (954) main_task: Returned from app_main()[0m
[0;32mI (980) sccb-ng: pin_sda 40 pin_scl 39[0m
[0;32mI (988) sccb-ng: sccb_i2c_port=1[0m
[1;31mE (1003) camera: Detected camera not supported.[0m
[1;31mE (1004) camera: Camera probe failed with error 0x106(ESP_ERR_NOT_SUPPORTED)[0m
[1;31mE (1004) apriltag_detect: Camera Init Failed[0m
Guru Meditation Error: Core  1 panic'ed (IllegalInstruction). Exception was unhandled.
Memory dump at 0x42012ef4: e0b4bb81 f01d0008 65201110
--- 0x42012ef4: init_camera at /home/user/urex/firmware/nus_flight_app/main/at_detect.c:155(inlined by) at_detect_task at /home/user/urex/firmware/nus_flight_app/main/at_detect.c:277
Core  1 register dump:
PC      : 0x42012efa  PS      : 0x00060830  A0      : 0x00000000  A1      : 0x3fcdd100  
--- 0x42012efa: at_detect_task at /home/user/urex/firmware/nus_flight_app/main/at_detect.c:442
A2      : 0x00000000  A3      : 0x00000000  A4      : 0x00000000  A5      : 0x00000000  
A6      : 0x00000000  A7      : 0x00000000  A8      : 0x82012efa  A9      : 0x3fcdd0a0  
A10     : 0x00000001  A11     : 0x3c0c7030  A12     : 0x3c0c7040  A13     : 0x000003ec  
A14     : 0x3c0c7030  A15     : 0x000003ec  SAR     : 0x00000004  EXCCAUSE: 0x00000000  
EXCVADDR: 0x00000000  LBEG    : 0x400556d5  LEND    : 0x400556e5  LCOUNT  : 0xfffffffb  
--- 0x400556d5: strlen in ROM
--- 0x400556e5: strlen in ROM


Backtrace: 0x42012ef7:0x3fcdd100
--- 0x42012ef7: init_camera at /home/user/urex/firmware/nus_flight_app/main/at_detect.c:155(inlined by) at_detect_task at /home/user/urex/firmware/nus_flight_app/main/at_detect.c:277




ELF file SHA256: 11c2a2d03

Rebooting...
ESP-ROM:esp32s3-20210327
Build:Mar 27 2021
rst:0xc (RTC_SW_CPU_RST),boot:0xb (SPI_FAST_FLASH_BOOT)
Saved PC:0x40380406
--- 0x40380406: esp_cpu_wait_for_intr at /home/user/.espressif/v6.0.2/esp-idf/components/esp_hw_support/cpu.c:64
SPIWP:0xee
mode:DIO, clock div:1
load:0x3fce2820,len:0x14f0
load:0x403c8700,len:0xda0
--- 0x403c8700: _stext at ??:?
load:0x403cb700,len:0x2f54
entry 0x403c8908
--- 0x403c8908: call_start_cpu0 at /home/user/.espressif/v6.0.2/esp-idf/components/bootloader/subproject/main/bootloader_start.c:27
[0;32mI (24) boot: ESP-IDF v6.0.2 2nd stage bootloader[0m
[0;32mI (24) boot: compile time Sep  6 2026 22:47:32[0m
[0;32mI (24) boot: Multicore bootloader[0m
[0;32mI (25) boot: chip revision: v0.2[0m
[0;32mI (27) boot: efuse block revision: v1.3[0m
[0;32mI (31) boot.esp32s3: Boot SPI Speed : 80MHz[0m
[0;32mI (34) boot.esp32s3: SPI Mode       : DIO[0m
[0;32mI (38) boot.esp32s3: SPI Flash Size : 8MB[0m
[0;32mI (42) boot: Enabling RNG early entropy source...[0m
[0;32mI (46) boot: Partition Table:[0m
[0;32mI (49) boot: ## Label            Usage          Type ST Offset   Length[0m
[0;32mI (55) boot:  0 nvs              WiFi data        01 02 00009000 00006000[0m
[0;32mI (62) boot:  1 phy_init         RF data          01 01 0000f000 00001000[0m
[0;32mI (68) boot:  2 factory          factory app      00 00 00010000 00177000[0m
[0;32mI (75) boot: End of partition table[0m
[0;32mI (78) esp_image: segment 0: paddr=00010020 vaddr=3c0c0020 size=38764h (231268) map[0m
[0;32mI (128) esp_image: segment 1: paddr=0004878c vaddr=3fca0e00 size=0788ch ( 30860) load[0m
[0;32mI (135) esp_image: segment 2: paddr=00050020 vaddr=42000020 size=bd0c0h (774336) map[0m
[0;32mI (277) esp_image: segment 3: paddr=0010d0e8 vaddr=3fca868c size=0032ch (   812) load[0m
[0;32mI (278) esp_image: segment 4: paddr=0010d41c vaddr=40378000 size=18d60h (101728) load[0m
[0;32mI (305) esp_image: segment 5: paddr=00126184 vaddr=50000000 size=00024h (    36) load[0m
[0;32mI (316) boot: Loaded app from partition at offset 0x10000[0m
[0;32mI (316) boot: Disabling RNG early entropy source...[0m
[0;32mI (326) octal_psram: vendor id    : 0x0d (AP)[0m
[0;32mI (327) octal_psram: dev id       : 0x02 (generation 3)[0m
[0;32mI (327) octal_psram: density      : 0x03 (64 Mbit)[0m
[0;32mI (329) octal_psram: good-die     : 0x01 (Pass)[0m
[0;32mI (333) octal_psram: Latency      : 0x01 (Fixed)[0m
[0;32mI (337) octal_psram: VCC          : 0x01 (3V)[0m
[0;32mI (341) octal_psram: SRF          : 0x01 (Fast Refresh)[0m
[0;32mI (346) octal_psram: BurstType    : 0x01 (Hybrid Wrap)[0m
[0;32mI (351) octal_psram: BurstLen     : 0x01 (32 Byte)[0m
[0;32mI (356) octal_psram: Readlatency  : 0x02 (10 cycles@Fixed)[0m
[0;32mI (361) octal_psram: DriveStrength: 0x00 (1/1)[0m
[0;32mI (365) MSPI Timing: Enter psram timing tuning[0m
[0;32mI (370) esp_psram: Found 8MB PSRAM device[0m
[0;32mI (373) esp_psram: Speed: 80MHz[0m
[0;32mI (376) cpu_start: Multicore app[0m
[0;32mI (664) esp_psram: SPI SRAM memory test OK[0m
[0;32mI (672) cpu_start: GPIO 44 and 43 are used as console UART I/O pins[0m
[0;32mI (673) cpu_start: Pro cpu start user code[0m
[0;32mI (673) cpu_start: cpu freq: 240000000 Hz[0m
[0;32mI (675) app_init: Application information:[0m
[0;32mI (679) app_init: Project name:     esp-everything[0m
[0;32mI (683) app_init: App version:      99cde05-dirty[0m
[0;32mI (687) app_init: Compile time:     Sep 10 2026 22:00:00[0m
[0;32mI (693) app_init: ELF file SHA256:  11c2a2d03...[0m
[0;32mI (697) app_init: ESP-IDF:          v6.0.2[0m
[0;32mI (701) efuse_init: Min chip rev:     v0.0[0m
[0;32mI (704) efuse_init: Max chip rev:     v0.99 [0m
[0;32mI (708) efuse_init: Chip rev:         v0.2[0m
[0;32mI (712) heap_init: Initializing. RAM available for dynamic allocation:[0m
[0;32mI (719) heap_init: At 3FCB9E40 len 0002F8D0 (190 KiB): RAM[0m
[0;32mI (724) heap_init: At 3FCE9710 len 00005724 (21 KiB): RAM[0m
[0;32mI (729) heap_init: At 600FE000 len 00001FE8 (7 KiB): RTCRAM[0m
[0;32mI (734) esp_psram: Adding pool of 8192K of PSRAM memory to heap allocator[0m
[0;32mI (741) spi_flash: detected chip: gd[0m
[0;32mI (744) spi_flash: flash io: dio[0m
[0;32mI (747) sleep_gpio: Configure to isolate all GPIO pins in sleep state[0m
[0;32mI (753) sleep_gpio: Enable automatic switching of GPIO sleep configuration[0m
[0;32mI (760) main_task: Started on CPU0[0m
[0;32mI (763) esp_psram: Reserving pool of 32K of internal memory for DMA/internal allocations[0m
[0;32mI (771) main_task: Calling app_main()[0m
[0;32mI (774) mission: ESP starting[0m
[0;32mI (791) pp: pp rom version: e7ae62f[0m
[0;32mI (792) net80211: net80211 rom version: e7ae62f[0m
[0;32mI (793) wifi:wifi driver task: 3fcc9ac8, prio:23, stack:6656, core=0[0m
[0;32mI (801) wifi:wifi firmware version: 00ad238[0m
[0;32mI (801) wifi:wifi certification version: v7.0[0m
[0;32mI (802) wifi:config NVS flash: enabled[0m
[0;32mI (805) wifi:config nano formatting: disabled[0m
[0;32mI (810) wifi:Init data frame dynamic rx buffer num: 32[0m
[0;32mI (815) wifi:Init static rx mgmt buffer num: 5[0m
[0;32mI (819) wifi:Init management short buffer num: 32[0m
[0;32mI (823) wifi:Init dynamic tx buffer num: 32[0m
[0;32mI (827) wifi:Init static tx FG buffer num: 2[0m
[0;32mI (831) wifi:Init static rx buffer size: 1600[0m
[0;32mI (835) wifi:Init static rx buffer num: 10[0m
[0;32mI (839) wifi:Init dynamic rx buffer num: 32[0m
[0;32mI (843) wifi_init: rx ba win: 6[0m
[0;32mI (846) wifi_init: accept mbox: 6[0m
[0;32mI (849) wifi_init: tcpip mbox: 32[0m
[0;32mI (852) wifi_init: udp mbox: 6[0m
[0;32mI (854) wifi_init: tcp mbox: 6[0m
[0;32mI (857) wifi_init: tcp tx win: 5760[0m
[0;32mI (860) wifi_init: tcp rx win: 5760[0m
[0;32mI (864) wifi_init: tcp mss: 1440[0m
[0;32mI (867) wifi_init: WiFi IRAM OP enabled[0m
[0;32mI (870) wifi_init: WiFi RX IRAM OP enabled[0m
[0;33mW (874) wifi:Password length matches WPA2 standards, authmode threshold changes from OPEN to WPA2[0m
[0;32mI (883) phy_init: phy_version 712,87e8c20e,Apr 13 2026,18:51:10[0m
[0;32mI (921) wifi:mode : sta (98:a3:16:f7:04:b4)[0m
[0;32mI (922) wifi:enable tsf[0m
[0;32mI (924) wifi: Connecting to '<redacted-ssid>'...[0m
[0;32mI (925) mav: UART1 ready: TX=GPIO5 RX=GPIO4 @ 921600 baud[0m
[0;32mI (926) mav: Requested PX4 position + attitude at 20 Hz[0m
[0;32mI (932) tof: I2C master bus created[0m
[0;32mI (934) tof: TCA9548A registered[0m
[0;32mI (939) wifi: Telemetry → 192.0.2.1:5005 | Commands ← port 5006[0m
[0;33mW (944) mission: NANOLITE BENCH MODE: navigation and mission tasks are disabled[0m
[0;32mI (944) s3 ll_cam: DMA Channel=0[0m
[0;32mI (945) nanolite: read-only PX4 pose bridge ready: 20Hz max_age=250ms key=25cm/15deg[0m
[0;32mI (961) nanolite: NANOTOF enabled: interval=1000ms tuple=distance_mm,column,timestamp_us,age_ms yaw_deg=s0:45,s1:0,s2:315,s3:270,s4:225,s5:180,s6:135,s7:90[0m
[0;32mI (953) cam_hal: cam init ok[0m
[0;32mI (950) mission: All tasks spawned[0m
[0;32mI (977) sccb-ng: pin_sda 40 pin_scl 39[0m
[0;32mI (980) main_task: Returned from app_main()[0m
[0;32mI (983) sccb-ng: sccb_i2c_port=1[0m
[1;31mE (1003) camera: Detected camera not supported.[0m
[1;31mE (1004) camera: Camera probe failed with error 0x106(ESP_ERR_NOT_SUPPORTED)[0m
[1;31mE (1004) apriltag_detect: Camera Init Failed[0m
Guru Meditation Error: Core  1 panic'ed (IllegalInstruction). Exception was unhandled.
Memory dump at 0x42012ef4: e0b4bb81 f01d0008 65201110
--- 0x42012ef4: init_camera at /home/user/urex/firmware/nus_flight_app/main/at_detect.c:155(inlined by) at_detect_task at /home/user/urex/firmware/nus_flight_app/main/at_detect.c:277
Core  1 register dump:
PC      : 0x42012efa  PS      : 0x00060830  A0      : 0x00000000  A1      : 0x3fcdd100  
--- 0x42012efa: at_detect_task at /home/user/urex/firmware/nus_flight_app/main/at_detect.c:442
A2      : 0x00000000  A3      : 0x00000000  A4      : 0x00000000  A5      : 0x00000000  
A6      : 0x00000000  A7      : 0x00000000  A8      : 0x82012efa  A9      : 0x3fcdd0a0  
A10     : 0x00000001  A11     : 0x3c0c7030  A12     : 0x3c0c7040  A13     : 0x000003ec  
A14     : 0x3c0c7030  A15     : 0x000003ec  SAR     : 0x00000004  EXCCAUSE: 0x00000000  
EXCVADDR: 0x00000000  LBEG    : 0x400556d5  LEND    : 0x400556e5  LCOUNT  : 0xfffffffb  
--- 0x400556d5: strlen in ROM
--- 0x400556e5: strlen in ROM


Backtrace: 0x42012ef7:0x3fcdd100
--- 0x42012ef7: init_camera at /home/user/urex/firmware/nus_flight_app/main/at_detect.c:155(inlined by) at_detect_task at /home/user/urex/firmware/nus_flight_app/main/at_detect.c:277




ELF file SHA256: 11c2a2d03

Rebooting...
ESP-ROM:esp32s3-20210327
Build:Mar 27 2021
rst:0xc (RTC_SW_CPU_RST),boot:0xb (SPI_FAST_FLASH_BOOT)
Saved PC:0x40380406
--- 0x40380406: esp_cpu_wait_for_intr at /home/user/.espressif/v6.0.2/esp-idf/components/esp_hw_support/cpu.c:64
SPIWP:0xee
mode:DIO, clock div:1
load:0x3fce2820,len:0x14f0
load:0x403c8700,len:0xda0
--- 0x403c8700: _stext at ??:?
load:0x403cb700,len:0x2f54
entry 0x403c8908
--- 0x403c8908: call_start_cpu0 at /home/user/.espressif/v6.0.2/esp-idf/components/bootloader/subproject/main/bootloader_start.c:27
[0;32mI (24) boot: ESP-IDF v6.0.2 2nd stage bootloader[0m
[0;32mI (24) boot: compile time Sep  6 2026 22:47:32[0m
[0;32mI (24) boot: Multicore bootloader[0m
[0;32mI (25) boot: chip revision: v0.2[0m
[0;32mI (27) boot: efuse block revision: v1.3[0m
[0;32mI (31) boot.esp32s3: Boot SPI Speed : 80MHz[0m
[0;32mI (34) boot.esp32s3: SPI Mode       : DIO[0m
[0;32mI (38) boot.esp32s3: SPI Flash Size : 8MB[0m
[0;32mI (42) boot: Enabling RNG early entropy source...[0m
[0;32mI (46) boot: Partition Table:[0m
[0;32mI (49) boot: ## Label            Usage          Type ST Offset   Length[0m
[0;32mI (55) boot:  0 nvs              WiFi data        01 02 00009000 00006000[0m
[0;32mI (62) boot:  1 phy_init         RF data          01 01 0000f000 00001000[0m
[0;32mI (68) boot:  2 factory          factory app      00 00 00010000 00177000[0m
[0;32mI (75) boot: End of partition table[0m
[0;32mI (78) esp_image: segment 0: paddr=00010020 vaddr=3c0c0020 size=38764h (231268) map[0m
[0;32mI (128) esp_image: segment 1: paddr=0004878c vaddr=3fca0e00 size=0788ch ( 30860) load[0m
[0;32mI (135) esp_image: segment 2: paddr=00050020 vaddr=42000020 size=bd0c0h (774336) map[0m
[0;32mI (277) esp_image: segment 3: paddr=0010d0e8 vaddr=3fca868c size=0032ch (   812) load[0m
[0;32mI (278) esp_image: segment 4: paddr=0010d41c vaddr=40378000 size=18d60h (101728) load[0m
[0;32mI (305) esp_image: segment 5: paddr=00126184 vaddr=50000000 size=00024h (    36) load[0m
[0;32mI (316) boot: Loaded app from partition at offset 0x10000[0m
[0;32mI (316) boot: Disabling RNG early entropy source...[0m
[0;32mI (326) octal_psram: vendor id    : 0x0d (AP)[0m
[0;32mI (327) octal_psram: dev id       : 0x02 (generation 3)[0m
[0;32mI (327) octal_psram: density      : 0x03 (64 Mbit)[0m
[0;32mI (329) octal_psram: good-die     : 0x01 (Pass)[0m
[0;32mI (333) octal_psram: Latency      : 0x01 (Fixed)[0m
[0;32mI (337) octal_psram: VCC          : 0x01 (3V)[0m
[0;32mI (341) octal_psram: SRF          : 0x01 (Fast Refresh)[0m
[0;32mI (346) octal_psram: BurstType    : 0x01 (Hybrid Wrap)[0m
[0;32mI (351) octal_psram: BurstLen     : 0x01 (32 Byte)[0m
[0;32mI (356) octal_psram: Readlatency  : 0x02 (10 cycles@Fixed)[0m
[0;32mI (361) octal_psram: DriveStrength: 0x00 (1/1)[0m
[0;32mI (365) MSPI Timing: Enter psram timing tuning[0m
[0;32mI (370) esp_psram: Found 8MB PSRAM device[0m
[0;32mI (373) esp_psram: Speed: 80MHz[0m
[0;32mI (376) cpu_start: Multicore app[0m
[0;32mI (664) esp_psram: SPI SRAM memory test OK[0m
[0;32mI (672) cpu_start: GPIO 44 and 43 are used as console UART I/O pins[0m
[0;32mI (673) cpu_start: Pro cpu start user code[0m
[0;32mI (673) cpu_start: cpu freq: 240000000 Hz[0m
[0;32mI (675) app_init: Application information:[0m
[0;32mI (679) app_init: Project name:     esp-everything[0m
[0;32mI (683) app_init: App version:      99cde05-dirty[0m
[0;32mI (687) app_init: Compile time:     Sep 10 2026 22:00:00[0m
[0;32mI (693) app_init: ELF file SHA256:  11c2a2d03...[0m
[0;32mI (697) app_init: ESP-IDF:          v6.0.2[0m
[0;32mI (701) efuse_init: Min chip rev:     v0.0[0m
[0;32mI (704) efuse_init: Max chip rev:     v0.99 [0m
[0;32mI (708) efuse_init: Chip rev:         v0.2[0m
[0;32mI (712) heap_init: Initializing. RAM available for dynamic allocation:[0m
[0;32mI (719) heap_init: At 3FCB9E40 len 0002F8D0 (190 KiB): RAM[0m
[0;32mI (724) heap_init: At 3FCE9710 len 00005724 (21 KiB): RAM[0m
[0;32mI (729) heap_init: At 600FE000 len 00001FE8 (7 KiB): RTCRAM[0m
[0;32mI (734) esp_psram: Adding pool of 8192K of PSRAM memory to heap allocator[0m
[0;32mI (741) spi_flash: detected chip: gd[0m
[0;32mI (744) spi_flash: flash io: dio[0m
[0;32mI (747) sleep_gpio: Configure to isolate all GPIO pins in sleep state[0m
[0;32mI (753) sleep_gpio: Enable automatic switching of GPIO sleep configuration[0m
[0;32mI (760) main_task: Started on CPU0[0m
[0;32mI (763) esp_psram: Reserving pool of 32K of internal memory for DMA/internal allocations[0m
[0;32mI (771) main_task: Calling app_main()[0m
[0;32mI (774) mission: ESP starting[0m
[0;32mI (791) pp: pp rom version: e7ae62f[0m
[0;32mI (792) net80211: net80211 rom version: e7ae62f[0m
[0;32mI (793) wifi:wifi driver task: 3fcc9ac8, prio:23, stack:6656, core=0[0m
[0;32mI (801) wifi:wifi firmware version: 00ad238[0m
[0;32mI (801) wifi:wifi certification version: v7.0[0m
[0;32mI (802) wifi:config NVS flash: enabled[0m
[0;32mI (805) wifi:config nano formatting: disabled[0m
[0;32mI (810) wifi:Init data frame dynamic rx buffer num: 32[0m
[0;32mI (815) wifi:Init static rx mgmt buffer num: 5[0m
[0;32mI (819) wifi:Init management short buffer num: 32[0m
[0;32mI (823) wifi:Init dynamic tx buffer num: 32[0m
[0;32mI (827) wifi:Init static tx FG buffer num: 2[0m
[0;32mI (831) wifi:Init static rx buffer size: 1600[0m
[0;32mI (835) wifi:Init static rx buffer num: 10[0m
[0;32mI (839) wifi:Init dynamic rx buffer num: 32[0m
[0;32mI (843) wifi_init: rx ba win: 6[0m
[0;32mI (846) wifi_init: accept mbox: 6[0m
[0;32mI (849) wifi_init: tcpip mbox: 32[0m
[0;32mI (852) wifi_init: udp mbox: 6[0m
[0;32mI (854) wifi_init: tcp mbox: 6[0m
[0;32mI (857) wifi_init: tcp tx win: 5760[0m
[0;32mI (860) wifi_init: tcp rx win: 5760[0m
[0;32mI (864) wifi_init: tcp mss: 1440[0m
[0;32mI (867) wifi_init: WiFi IRAM OP enabled[0m
[0;32mI (870) wifi_init: WiFi RX IRAM OP enabled[0m
[0;33mW (874) wifi:Password length matches WPA2 standards, authmode threshold changes from OPEN to WPA2[0m
[0;32mI (883) phy_init: phy_version 712,87e8c20e,Apr 13 2026,18:51:10[0m
[0;32mI (922) wifi:mode : sta (98:a3:16:f7:04:b4)[0m
[0;32mI (923) wifi:enable tsf[0m
[0;32mI (925) wifi: Connecting to '<redacted-ssid>'...[0m
[0;32mI (926) mav: UART1 ready: TX=GPIO5 RX=GPIO4 @ 921600 baud[0m
[0;32mI (927) mav: Requested PX4 position + attitude at 20 Hz[0m
[0;32mI (932) tof: I2C master bus created[0m
[0;32mI (935) tof: TCA9548A registered[0m
[0;32mI (939) wifi: Telemetry → 192.0.2.1:5005 | Commands ← port 5006[0m
[0;32mI (945) nanolite: read-only PX4 pose bridge ready: 20Hz max_age=250ms key=25cm/15deg[0m
[0;32mI (952) nanolite: NANOTOF enabled: interval=1000ms tuple=distance_mm,column,timestamp_us,age_ms yaw_deg=s0:45,s1:0,s2:315,s3:270,s4:225,s5:180,s6:135,s7:90[0m
[0;32mI (946) s3 ll_cam: DMA Channel=0[0m
[0;33mW (946) mission: NANOLITE BENCH MODE: navigation and mission tasks are disabled[0m
[0;32mI (968) cam_hal: cam init ok[0m
[0;32mI (975) mission: All tasks spawned[0m
[0;32mI (978) sccb-ng: pin_sda 40 pin_scl 39[0m
[0;32mI (981) main_task: Returned from app_main()[0m
[0;32mI (984) sccb-ng: sccb_i2c_port=1[0m
[1;31mE (1004) camera: Detected camera not supported.[0m
[1;31mE (1005) camera: Camera probe failed with error 0x106(ESP_ERR_NOT_SUPPORTED)[0m
[1;31mE (1005) apriltag_detect: Camera Init Failed[0m
Guru Meditation Error: Core  1 panic'ed (IllegalInstruction). Exception was unhandled.
Memory dump at 0x42012ef4: e0b4bb81 f01d0008 65201110
--- 0x42012ef4: init_camera at /home/user/urex/firmware/nus_flight_app/main/at_detect.c:155(inlined by) at_detect_task at /home/user/urex/firmware/nus_flight_app/main/at_detect.c:277
Core  1 register dump:
PC      : 0x42012efa  PS      : 0x00060830  A0      : 0x00000000  A1      : 0x3fcdd100  
--- 0x42012efa: at_detect_task at /home/user/urex/firmware/nus_flight_app/main/at_detect.c:442
A2      : 0x00000000  A3      : 0x00000000  A4      : 0x00000000  A5      : 0x00000000  
A6      : 0x00000000  A7      : 0x00000000  A8      : 0x82012efa  A9      : 0x3fcdd0a0  
A10     : 0x00000001  A11     : 0x3c0c7030  A12     : 0x3c0c7040  A13     : 0x000003ed  
A14     : 0x3c0c7030  A15     : 0x000003ed  SAR     : 0x00000004  EXCCAUSE: 0x00000000  
EXCVADDR: 0x00000000  LBEG    : 0x400556d5  LEND    : 0x400556e5  LCOUNT  : 0xfffffffb  
--- 0x400556d5: strlen in ROM
--- 0x400556e5: strlen in ROM


Backtrace: 0x42012ef7:0x3fcdd100
--- 0x42012ef7: init_camera at /home/user/urex/firmware/nus_flight_app/main/at_detect.c:155(inlined by) at_detect_task at /home/user/urex/firmware/nus_flight_app/main/at_detect.c:277




ELF file SHA256: 11c2a2d03

Rebooting...
ESP-ROM:esp32s3-20210327
Build:Mar 27 2021
rst:0xc (RTC_SW_CPU_RST),boot:0xb (SPI_FAST_FLASH_BOOT)
Saved PC:0x40380406
--- 0x40380406: esp_cpu_wait_for_intr at /home/user/.espressif/v6.0.2/esp-idf/components/esp_hw_support/cpu.c:64
SPIWP:0xee
mode:DIO, clock div:1
load:0x3fce2820,len:0x14f0
load:0x403c8700,len:0xda0
--- 0x403c8700: _stext at ??:?
load:0x403cb700,len:0x2f54
entry 0x403c8908
--- 0x403c8908: call_start_cpu0 at /home/user/.espressif/v6.0.2/esp-idf/components/bootloader/subproject/main/bootloader_start.c:27
[0;32mI (24) boot: ESP-IDF v6.0.2 2nd stage bootloader[0m
[0;32mI (24) boot: compile time Sep  6 2026 22:47:32[0m
[0;32mI (24) boot: Multicore bootloader[0m
[0;32mI (25) boot: chip revision: v0.2[0m
[0;32mI (27) boot: efuse block revision: v1.3[0m
[0;32mI (31) boot.esp32s3: Boot SPI Speed : 80MHz[0m
[0;32mI (34) boot.esp32s3: SPI Mode       : DIO[0m
[0;32mI (38) boot.esp32s3: SPI Flash Size : 8MB[0m
[0;32mI (42) boot: Enabling RNG early entropy source...[0m
[0;32mI (46) boot: Partition Table:[0m
[0;32mI (49) boot: ## Label            Usage          Type ST Offset   Length[0m
[0;32mI (55) boot:  0 nvs              WiFi data        01 02 00009000 00006000[0m
[0;32mI (62) boot:  1 phy_init         RF data          01 01 0000f000 00001000[0m
[0;32mI (68) boot:  2 factory          factory app      00 00 00010000 00177000[0m
[0;32mI (75) boot: End of partition table[0m
[0;32mI (78) esp_image: segment 0: paddr=00010020 vaddr=3c0c0020 size=38764h (231268) map[0m
[0;32mI (128) esp_image: segment 1: paddr=0004878c vaddr=3fca0e00 size=0788ch ( 30860) load[0m
[0;32mI (135) esp_image: segment 2: paddr=00050020 vaddr=42000020 size=bd0c0h (774336) map[0m
[0;32mI (277) esp_image: segment 3: paddr=0010d0e8 vaddr=3fca868c size=0032ch (   812) load[0m
[0;32mI (278) esp_image: segment 4: paddr=0010d41c vaddr=40378000 size=18d60h (101728) load[0m
[0;32mI (305) esp_image: segment 5: paddr=00126184 vaddr=50000000 size=00024h (    36) load[0m
[0;32mI (316) boot: Loaded app from partition at offset 0x10000[0m
[0;32mI (316) boot: Disabling RNG early entropy source...[0m
[0;32mI (326) octal_psram: vendor id    : 0x0d (AP)[0m
[0;32mI (327) octal_psram: dev id       : 0x02 (generation 3)[0m
[0;32mI (327) octal_psram: density      : 0x03 (64 Mbit)[0m
[0;32mI (329) octal_psram: good-die     : 0x01 (Pass)[0m
[0;32mI (333) octal_psram: Latency      : 0x01 (Fixed)[0m
[0;32mI (337) octal_psram: VCC          : 0x01 (3V)[0m
[0;32mI (341) octal_psram: SRF          : 0x01 (Fast Refresh)[0m
[0;32mI (346) octal_psram: BurstType    : 0x01 (Hybrid Wrap)[0m
[0;32mI (351) octal_psram: BurstLen     : 0x01 (32 Byte)[0m
[0;32mI (356) octal_psram: Readlatency  : 0x02 (10 cycles@Fixed)[0m
[0;32mI (361) octal_psram: DriveStrength: 0x00 (1/1)[0m
[0;32mI (365) MSPI Timing: Enter psram timing tuning[0m
[0;32mI (370) esp_psram: Found 8MB PSRAM device[0m
[0;32mI (373) esp_psram: Speed: 80MHz[0m
[0;32mI (376) cpu_start: Multicore app[0m
[0;32mI (664) esp_psram: SPI SRAM memory test OK[0m
[0;32mI (672) cpu_start: GPIO 44 and 43 are used as console UART I/O pins[0m
[0;32mI (673) cpu_start: Pro cpu start user code[0m
[0;32mI (673) cpu_start: cpu freq: 240000000 Hz[0m
[0;32mI (675) app_init: Application information:[0m
[0;32mI (679) app_init: Project name:     esp-everything[0m
[0;32mI (683) app_init: App version:      99cde05-dirty[0m
[0;32mI (687) app_init: Compile time:     Sep 10 2026 22:00:00[0m
[0;32mI (693) app_init: ELF file SHA256:  11c2a2d03...[0m
[0;32mI (697) app_init: ESP-IDF:          v6.0.2[0m
[0;32mI (701) efuse_init: Min chip rev:     v0.0[0m
[0;32mI (704) efuse_init: Max chip rev:     v0.99 [0m
[0;32mI (708) efuse_init: Chip rev:         v0.2[0m
[0;32mI (712) heap_init: Initializing. RAM available for dynamic allocation:[0m
[0;32mI (719) heap_init: At 3FCB9E40 len 0002F8D0 (190 KiB): RAM[0m
[0;32mI (724) heap_init: At 3FCE9710 len 00005724 (21 KiB): RAM[0m
[0;32mI (729) heap_init: At 600FE000 len 00001FE8 (7 KiB): RTCRAM[0m
[0;32mI (734) esp_psram: Adding pool of 8192K of PSRAM memory to heap allocator[0m
[0;32mI (741) spi_flash: detected chip: gd[0m
[0;32mI (744) spi_flash: flash io: dio[0m
[0;32mI (747) sleep_gpio: Configure to isolate all GPIO pins in sleep state[0m
[0;32mI (753) sleep_gpio: Enable automatic switching of GPIO sleep configuration[0m
[0;32mI (760) main_task: Started on CPU0[0m
[0;32mI (763) esp_psram: Reserving pool of 32K of internal memory for DMA/internal allocations[0m
[0;32mI (771) main_task: Calling app_main()[0m
[0;32mI (774) mission: ESP starting[0m
[0;32mI (791) pp: pp rom version: e7ae62f[0m
[0;32mI (792) net80211: net80211 rom version: e7ae62f[0m
[0;32mI (793) wifi:wifi driver task: 3fcc9ac8, prio:23, stack:6656, core=0[0m
[0;32mI (801) wifi:wifi firmware version: 00ad238[0m
[0;32mI (801) wifi:wifi certification version: v7.0[0m
[0;32mI (802) wifi:config NVS flash: enabled[0m
[0;32mI (805) wifi:config nano formatting: disabled[0m
[0;32mI (810) wifi:Init data frame dynamic rx buffer num: 32[0m
[0;32mI (815) wifi:Init static rx mgmt buffer num: 5[0m
[0;32mI (819) wifi:Init management short buffer num: 32[0m
[0;32mI (823) wifi:Init dynamic tx buffer num: 32[0m
[0;32mI (827) wifi:Init static tx FG buffer num: 2[0m
[0;32mI (831) wifi:Init static rx buffer size: 1600[0m
[0;32mI (835) wifi:Init static rx buffer num: 10[0m
[0;32mI (839) wifi:Init dynamic rx buffer num: 32[0m
[0;32mI (843) wifi_init: rx ba win: 6[0m
[0;32mI (846) wifi_init: accept mbox: 6[0m
[0;32mI (849) wifi_init: tcpip mbox: 32[0m
[0;32mI (852) wifi_init: udp mbox: 6[0m
[0;32mI (854) wifi_init: tcp mbox: 6[0m
[0;32mI (857) wifi_init: tcp tx win: 5760[0m
[0;32mI (860) wifi_init: tcp rx win: 5760[0m
[0;32mI (864) wifi_init: tcp mss: 1440[0m
[0;32mI (867) wifi_init: WiFi IRAM OP enabled[0m
[0;32mI (870) wifi_init: WiFi RX IRAM OP enabled[0m
[0;33mW (874) wifi:Password length matches WPA2 standards, authmode threshold changes from OPEN to WPA2[0m
[0;32mI (883) phy_init: phy_version 712,87e8c20e,Apr 13 2026,18:51:10[0m
[0;32mI (922) wifi:mode : sta (98:a3:16:f7:04:b4)[0m
[0;32mI (923) wifi:enable tsf[0m
[0;32mI (925) wifi: Connecting to '<redacted-ssid>'...[0m
[0;32mI (926) mav: UART1 ready: TX=GPIO5 RX=GPIO4 @ 921600 baud[0m
[0;32mI (927) mav: Requested PX4 position + attitude at 20 Hz[0m
[0;32mI (932) tof: I2C master bus created[0m
[0;32mI (935) tof: TCA9548A registered[0m
[0;32mI (939) wifi: Telemetry → 192.0.2.1:5005 | Commands ← port 5006[0m
[0;33mW (945) mission: NANOLITE BENCH MODE: navigation and mission tasks are disabled[0m
[0;32mI (945) s3 ll_cam: DMA Channel=0[0m
[0;32mI (946) nanolite: read-only PX4 pose bridge ready: 20Hz max_age=250ms key=25cm/15deg[0m
[0;32mI (962) nanolite: NANOTOF enabled: interval=1000ms tuple=distance_mm,column,timestamp_us,age_ms yaw_deg=s0:45,s1:0,s2:315,s3:270,s4:225,s5:180,s6:135,s7:90[0m
[0;32mI (954) cam_hal: cam init ok[0m
[0;32mI (951) mission: All tasks spawned[0m
[0;32mI (978) sccb-ng: pin_sda 40 pin_scl 39[0m
[0;32mI (981) main_task: Returned from app_main()[0m
[0;32mI (984) sccb-ng: sccb_i2c_port=1[0m
[1;31mE (1004) camera: Detected camera not supported.[0m
[1;31mE (1005) camera: Camera probe failed with error 0x106(ESP_ERR_NOT_SUPPORTED)[0m
[1;31mE (1005) apriltag_detect: Camera Init Failed[0m
Guru Meditation Error: Core  1 panic'ed (IllegalInstruction). Exception was unhandled.
Memory dump at 0x42012ef4: e0b4bb81 f01d0008 65201110
--- 0x42012ef4: init_camera at /home/user/urex/firmware/nus_flight_app/main/at_detect.c:155(inlined by) at_detect_task at /home/user/urex/firmware/nus_flight_app/main/at_detect.c:277
Core  1 register dump:
PC      : 0x42012efa  PS      : 0x00060830  A0      : 0x00000000  A1      : 0x3fcdd100  
--- 0x42012efa: at_detect_task at /home/user/urex/firmware/nus_flight_app/main/at_detect.c:442
A2      : 0x00000000  A3      : 0x00000000  A4      : 0x00000000  A5      : 0x00000000  
A6      : 0x00000000  A7      : 0x00000000  A8      : 0x82012efa  A9      : 0x3fcdd0a0  
A10     : 0x00000001  A11     : 0x3c0c7030  A12     : 0x3c0c7040  A13     : 0x000003ed  
A14     : 0x3c0c7030  A15     : 0x000003ed  SAR     : 0x00000004  EXCCAUSE: 0x00000000  
EXCVADDR: 0x00000000  LBEG    : 0x400556d5  LEND    : 0x400556e5  LCOUNT  : 0xfffffffb  
--- 0x400556d5: strlen in ROM
--- 0x400556e5: strlen in ROM


Backtrace: 0x42012ef7:0x3fcdd100
--- 0x42012ef7: init_camera at /home/user/urex/firmware/nus_flight_app/main/at_detect.c:155(inlined by) at_detect_task at /home/user/urex/firmware/nus_flight_app/main/at_detect.c:277




ELF file SHA256: 11c2a2d03

Rebooting...
ESP-ROM:esp32s3-20210327
Build:Mar 27 2021
rst:0xc (RTC_SW_CPU_RST),boot:0xb (SPI_FAST_FLASH_BOOT)
Saved PC:0x40380406
--- 0x40380406: esp_cpu_wait_for_intr at /home/user/.espressif/v6.0.2/esp-idf/components/esp_hw_support/cpu.c:64
SPIWP:0xee
mode:DIO, clock div:1
load:0x3fce2820,len:0x14f0
load:0x403c8700,len:0xda0
--- 0x403c8700: _stext at ??:?
load:0x403cb700,len:0x2f54
entry 0x403c8908
--- 0x403c8908: call_start_cpu0 at /home/user/.espressif/v6.0.2/esp-idf/components/bootloader/subproject/main/bootloader_start.c:27
[0;32mI (24) boot: ESP-IDF v6.0.2 2nd stage bootloader[0m
[0;32mI (24) boot: compile time Sep  6 2026 22:47:32[0m
[0;32mI (24) boot: Multicore bootloader[0m
[0;32mI (25) boot: chip revision: v0.2[0m
[0;32mI (27) boot: efuse block revision: v1.3[0m
[0;32mI (31) boot.esp32s3: Boot SPI Speed : 80MHz[0m
[0;32mI (34) boot.esp32s3: SPI Mode       : DIO[0m
[0;32mI (38) boot.esp32s3: SPI Flash Size : 8MB[0m
[0;32mI (42) boot: Enabling RNG early entropy source...[0m
[0;32mI (46) boot: Partition Table:[0m
[0;32mI (49) boot: ## Label            Usage          Type ST Offset   Length[0m
[0;32mI (55) boot:  0 nvs              WiFi data        01 02 00009000 00006000[0m
[0;32mI (62) boot:  1 phy_init         RF data          01 01 0000f000 00001000[0m
[0;32mI (68) boot:  2 factory          factory app      00 00 00010000 00177000[0m
[0;32mI (75) boot: End of partition table[0m
[0;32mI (78) esp_image: segment 0: paddr=00010020 vaddr=3c0c0020 size=38764h (231268) map[0m
[0;32mI (128) esp_image: segment 1: paddr=0004878c vaddr=3fca0e00 size=0788ch ( 30860) load[0m
[0;32mI (135) esp_image: segment 2: paddr=00050020 vaddr=42000020 size=bd0c0h (774336) map[0m
[0;32mI (277) esp_image: segment 3: paddr=0010d0e8 vaddr=3fca868c size=0032ch (   812) load[0m
[0;32mI (278) esp_image: segment 4: paddr=0010d41c vaddr=40378000 size=18d60h (101728) load[0m
[0;32mI (305) esp_image: segment 5: paddr=00126184 vaddr=50000000 size=00024h (    36) load[0m
[0;32mI (316) boot: Loaded app from partition at offset 0x10000[0m
[0;32mI (316) boot: Disabling RNG early entropy source...[0m
[0;32mI (326) octal_psram: vendor id    : 0x0d (AP)[0m
[0;32mI (327) octal_psram: dev id       : 0x02 (generation 3)[0m
[0;32mI (327) octal_psram: density      : 0x03 (64 Mbit)[0m
[0;32mI (329) octal_psram: good-die     : 0x01 (Pass)[0m
[0;32mI (333) octal_psram: Latency      : 0x01 (Fixed)[0m
[0;32mI (337) octal_psram: VCC          : 0x01 (3V)[0m
[0;32mI (341) octal_psram: SRF          : 0x01 (Fast Refresh)[0m
[0;32mI (346) octal_psram: BurstType    : 0x01 (Hybrid Wrap)[0m
[0;32mI (351) octal_psram: BurstLen     : 0x01 (32 Byte)[0m
[0;32mI (356) octal_psram: Readlatency  : 0x02 (10 cycles@Fixed)[0m
[0;32mI (361) octal_psram: DriveStrength: 0x00 (1/1)[0m
[0;32mI (365) MSPI Timing: Enter psram timing tuning[0m
[0;32mI (370) esp_psram: Found 8MB PSRAM device[0m
[0;32mI (373) esp_psram: Speed: 80MHz[0m
[0;32mI (376) cpu_start: Multicore app[0m
[0;32mI (664) esp_psram: SPI SRAM memory test OK[0m
[0;32mI (672) cpu_start: GPIO 44 and 43 are used as console UART I/O pins[0m
[0;32mI (673) cpu_start: Pro cpu start user code[0m
[0;32mI (673) cpu_start: cpu freq: 240000000 Hz[0m
[0;32mI (675) app_init: Application information:[0m
[0;32mI (679) app_init: Project name:     esp-everything[0m
[0;32mI (683) app_init: App version:      99cde05-dirty[0m
[0;32mI (687) app_init: Compile time:     Sep 10 2026 22:00:00[0m
[0;32mI (693) app_init: ELF file SHA256:  11c2a2d03...[0m
[0;32mI (697) app_init: ESP-IDF:          v6.0.2[0m
[0;32mI (701) efuse_init: Min chip rev:     v0.0[0m
[0;32mI (704) efuse_init: Max chip rev:     v0.99 [0m
[0;32mI (708) efuse_init: Chip rev:         v0.2[0m
[0;32mI (712) heap_init: Initializing. RAM available for dynamic allocation:[0m
[0;32mI (719) heap_init: At 3FCB9E40 len 0002F8D0 (190 KiB): RAM[0m
[0;32mI (724) heap_init: At 3FCE9710 len 00005724 (21 KiB): RAM[0m
[0;32mI (729) heap_init: At 600FE000 len 00001FE8 (7 KiB): RTCRAM[0m
[0;32mI (734) esp_psram: Adding pool of 8192K of PSRAM memory to heap allocator[0m
[0;32mI (741) spi_flash: detected chip: gd[0m
[0;32mI (744) spi_flash: flash io: dio[0m
[0;32mI (747) sleep_gpio: Configure to isolate all GPIO pins in sleep state[0m
[0;32mI (753) sleep_gpio: Enable automatic switching of GPIO sleep configuration[0m
[0;32mI (760) main_task: Started on CPU0[0m
[0;32mI (763) esp_psram: Reserving pool of 32K of internal memory for DMA/internal allocations[0m
[0;32mI (771) main_task: Calling app_main()[0m
[0;32mI (774) mission: ESP starting[0m
[0;32mI (791) pp: pp rom version: e7ae62f[0m
[0;32mI (792) net80211: net80211 rom version: e7ae62f[0m
[0;32mI (793) wifi:wifi driver task: 3fcc9ac8, prio:23, stack:6656, core=0[0m
[0;32mI (801) wifi:wifi firmware version: 00ad238[0m
[0;32mI (801) wifi:wifi certification version: v7.0[0m
[0;32mI (802) wifi:config NVS flash: enabled[0m
[0;32mI (805) wifi:config nano formatting: disabled[0m
[0;32mI (810) wifi:Init data frame dynamic rx buffer num: 32[0m
[0;32mI (815) wifi:Init static rx mgmt buffer num: 5[0m
[0;32mI (819) wifi:Init management short buffer num: 32[0m
[0;32mI (823) wifi:Init dynamic tx buffer num: 32[0m
[0;32mI (827) wifi:Init static tx FG buffer num: 2[0m
[0;32mI (831) wifi:Init static rx buffer size: 1600[0m
[0;32mI (835) wifi:Init static rx buffer num: 10[0m
[0;32mI (839) wifi:Init dynamic rx buffer num: 32[0m
[0;32mI (843) wifi_init: rx ba win: 6[0m
[0;32mI (846) wifi_init: accept mbox: 6[0m
[0;32mI (849) wifi_init: tcpip mbox: 32[0m
[0;32mI (852) wifi_init: udp mbox: 6[0m
[0;32mI (854) wifi_init: tcp mbox: 6[0m
[0;32mI (857) wifi_init: tcp tx win: 5760[0m
[0;32mI (860) wifi_init: tcp rx win: 5760[0m
[0;32mI (864) wifi_init: tcp mss: 1440[0m
[0;32mI (867) wifi_init: WiFi IRAM OP enabled[0m
[0;32mI (870) wifi_init: WiFi RX IRAM OP enabled[0m
[0;33mW (874) wifi:Password length matches WPA2 standards, authmode threshold changes from OPEN to WPA2[0m
[0;32mI (883) phy_init: phy_version 712,87e8c20e,Apr 13 2026,18:51:10[0m
[0;32mI (925) wifi:mode : sta (98:a3:16:f7:04:b4)[0m
[0;32mI (925) wifi:enable tsf[0m
[0;32mI (927) wifi: Connecting to '<redacted-ssid>'...[0m
[0;32mI (929) mav: UART1 ready: TX=GPIO5 RX=GPIO4 @ 921600 baud[0m
[0;32mI (929) mav: Requested PX4 position + attitude at 20 Hz[0m
[0;32mI (934) tof: I2C master bus created[0m
[0;32mI (937) tof: TCA9548A registered[0m
[0;32mI (942) wifi: Telemetry → 192.0.2.1:5005 | Commands ← port 5006[0m
[0;33mW (947) mission: NANOLITE BENCH MODE: navigation and mission tasks are disabled[0m
[0;32mI (954) mission: All tasks spawned[0m
[0;32mI (948) s3 ll_cam: DMA Channel=0[0m
[0;32mI (948) nanolite: read-only PX4 pose bridge ready: 20Hz max_age=250ms key=25cm/15deg[0m
[0;32mI (967) nanolite: NANOTOF enabled: interval=1000ms tuple=distance_mm,column,timestamp_us,age_ms yaw_deg=s0:45,s1:0,s2:315,s3:270,s4:225,s5:180,s6:135,s7:90[0m
[0;32mI (960) cam_hal: cam init ok[0m
[0;32mI (957) main_task: Returned from app_main()[0m
[0;32mI (983) sccb-ng: pin_sda 40 pin_scl 39[0m
[0;32mI (991) sccb-ng: sccb_i2c_port=1[0m
[1;31mE (1006) camera: Detected camera not supported.[0m
[1;31mE (1007) camera: Camera probe failed with error 0x106(ESP_ERR_NOT_SUPPORTED)[0m
[1;31mE (1007) apriltag_detect: Camera Init Failed[0m
Guru Meditation Error: Core  1 panic'ed (IllegalInstruction). Exception was unhandled.
Memory dump at 0x42012ef4: e0b4bb81 f01d0008 65201110
--- 0x42012ef4: init_camera at /home/user/urex/firmware/nus_flight_app/main/at_detect.c:155(inlined by) at_detect_task at /home/user/urex/firmware/nus_flight_app/main/at_detect.c:277
Core  1 register dump:
PC      : 0x42012efa  PS      : 0x00060830  A0      : 0x00000000  A1      : 0x3fcdd100  
--- 0x42012efa: at_detect_task at /home/user/urex/firmware/nus_flight_app/main/at_detect.c:442
A2      : 0x00000000  A3      : 0x00000000  A4      : 0x00000000  A5      : 0x00000000  
A6      : 0x00000000  A7      : 0x00000000  A8      : 0x82012efa  A9      : 0x3fcdd0a0  
A10     : 0x00000001  A11     : 0x3c0c7030  A12     : 0x3c0c7040  A13     : 0x000003ef  
A14     : 0x3c0c7030  A15     : 0x000003ef  SAR     : 0x00000004  EXCCAUSE: 0x00000000  
EXCVADDR: 0x00000000  LBEG    : 0x400556d5  LEND    : 0x400556e5  LCOUNT  : 0xfffffffb  
--- 0x400556d5: strlen in ROM
--- 0x400556e5: strlen in ROM


Backtrace: 0x42012ef7:0x3fcdd100
--- 0x42012ef7: init_camera at /home/user/urex/firmware/nus_flight_app/main/at_detect.c:155(inlined by) at_detect_task at /home/user/urex/firmware/nus_flight_app/main/at_detect.c:277




ELF file SHA256: 11c2a2d03

Rebooting...
ESP-ROM:esp32s3-20210327
Build:Mar 27 2021
rst:0xc (RTC_SW_CPU_RST),boot:0xb (SPI_FAST_FLASH_BOOT)
Saved PC:0x40380406
--- 0x40380406: esp_cpu_wait_for_intr at /home/user/.espressif/v6.0.2/esp-idf/components/esp_hw_support/cpu.c:64
SPIWP:0xee
mode:DIO, clock div:1
load:0x3fce2820,len:0x14f0
load:0x403c8700,len:0xda0
--- 0x403c8700: _stext at ??:?
load:0x403cb700,len:0x2f54
entry 0x403c8908
--- 0x403c8908: call_start_cpu0 at /home/user/.espressif/v6.0.2/esp-idf/components/bootloader/subproject/main/bootloader_start.c:27
[0;32mI (24) boot: ESP-IDF v6.0.2 2nd stage bootloader[0m
[0;32mI (24) boot: compile time Sep  6 2026 22:47:32[0m
[0;32mI (24) boot: Multicore bootloader[0m
[0;32mI (25) boot: chip revision: v0.2[0m
[0;32mI (27) boot: efuse block revision: v1.3[0m
[0;32mI (31) boot.esp32s3: Boot SPI Speed : 80MHz[0m
[0;32mI (34) boot.esp32s3: SPI Mode       : DIO[0m
[0;32mI (38) boot.esp32s3: SPI Flash Size : 8MB[0m
[0;32mI (42) boot: Enabling RNG early entropy source...[0m
[0;32mI (46) boot: Partition Table:[0m
[0;32mI (49) boot: ## Label            Usage          Type ST Offset   Length[0m
[0;32mI (55) boot:  0 nvs              WiFi data        01 02 00009000 00006000[0m
[0;32mI (62) boot:  1 phy_init         RF data          01 01 0000f000 00001000[0m
[0;32mI (68) boot:  2 factory          factory app      00 00 00010000 00177000[0m
[0;32mI (75) boot: End of partition table[0m
[0;32mI (78) esp_image: segment 0: paddr=00010020 vaddr=3c0c0020 size=38764h (231268) map[0m
[0;32mI (128) esp_image: segment 1: paddr=0004878c vaddr=3fca0e00 size=0788ch ( 30860) load[0m
[0;32mI (135) esp_image: segment 2: paddr=00050020 vaddr=42000020 size=bd0c0h (774336) map[0m
[0;32mI (277) esp_image: segment 3: paddr=0010d0e8 vaddr=3fca868c size=0032ch (   812) load[0m
[0;32mI (278) esp_image: segment 4: paddr=0010d41c vaddr=40378000 size=18d60h (101728) load[0m
[0;32mI (305) esp_image: segment 5: paddr=00126184 vaddr=50000000 size=00024h (    36) load[0m
[0;32mI (316) boot: Loaded app from partition at offset 0x10000[0m
[0;32mI (316) boot: Disabling RNG early entropy source...[0m
[0;32mI (326) octal_psram: vendor id    : 0x0d (AP)[0m
[0;32mI (327) octal_psram: dev id       : 0x02 (generation 3)[0m
[0;32mI (327) octal_psram: density      : 0x03 (64 Mbit)[0m
[0;32mI (329) octal_psram: good-die     : 0x01 (Pass)[0m
[0;32mI (333) octal_psram: Latency      : 0x01 (Fixed)[0m
[0;32mI (337) octal_psram: VCC          : 0x01 (3V)[0m
[0;32mI (341) octal_psram: SRF          : 0x01 (Fast Refresh)[0m
[0;32mI (346) octal_psram: BurstType    : 0x01 (Hybrid Wrap)[0m
[0;32mI (351) octal_psram: BurstLen     : 0x01 (32 Byte)[0m
[0;32mI (356) octal_psram: Readlatency  : 0x02 (10 cycles@Fixed)[0m
[0;32mI (361) octal_psram: DriveStrength: 0x00 (1/1)[0m
[0;32mI (365) MSPI Timing: Enter psram timing tuning[0m
[0;32mI (370) esp_psram: Found 8MB PSRAM device[0m
[0;32mI (373) esp_psram: Speed: 80MHz[0m
[0;32mI (376) cpu_start: Multicore app[0m
[0;32mI (664) esp_psram: SPI SRAM memory test OK[0m
[0;32mI (672) cpu_start: GPIO 44 and 43 are used as console UART I/O pins[0m
[0;32mI (673) cpu_start: Pro cpu start user code[0m
[0;32mI (673) cpu_start: cpu freq: 240000000 Hz[0m
[0;32mI (675) app_init: Application information:[0m
[0;32mI (679) app_init: Project name:     esp-everything[0m
[0;32mI (683) app_init: App version:      99cde05-dirty[0m
[0;32mI (687) app_init: Compile time:     Sep 10 2026 22:00:00[0m
[0;32mI (693) app_init: ELF file SHA256:  11c2a2d03...[0m
[0;32mI (697) app_init: ESP-IDF:          v6.0.2[0m
[0;32mI (701) efuse_init: Min chip rev:     v0.0[0m
[0;32mI (704) efuse_init: Max chip rev:     v0.99 [0m
[0;32mI (708) efuse_init: Chip rev:         v0.2[0m
[0;32mI (712) heap_init: Initializing. RAM available for dynamic allocation:[0m
[0;32mI (719) heap_init: At 3FCB9E40 len 0002F8D0 (190 KiB): RAM[0m
[0;32mI (724) heap_init: At 3FCE9710 len 00005724 (21 KiB): RAM[0m
[0;32mI (729) heap_init: At 600FE000 len 00001FE8 (7 KiB): RTCRAM[0m
[0;32mI (734) esp_psram: Adding pool of 8192K of PSRAM memory to heap allocator[0m
[0;32mI (741) spi_flash: detected chip: gd[0m
[0;32mI (744) spi_flash: flash io: dio[0m
[0;32mI (747) sleep_gpio: Configure to isolate all GPIO pins in sleep state[0m
[0;32mI (753) sleep_gpio: Enable automatic switching of GPIO sleep configuration[0m
[0;32mI (760) main_task: Started on CPU0[0m
[0;32mI (763) esp_psram: Reserving pool of 32K of internal memory for DMA/internal allocations[0m
[0;32mI (771) main_task: Calling app_main()[0m
[0;32mI (774) mission: ESP starting[0m
[0;32mI (791) pp: pp rom version: e7ae62f[0m
[0;32mI (792) net80211: net80211 rom version: e7ae62f[0m
[0;32mI (793) wifi:wifi driver task: 3fcc9ac8, prio:23, stack:6656, core=0[0m
[0;32mI (801) wifi:wifi firmware version: 00ad238[0m
[0;32mI (801) wifi:wifi certification version: v7.0[0m
[0;32mI (802) wifi:config NVS flash: enabled[0m
[0;32mI (805) wifi:config nano formatting: disabled[0m
[0;32mI (810) wifi:Init data frame dynamic rx buffer num: 32[0m
[0;32mI (815) wifi:Init static rx mgmt buffer num: 5[0m
[0;32mI (819) wifi:Init management short buffer num: 32[0m
[0;32mI (823) wifi:Init dynamic tx buffer num: 32[0m
[0;32mI (827) wifi:Init static tx FG buffer num: 2[0m
[0;32mI (831) wifi:Init static rx buffer size: 1600[0m
[0;32mI (835) wifi:Init static rx buffer num: 10[0m
[0;32mI (839) wifi:Init dynamic rx buffer num: 32[0m
[0;32mI (843) wifi_init: rx ba win: 6[0m
[0;32mI (846) wifi_init: accept mbox: 6[0m
[0;32mI (849) wifi_init: tcpip mbox: 32[0m
[0;32mI (852) wifi_init: udp mbox: 6[0m
[0;32mI (854) wifi_init: tcp mbox: 6[0m
[0;32mI (857) wifi_init: tcp tx win: 5760[0m
[0;32mI (860) wifi_init: tcp rx win: 5760[0m
[0;32mI (864) wifi_init: tcp mss: 1440[0m
[0;32mI (867) wifi_init: WiFi IRAM OP enabled[0m
[0;32mI (870) wifi_init: WiFi RX IRAM OP enabled[0m
[0;33mW (874) wifi:Password length matches WPA2 standards, authmode threshold changes from OPEN to WPA2[0m
[0;32mI (883) phy_init: phy_version 712,87e8c20e,Apr 13 2026,18:51:10[0m
[0;32mI (928) wifi:mode : sta (98:a3:16:f7:04:b4)[0m
[0;32mI (928) wifi:enable tsf[0m
[0;32mI (931) wifi: Connecting to '<redacted-ssid>'...[0m
[0;32mI (932) mav: UART1 ready: TX=GPIO5 RX=GPIO4 @ 921600 baud[0m
[0;32mI (932) mav: Requested PX4 position + attitude at 20 Hz[0m
[0;32mI (938) tof: I2C master bus created[0m
[0;32mI (940) tof: TCA9548A registered[0m
[0;32mI (945) wifi: Telemetry → 192.0.2.1:5005 | Commands ← port 5006[0m
[0;33mW (950) mission: NANOLITE BENCH MODE: navigation and mission tasks are disabled[0m
[0;32mI (957) mission: All tasks spawned[0m
[0;32mI (951) s3 ll_cam: DMA Channel=0[0m
[0;32mI (951) nanolite: read-only PX4 pose bridge ready: 20Hz max_age=250ms key=25cm/15deg[0m
[0;32mI (970) nanolite: NANOTOF enabled: interval=1000ms tuple=distance_mm,column,timestamp_us,age_ms yaw_deg=s0:45,s1:0,s2:315,s3:270,s4:225,s5:180,s6:135,s7:90[0m
[0;32mI (963) cam_hal: cam init ok[0m
[0;32mI (960) main_task: Returned from app_main()[0m
[0;32mI (986) sccb-ng: pin_sda 40 pin_scl 39[0m
[0;32mI (994) sccb-ng: sccb_i2c_port=1[0m
[1;31mE (1009) camera: Detected camera not supported.[0m
[1;31mE (1010) camera: Camera probe failed with error 0x106(ESP_ERR_NOT_SUPPORTED)[0m
[1;31mE (1010) apriltag_detect: Camera Init Failed[0m
Guru Meditation Error: Core  1 panic'ed (IllegalInstruction). Exception was unhandled.
Memory dump at 0x42012ef4: e0b4bb81 f01d0008 65201110
--- 0x42012ef4: init_camera at /home/user/urex/firmware/nus_flight_app/main/at_detect.c:155(inlined by) at_detect_task at /home/user/urex/firmware/nus_flight_app/main/at_detect.c:277
Core  1 register dump:
PC      : 0x42012efa  PS      : 0x00060830  A0      : 0x00000000  A1      : 0x3fcdd100  
--- 0x42012efa: at_detect_task at /home/user/urex/firmware/nus_flight_app/main/at_detect.c:442
A2      : 0x00000000  A3      : 0x00000000  A4      : 0x00000000  A5      : 0x00000000  
A6      : 0x00000000  A7      : 0x00000000  A8      : 0x82012efa  A9      : 0x3fcdd0a0  
A10     : 0x00000001  A11     : 0x3c0c7030  A12     : 0x3c0c7040  A13     : 0x000003f2  
A14     : 0x3c0c7030  A15     : 0x000003f2  SAR     : 0x00000004  EXCCAUSE: 0x00000000  
EXCVADDR: 0x00000000  LBEG    : 0x400556d5  LEND    : 0x400556e5  LCOUNT  : 0xfffffffb  
--- 0x400556d5: strlen in ROM
--- 0x400556e5: strlen in ROM


Backtrace: 0x42012ef7:0x3fcdd100
--- 0x42012ef7: init_camera at /home/user/urex/firmware/nus_flight_app/main/at_detect.c:155(inlined by) at_detect_task at /home/user/urex/firmware/nus_flight_app/main/at_detect.c:277




ELF file SHA256: 11c2a2d03

Rebooting...
ESP-ROM:esp32s3-20210327
Build:Mar 27 2021
rst:0xc (RTC_SW_CPU_RST),boot:0xb (SPI_FAST_FLASH_BOOT)
Saved PC:0x40380406
--- 0x40380406: esp_cpu_wait_for_intr at /home/user/.espressif/v6.0.2/esp-idf/components/esp_hw_support/cpu.c:64
SPIWP:0xee
mode:DIO, clock div:1
load:0x3fce2820,len:0x14f0
load:0x403c8700,len:0xda0
--- 0x403c8700: _stext at ??:?
load:0x403cb700,len:0x2f54
entry 0x403c8908
--- 0x403c8908: call_start_cpu0 at /home/user/.espressif/v6.0.2/esp-idf/components/bootloader/subproject/main/bootloader_start.c:27
[0;32mI (24) boot: ESP-IDF v6.0.2 2nd stage bootloader[0m
[0;32mI (24) boot: compile time Sep  6 2026 22:47:32[0m
[0;32mI (24) boot: Multicore bootloader[0m
[0;32mI (25) boot: chip revision: v0.2[0m
[0;32mI (27) boot: efuse block revision: v1.3[0m
[0;32mI (31) boot.esp32s3: Boot SPI Speed : 80MHz[0m
[0;32mI (34) boot.esp32s3: SPI Mode       : DIO[0m
[0;32mI (38) boot.esp32s3: SPI Flash Size : 8MB[0m
[0;32mI (42) boot: Enabling RNG early entropy source...[0m
[0;32mI (46) boot: Partition Table:[0m
[0;32mI (49) boot: ## Label            Usage          Type ST Offset   Length[0m
[0;32mI (55) boot:  0 nvs              WiFi data        01 02 00009000 00006000[0m
[0;32mI (62) boot:  1 phy_init         RF data          01 01 0000f000 00001000[0m
[0;32mI (68) boot:  2 factory          factory app      00 00 00010000 00177000[0m
[0;32mI (75) boot: End of partition table[0m
[0;32mI (78) esp_image: segment 0: paddr=00010020 vaddr=3c0c0020 size=38764h (231268) map[0m
[0;32mI (128) esp_image: segment 1: paddr=0004878c vaddr=3fca0e00 size=0788ch ( 30860) load[0m
[0;32mI (135) esp_image: segment 2: paddr=00050020 vaddr=42000020 size=bd0c0h (774336) map[0m
[0;32mI (277) esp_image: segment 3: paddr=0010d0e8 vaddr=3fca868c size=0032ch (   812) load[0m
[0;32mI (278) esp_image: segment 4: paddr=0010d41c vaddr=40378000 size=18d60h (101728) load[0m
[0;32mI (305) esp_image: segment 5: paddr=00126184 vaddr=50000000 size=00024h (    36) load[0m
[0;32mI (316) boot: Loaded app from partition at offset 0x10000[0m
[0;32mI (316) boot: Disabling RNG early entropy source...[0m
[0;32mI (326) octal_psram: vendor id    : 0x0d (AP)[0m
[0;32mI (327) octal_psram: dev id       : 0x02 (generation 3)[0m
[0;32mI (327) octal_psram: density      : 0x03 (64 Mbit)[0m
[0;32mI (329) octal_psram: good-die     : 0x01 (Pass)[0m
[0;32mI (333) octal_psram: Latency      : 0x01 (Fixed)[0m
[0;32mI (337) octal_psram: VCC          : 0x01 (3V)[0m
[0;32mI (341) octal_psram: SRF          : 0x01 (Fast Refresh)[0m
[0;32mI (346) octal_psram: BurstType    : 0x01 (Hybrid Wrap)[0m
[0;32mI (351) octal_psram: BurstLen     : 0x01 (32 Byte)[0m
[0;32mI (356) octal_psram: Readlatency  : 0x02 (10 cycles@Fixed)[0m
[0;32mI (361) octal_psram: DriveStrength: 0x00 (1/1)[0m
[0;32mI (365) MSPI Timing: Enter psram timing tuning[0m
[0;32mI (370) esp_psram: Found 8MB PSRAM device[0m
[0;32mI (373) esp_psram: Speed: 80MHz[0m
[0;32mI (376) cpu_start: Multicore app[0m
[0;32mI (664) esp_psram: SPI SRAM memory test OK[0m
[0;32mI (672) cpu_start: GPIO 44 and 43 are used as console UART I/O pins[0m
[0;32mI (673) cpu_start: Pro cpu start user code[0m
[0;32mI (673) cpu_start: cpu freq: 240000000 Hz[0m
[0;32mI (675) app_init: Application information:[0m
[0;32mI (679) app_init: Project name:     esp-everything[0m
[0;32mI (683) app_init: App version:      99cde05-dirty[0m
[0;32mI (687) app_init: Compile time:     Sep 10 2026 22:00:00[0m
[0;32mI (693) app_init: ELF file SHA256:  11c2a2d03...[0m
[0;32mI (697) app_init: ESP-IDF:          v6.0.2[0m
[0;32mI (701) efuse_init: Min chip rev:     v0.0[0m
[0;32mI (704) efuse_init: Max chip rev:     v0.99 [0m
[0;32mI (708) efuse_init: Chip rev:         v0.2[0m
[0;32mI (712) heap_init: Initializing. RAM available for dynamic allocation:[0m
[0;32mI (719) heap_init: At 3FCB9E40 len 0002F8D0 (190 KiB): RAM[0m
[0;32mI (724) heap_init: At 3FCE9710 len 00005724 (21 KiB): RAM[0m
[0;32mI (729) heap_init: At 600FE000 len 00001FE8 (7 KiB): RTCRAM[0m
[0;32mI (734) esp_psram: Adding pool of 8192K of PSRAM memory to heap allocator[0m
[0;32mI (741) spi_flash: detected chip: gd[0m
[0;32mI (744) spi_flash: flash io: dio[0m
[0;32mI (747) sleep_gpio: Configure to isolate all GPIO pins in sleep state[0m
[0;32mI (753) sleep_gpio: Enable automatic switching of GPIO sleep configuration[0m
[0;32mI (760) main_task: Started on CPU0[0m
[0;32mI (763) esp_psram: Reserving pool of 32K of internal memory for DMA/internal allocations[0m
[0;32mI (771) main_task: Calling app_main()[0m
[0;32mI (774) mission: ESP starting[0m
[0;32mI (791) pp: pp rom version: e7ae62f[0m
[0;32mI (792) net80211: net80211 rom version: e7ae62f[0m
[0;32mI (793) wifi:wifi driver task: 3fcc9ac8, prio:23, stack:6656, core=0[0m
[0;32mI (801) wifi:wifi firmware version: 00ad238[0m
[0;32mI (801) wifi:wifi certification version: v7.0[0m
[0;32mI (802) wifi:config NVS flash: enabled[0m
[0;32mI (805) wifi:config nano formatting: disabled[0m
[0;32mI (810) wifi:Init data frame dynamic rx buffer num: 32[0m
[0;32mI (815) wifi:Init static rx mgmt buffer num: 5[0m
[0;32mI (819) wifi:Init management short buffer num: 32[0m
[0;32mI (823) wifi:Init dynamic tx buffer num: 32[0m
[0;32mI (827) wifi:Init static tx FG buffer num: 2[0m
[0;32mI (831) wifi:Init static rx buffer size: 1600[0m
[0;32mI (835) wifi:Init static rx buffer num: 10[0m
[0;32mI (839) wifi:Init dynamic rx buffer num: 32[0m
[0;32mI (843) wifi_init: rx ba win: 6[0m
[0;32mI (846) wifi_init: accept mbox: 6[0m
[0;32mI (849) wifi_init: tcpip mbox: 32[0m
[0;32mI (852) wifi_init: udp mbox: 6[0m
[0;32mI (854) wifi_init: tcp mbox: 6[0m
[0;32mI (857) wifi_init: tcp tx win: 5760[0m
[0;32mI (860) wifi_init: tcp rx win: 5760[0m
[0;32mI (864) wifi_init: tcp mss: 1440[0m
[0;32mI (867) wifi_init: WiFi IRAM OP enabled[0m
[0;32mI (870) wifi_init: WiFi RX IRAM OP enabled[0m
[0;33mW (874) wifi:Password length matches WPA2 standards, authmode threshold changes from OPEN to WPA2[0m
[0;32mI (883) phy_init: phy_version 712,87e8c20e,Apr 13 2026,18:51:10[0m
[0;32mI (922) wifi:mode : sta (98:a3:16:f7:04:b4)[0m
[0;32mI (923) wifi:enable tsf[0m
[0;32mI (925) wifi: Connecting to '<redacted-ssid>'...[0m
[0;32mI (926) mav: UART1 ready: TX=GPIO5 RX=GPIO4 @ 921600 baud[0m
[0;32mI (927) mav: Requested PX4 position + attitude at 20 Hz[0m
[0;32mI (932) tof: I2C master bus created[0m
[0;32mI (935) tof: TCA9548A registered[0m
[0;32mI (939) wifi: Telemetry → 192.0.2.1:5005 | Commands ← port 5006[0m
[0;33mW (945) mission: NANOLITE BENCH MODE: navigation and mission tasks are disabled[0m
[0;32mI (945) s3 ll_cam: DMA Channel=0[0m
[0;32mI (946) nanolite: read-only PX4 pose bridge ready: 20Hz max_age=250ms key=25cm/15deg[0m
[0;32mI (962) nanolite: NANOTOF enabled: interval=1000ms tuple=distance_mm,column,timestamp_us,age_ms yaw_deg=s0:45,s1:0,s2:315,s3:270,s4:225,s5:180,s6:135,s7:90[0m
[0;32mI (954) cam_hal: cam init ok[0m
[0;32mI (951) mission: All tasks spawned[0m
[0;32mI (978) sccb-ng: pin_sda 40 pin_scl 39[0m
[0;32mI (981) main_task: Returned from app_main()[0m
[0;32mI (984) sccb-ng: sccb_i2c_port=1[0m
[1;31mE (1004) camera: Detected camera not supported.[0m
[1;31mE (1005) camera: Camera probe failed with error 0x106(ESP_ERR_NOT_SUPPORTED)[0m
[1;31mE (1005) apriltag_detect: Camera Init Failed[0m
Guru Meditation Error: Core  1 panic'ed (IllegalInstruction). Exception was unhandled.
Memory dump at 0x42012ef4: e0b4bb81 f01d0008 65201110
--- 0x42012ef4: init_camera at /home/user/urex/firmware/nus_flight_app/main/at_detect.c:155(inlined by) at_detect_task at /home/user/urex/firmware/nus_flight_app/main/at_detect.c:277
Core  1 register dump:
PC      : 0x42012efa  PS      : 0x00060830  A0      : 0x00000000  A1      : 0x3fcdd100  
--- 0x42012efa: at_detect_task at /home/user/urex/firmware/nus_flight_app/main/at_detect.c:442
A2      : 0x00000000  A3      : 0x00000000  A4      : 0x00000000  A5      : 0x00000000  
A6      : 0x00000000  A7      : 0x00000000  A8      : 0x82012efa  A9      : 0x3fcdd0a0  
A10     : 0x00000001  A11     : 0x3c0c7030  A12     : 0x3c0c7040  A13     : 0x000003ed  
A14     : 0x3c0c7030  A15     : 0x000003ed  SAR     : 0x00000004  EXCCAUSE: 0x00000000  
EXCVADDR: 0x00000000  LBEG    : 0x400556d5  LEND    : 0x400556e5  LCOUNT  : 0xfffffffb  
--- 0x400556d5: strlen in ROM
--- 0x400556e5: strlen in ROM


Backtrace: 0x42012ef7:0x3fcdd100
--- 0x42012ef7: init_camera at /home/user/urex/firmware/nus_flight_app/main/at_detect.c:155(inlined by) at_detect_task at /home/user/urex/firmware/nus_flight_app/main/at_detect.c:277




ELF file SHA256: 11c2a2d03

Rebooting...
ESP-ROM:esp32s3-20210327
Build:Mar 27 2021
rst:0xc (RTC_SW_CPU_RST),boot:0xb (SPI_FAST_FLASH_BOOT)
Saved PC:0x40380406
--- 0x40380406: esp_cpu_wait_for_intr at /home/user/.espressif/v6.0.2/esp-idf/components/esp_hw_support/cpu.c:64
SPIWP:0xee
mode:DIO, clock div:1
load:0x3fce2820,len:0x14f0
load:0x403c8700,len:0xda0
--- 0x403c8700: _stext at ??:?
load:0x403cb700,len:0x2f54
entry 0x403c8908
--- 0x403c8908: call_start_cpu0 at /home/user/.espressif/v6.0.2/esp-idf/components/bootloader/subproject/main/bootloader_start.c:27
[0;32mI (24) boot: ESP-IDF v6.0.2 2nd stage bootloader[0m
[0;32mI (24) boot: compile time Sep  6 2026 22:47:32[0m
[0;32mI (24) boot: Multicore bootloader[0m
[0;32mI (25) boot: chip revision: v0.2[0m
[0;32mI (27) boot: efuse block revision: v1.3[0m
[0;32mI (31) boot.esp32s3: Boot SPI Speed : 80MHz[0m
[0;32mI (34) boot.esp32s3: SPI Mode       : DIO[0m
[0;32mI (38) boot.esp32s3: SPI Flash Size : 8MB[0m
[0;32mI (42) boot: Enabling RNG early entropy source...[0m
[0;32mI (46) boot: Partition Table:[0m
[0;32mI (49) boot: ## Label            Usage          Type ST Offset   Length[0m
[0;32mI (55) boot:  0 nvs              WiFi data        01 02 00009000 00006000[0m
[0;32mI (62) boot:  1 phy_init         RF data          01 01 0000f000 00001000[0m
[0;32mI (68) boot:  2 factory          factory app      00 00 00010000 00177000[0m
[0;32mI (75) boot: End of partition table[0m
[0;32mI (78) esp_image: segment 0: paddr=00010020 vaddr=3c0c0020 size=38764h (231268) map[0m
[0;32mI (128) esp_image: segment 1: paddr=0004878c vaddr=3fca0e00 size=0788ch ( 30860) load[0m
[0;32mI (135) esp_image: segment 2: paddr=00050020 vaddr=42000020 size=bd0c0h (774336) map[0m
[0;32mI (277) esp_image: segment 3: paddr=0010d0e8 vaddr=3fca868c size=0032ch (   812) load[0m
[0;32mI (278) esp_image: segment 4: paddr=0010d41c vaddr=40378000 size=18d60h (101728) load[0m
[0;32mI (305) esp_image: segment 5: paddr=00126184 vaddr=50000000 size=00024h (    36) load[0m
[0;32mI (316) boot: Loaded app from partition at offset 0x10000[0m
[0;32mI (316) boot: Disabling RNG early entropy source...[0m
[0;32mI (327) octal_psram: vendor id    : 0x0d (AP)[0m
[0;32mI (327) octal_psram: dev id       : 0x02 (generation 3)[0m
[0;32mI (327) octal_psram: density      : 0x03 (64 Mbit)[0m
[0;32mI (329) octal_psram: good-die     : 0x01 (Pass)[0m
[0;32mI (333) octal_psram: Latency      : 0x01 (Fixed)[0m
[0;32mI (337) octal_psram: VCC          : 0x01 (3V)[0m
[0;32mI (342) octal_psram: SRF          : 0x01 (Fast Refresh)[0m
[0;32mI (346) octal_psram: BurstType    : 0x01 (Hybrid Wrap)[0m
[0;32mI (351) octal_psram: BurstLen     : 0x01 (32 Byte)[0m
[0;32mI (356) octal_psram: Readlatency  : 0x02 (10 cycles@Fixed)[0m
[0;32mI (361) octal_psram: DriveStrength: 0x00 (1/1)[0m
[0;32mI (365) MSPI Timing: Enter psram timing tuning[0m
[0;32mI (370) esp_psram: Found 8MB PSRAM device[0m
[0;32mI (373) esp_psram: Speed: 80MHz[0m
[0;32mI (376) cpu_start: Multicore app[0m
[0;32mI (664) esp_psram: SPI SRAM memory test OK[0m
[0;32mI (673) cpu_start: GPIO 44 and 43 are used as console UART I/O pins[0m
[0;32mI (673) cpu_start: Pro cpu start user code[0m
[0;32mI (673) cpu_start: cpu freq: 240000000 Hz[0m
[0;32mI (675) app_init: Application information:[0m
[0;32mI (679) app_init: Project name:     esp-everything[0m
[0;32mI (683) app_init: App version:      99cde05-dirty[0m
[0;32mI (688) app_init: Compile time:     Sep 10 2026 22:00:00[0m
[0;32mI (693) app_init: ELF file SHA256:  11c2a2d03...[0m
[0;32mI (697) app_init: ESP-IDF:          v6.0.2[0m
[0;32mI (701) efuse_init: Min chip rev:     v0.0[0m
[0;32mI (705) efuse_init: Max chip rev:     v0.99 [0m
[0;32mI (709) efuse_init: Chip rev:         v0.2[0m
[0;32mI (712) heap_init: Initializing. RAM available for dynamic allocation:[0m
[0;32mI (719) heap_init: At 3FCB9E40 len 0002F8D0 (190 KiB): RAM[0m
[0;32mI (724) heap_init: At 3FCE9710 len 00005724 (21 KiB): RAM[0m
[0;32mI (729) heap_init: At 600FE000 len 00001FE8 (7 KiB): RTCRAM[0m
[0;32mI (734) esp_psram: Adding pool of 8192K of PSRAM memory to heap allocator[0m
[0;32mI (742) spi_flash: detected chip: gd[0m
[0;32mI (744) spi_flash: flash io: dio[0m
[0;32mI (747) sleep_gpio: Configure to isolate all GPIO pins in sleep state[0m
[0;32mI (753) sleep_gpio: Enable automatic switching of GPIO sleep configuration[0m
[0;32mI (760) main_task: Started on CPU0[0m
[0;32mI (763) esp_psram: Reserving pool of 32K of internal memory for DMA/internal allocations[0m
[0;32mI (771) main_task: Calling app_main()[0m
[0;32mI (774) mission: ESP starting[0m
[0;32mI (791) pp: pp rom version: e7ae62f[0m
[0;32mI (792) net80211: net80211 rom version: e7ae62f[0m
[0;32mI (793) wifi:wifi driver task: 3fcc9ac8, prio:23, stack:6656, core=0[0m
[0;32mI (801) wifi:wifi firmware version: 00ad238[0m
[0;32mI (801) wifi:wifi certification version: v7.0[0m
[0;32mI (802) wifi:config NVS flash: enabled[0m
[0;32mI (805) wifi:config nano formatting: disabled[0m
[0;32mI (810) wifi:Init data frame dynamic rx buffer num: 32[0m
[0;32mI (815) wifi:Init static rx mgmt buffer num: 5[0m
[0;32mI (819) wifi:Init management short buffer num: 32[0m
[0;32mI (823) wifi:Init dynamic tx buffer num: 32[0m
[0;32mI (827) wifi:Init static tx FG buffer num: 2[0m
[0;32mI (831) wifi:Init static rx buffer size: 1600[0m
[0;32mI (835) wifi:Init static rx buffer num: 10[0m
[0;32mI (839) wifi:Init dynamic rx buffer num: 32[0m
[0;32mI (843) wifi_init: rx ba win: 6[0m
[0;32mI (846) wifi_init: accept mbox: 6[0m
[0;32mI (849) wifi_init: tcpip mbox: 32[0m
[0;32mI (852) wifi_init: udp mbox: 6[0m
[0;32mI (854) wifi_init: tcp mbox: 6[0m
[0;32mI (857) wifi_init: tcp tx win: 5760[0m
[0;32mI (860) wifi_init: tcp rx win: 5760[0m
[0;32mI (864) wifi_init: tcp mss: 1440[0m
[0;32mI (867) wifi_init: WiFi IRAM OP enabled[0m
[0;32mI (870) wifi_init: WiFi RX IRAM OP enabled[0m
[0;33mW (874) wifi:Password length matches WPA2 standards, authmode threshold changes from OPEN to WPA2[0m
[0;32mI (883) phy_init: phy_version 712,87e8c20e,Apr 13 2026,18:51:10[0m
[0;32mI (921) wifi:mode : sta (98:a3:16:f7:04:b4)[0m
[0;32mI (922) wifi:enable tsf[0m
[0;32mI (924) wifi: Connecting to '<redacted-ssid>'...[0m
[0;32mI (925) mav: UART1 ready: TX=GPIO5 RX=GPIO4 @ 921600 baud[0m
[0;32mI (926) mav: Requested PX4 position + attitude at 20 Hz[0m
[0;32mI (931) tof: I2C master bus created[0m
[0;32mI (934) tof: TCA9548A registered[0m
[0;32mI (938) wifi: Telemetry → 192.0.2.1:5005 | Commands ← port 5006[0m
[0;33mW (944) mission: NANOLITE BENCH MODE: navigation and mission tasks are disabled[0m
[0;32mI (944) s3 ll_cam: DMA Channel=0[0m
[0;32mI (945) nanolite: read-only PX4 pose bridge ready: 20Hz max_age=250ms key=25cm/15deg[0m
[0;32mI (961) nanolite: NANOTOF enabled: interval=1000ms tuple=distance_mm,column,timestamp_us,age_ms yaw_deg=s0:45,s1:0,s2:315,s3:270,s4:225,s5:180,s6:135,s7:90[0m
[0;32mI (953) cam_hal: cam init ok[0m
[0;32mI (950) mission: All tasks spawned[0m
[0;32mI (977) sccb-ng: pin_sda 40 pin_scl 39[0m
[0;32mI (980) main_task: Returned from app_main()[0m
[0;32mI (983) sccb-ng: sccb_i2c_port=1[0m
[1;31mE (1003) camera: Detected camera not supported.[0m
[1;31mE (1004) camera: Camera probe failed with error 0x106(ESP_ERR_NOT_SUPPORTED)[0m
[1;31mE (1004) apriltag_detect: Camera Init Failed[0m
Guru Meditation Error: Core  1 panic'ed (IllegalInstruction). Exception was unhandled.
Memory dump at 0x42012ef4: e0b4bb81 f01d0008 65201110
--- 0x42012ef4: init_camera at /home/user/urex/firmware/nus_flight_app/main/at_detect.c:155(inlined by) at_detect_task at /home/user/urex/firmware/nus_flight_app/main/at_detect.c:277
Core  1 register dump:
PC      : 0x42012efa  PS      : 0x00060830  A0      : 0x00000000  A1      : 0x3fcdd100  
--- 0x42012efa: at_detect_task at /home/user/urex/firmware/nus_flight_app/main/at_detect.c:442
A2      : 0x00000000  A3      : 0x00000000  A4      : 0x00000000  A5      : 0x00000000  
A6      : 0x00000000  A7      : 0x00000000  A8      : 0x82012efa  A9      : 0x3fcdd0a0  
A10     : 0x00000001  A11     : 0x3c0c7030  A12     : 0x3c0c7040  A13     : 0x000003ec  
A14     : 0x3c0c7030  A15     : 0x000003ec  SAR     : 0x00000004  EXCCAUSE: 0x00000000  
EXCVADDR: 0x00000000  LBEG    : 0x400556d5  LEND    : 0x400556e5  LCOUNT  : 0xfffffffb  
--- 0x400556d5: strlen in ROM
--- 0x400556e5: strlen in ROM


Backtrace: 0x42012ef7:0x3fcdd100
--- 0x42012ef7: init_camera at /home/user/urex/firmware/nus_flight_app/main/at_detect.c:155(inlined by) at_detect_task at /home/user/urex/firmware/nus_flight_app/main/at_detect.c:277




ELF file SHA256: 11c2a2d03

Rebooting...
ESP-ROM:esp32s3-20210327
Build:Mar 27 2021
rst:0xc (RTC_SW_CPU_RST),boot:0xb (SPI_FAST_FLASH_BOOT)
Saved PC:0x40380406
--- 0x40380406: esp_cpu_wait_for_intr at /home/user/.espressif/v6.0.2/esp-idf/components/esp_hw_support/cpu.c:64
SPIWP:0xee
mode:DIO, clock div:1
load:0x3fce2820,len:0x14f0
load:0x403c8700,len:0xda0
--- 0x403c8700: _stext at ??:?
load:0x403cb700,len:0x2f54
entry 0x403c8908
--- 0x403c8908: call_start_cpu0 at /home/user/.espressif/v6.0.2/esp-idf/components/bootloader/subproject/main/bootloader_start.c:27
[0;32mI (24) boot: ESP-IDF v6.0.2 2nd stage bootloader[0m
[0;32mI (24) boot: compile time Sep  6 2026 22:47:32[0m
[0;32mI (24) boot: Multicore bootloader[0m
[0;32mI (25) boot: chip revision: v0.2[0m
[0;32mI (27) boot: efuse block revision: v1.3[0m
[0;32mI (31) boot.esp32s3: Boot SPI Speed : 80MHz[0m
[0;32mI (34) boot.esp32s3: SPI Mode       : DIO[0m
[0;32mI (38) boot.esp32s3: SPI Flash Size : 8MB[0m
[0;32mI (42) boot: Enabling RNG early entropy source...[0m
[0;32mI (46) boot: Partition Table:[0m
[0;32mI (49) boot: ## Label            Usage          Type ST Offset   Length[0m
[0;32mI (55) boot:  0 nvs              WiFi data        01 02 00009000 00006000[0m
[0;32mI (62) boot:  1 phy_init         RF data          01 01 0000f000 00001000[0m
[0;32mI (68) boot:  2 factory          factory app      00 00 00010000 00177000[0m
[0;32mI (75) boot: End of partition table[0m
[0;32mI (78) esp_image: segment 0: paddr=00010020 vaddr=3c0c0020 size=38764h (231268) map[0m
[0;32mI (128) esp_image: segment 1: paddr=0004878c vaddr=3fca0e00 size=0788ch ( 30860) load[0m
[0;32mI (135) esp_image: segment 2: paddr=00050020 vaddr=42000020 size=bd0c0h (774336) map[0m
[0;32mI (277) esp_image: segment 3: paddr=0010d0e8 vaddr=3fca868c size=0032ch (   812) load[0m
[0;32mI (278) esp_image: segment 4: paddr=0010d41c vaddr=40378000 size=18d60h (101728) load[0m
[0;32mI (305) esp_image: segment 5: paddr=00126184 vaddr=50000000 size=00024h (    36) load[0m
[0;32mI (316) boot: Loaded app from partition at offset 0x10000[0m
[0;32mI (316) boot: Disabling RNG early entropy source...[0m
[0;32mI (326) octal_psram: vendor id    : 0x0d (AP)[0m
[0;32mI (327) octal_psram: dev id       : 0x02 (generation 3)[0m
[0;32mI (327) octal_psram: density      : 0x03 (64 Mbit)[0m
[0;32mI (329) octal_psram: good-die     : 0x01 (Pass)[0m
[0;32mI (333) octal_psram: Latency      : 0x01 (Fixed)[0m
[0;32mI (337) octal_psram: VCC          : 0x01 (3V)[0m
[0;32mI (341) octal_psram: SRF          : 0x01 (Fast Refresh)[0m
[0;32mI (346) octal_psram: BurstType    : 0x01 (Hybrid Wrap)[0m
[0;32mI (351) octal_psram: BurstLen     : 0x01 (32 Byte)[0m
[0;32mI (356) octal_psram: Readlatency  : 0x02 (10 cycles@Fixed)[0m
[0;32mI (361) octal_psram: DriveStrength: 0x00 (1/1)[0m
[0;32mI (365) MSPI Timing: Enter psram timing tuning[0m
[0;32mI (370) esp_psram: Found 8MB PSRAM device[0m
[0;32mI (373) esp_psram: Speed: 80MHz[0m
[0;32mI (376) cpu_start: Multicore app[0m
[0;32mI (664) esp_psram: SPI SRAM memory test OK[0m
[0;32mI (672) cpu_start: GPIO 44 and 43 are used as console UART I/O pins[0m
[0;32mI (673) cpu_start: Pro cpu start user code[0m
[0;32mI (673) cpu_start: cpu freq: 240000000 Hz[0m
[0;32mI (675) app_init: Application information:[0m
[0;32mI (679) app_init: Project name:     esp-everything[0m
[0;32mI (683) app_init: App version:      99cde05-dirty[0m
[0;32mI (687) app_init: Compile time:     Sep 10 2026 22:00:00[0m
[0;32mI (693) app_init: ELF file SHA256:  11c2a2d03...[0m
[0;32mI (697) app_init: ESP-IDF:          v6.0.2[0m
[0;32mI (701) efuse_init: Min chip rev:     v0.0[0m
[0;32mI (704) efuse_init: Max chip rev:     v0.99 [0m
[0;32mI (708) efuse_init: Chip rev:         v0.2[0m
[0;32mI (712) heap_init: Initializing. RAM available for dynamic allocation:[0m
[0;32mI (719) heap_init: At 3FCB9E40 len 0002F8D0 (190 KiB): RAM[0m
[0;32mI (724) heap_init: At 3FCE9710 len 00005724 (21 KiB): RAM[0m
[0;32mI (729) heap_init: At 600FE000 len 00001FE8 (7 KiB): RTCRAM[0m
[0;32mI (734) esp_psram: Adding pool of 8192K of PSRAM memory to heap allocator[0m
[0;32mI (741) spi_flash: detected chip: gd[0m
[0;32mI (744) spi_flash: flash io: dio[0m
[0;32mI (747) sleep_gpio: Configure to isolate all GPIO pins in sleep state[0m
[0;32mI (753) sleep_gpio: Enable automatic switching of GPIO sleep configuration[0m
[0;32mI (760) main_task: Started on CPU0[0m
[0;32mI (763) esp_psram: Reserving pool of 32K of internal memory for DMA/internal allocations[0m
[0;32mI (771) main_task: Calling app_main()[0m
[0;32mI (774) mission: ESP starting[0m
[0;32mI (791) pp: pp rom version: e7ae62f[0m
[0;32mI (792) net80211: net80211 rom version: e7ae62f[0m
[0;32mI (793) wifi:wifi driver task: 3fcc9ac8, prio:23, stack:6656, core=0[0m
[0;32mI (801) wifi:wifi firmware version: 00ad238[0m
[0;32mI (801) wifi:wifi certification version: v7.0[0m
[0;32mI (802) wifi:config NVS flash: enabled[0m
[0;32mI (805) wifi:config nano formatting: disabled[0m
[0;32mI (810) wifi:Init data frame dynamic rx buffer num: 32[0m
[0;32mI (815) wifi:Init static rx mgmt buffer num: 5[0m
[0;32mI (819) wifi:Init management short buffer num: 32[0m
[0;32mI (823) wifi:Init dynamic tx buffer num: 32[0m
[0;32mI (827) wifi:Init static tx FG buffer num: 2[0m
[0;32mI (831) wifi:Init static rx buffer size: 1600[0m
[0;32mI (835) wifi:Init static rx buffer num: 10[0m
[0;32mI (839) wifi:Init dynamic rx buffer num: 32[0m
[0;32mI (843) wifi_init: rx ba win: 6[0m
[0;32mI (846) wifi_init: accept mbox: 6[0m
[0;32mI (849) wifi_init: tcpip mbox: 32[0m
[0;32mI (852) wifi_init: udp mbox: 6[0m
[0;32mI (854) wifi_init: tcp mbox: 6[0m
[0;32mI (857) wifi_init: tcp tx win: 5760[0m
[0;32mI (860) wifi_init: tcp rx win: 5760[0m
[0;32mI (864) wifi_init: tcp mss: 1440[0m
[0;32mI (867) wifi_init: WiFi IRAM OP enabled[0m
[0;32mI (870) wifi_init: WiFi RX IRAM OP enabled[0m
[0;33mW (874) wifi:Password length matches WPA2 standards, authmode threshold changes from OPEN to WPA2[0m
[0;32mI (883) phy_init: phy_version 712,87e8c20e,Apr 13 2026,18:51:10[0m
[0;32mI (922) wifi:mode : sta (98:a3:16:f7:04:b4)[0m
[0;32mI (922) wifi:enable tsf[0m
[0;32mI (925) wifi: Connecting to '<redacted-ssid>'...[0m
[0;32mI (926) mav: UART1 ready: TX=GPIO5 RX=GPIO4 @ 921600 baud[0m
[0;32mI (927) mav: Requested PX4 position + attitude at 20 Hz[0m
[0;32mI (932) tof: I2C master bus created[0m
[0;32mI (934) tof: TCA9548A registered[0m
[0;32mI (939) wifi: Telemetry → 192.0.2.1:5005 | Commands ← port 5006[0m
[0;33mW (944) mission: NANOLITE BENCH MODE: navigation and mission tasks are disabled[0m
[0;32mI (951) mission: All tasks spawned[0m
[0;32mI (945) s3 ll_cam: DMA Channel=0[0m
[0;32mI (945) nanolite: read-only PX4 pose bridge ready: 20Hz max_age=250ms key=25cm/15deg[0m
[0;32mI (954) main_task: Returned from app_main()[0m
[0;32mI (957) cam_hal: cam init ok[0m
[0;32mI (964) nanolite: NANOTOF enabled: interval=1000ms tuple=distance_mm,column,timestamp_us,age_ms yaw_deg=s0:45,s1:0,s2:315,s3:270,s4:225,s5:180,s6:135,s7:90[0m
[0;32mI (971) sccb-ng: pin_sda 40 pin_scl 39[0m
[0;32mI (988) sccb-ng: sccb_i2c_port=1[0m
[1;31mE (1003) camera: Detected camera not supported.[0m
[1;31mE (1004) camera: Camera probe failed with error 0x106(ESP_ERR_NOT_SUPPORTED)[0m
[1;31mE (1004) apriltag_detect: Camera Init Failed[0m
Guru Meditation Error: Core  1 panic'ed (IllegalInstruction). Exception was unhandled.
Memory dump at 0x42012ef4: e0b4bb81 f01d0008 65201110
--- 0x42012ef4: init_camera at /home/user/urex/firmware/nus_flight_app/main/at_detect.c:155(inlined by) at_detect_task at /home/user/urex/firmware/nus_flight_app/main/at_detect.c:277
Core  1 register dump:
PC      : 0x42012efa  PS      : 0x00060830  A0      : 0x00000000  A1      : 0x3fcdd100  
--- 0x42012efa: at_detect_task at /home/user/urex/firmware/nus_flight_app/main/at_detect.c:442
A2      : 0x00000000  A3      : 0x00000000  A4      : 0x00000000  A5      : 0x00000000  
A6      : 0x00000000  A7      : 0x00000000  A8      : 0x82012efa  A9      : 0x3fcdd0a0  
A10     : 0x00000001  A11     : 0x3c0c7030  A12     : 0x3c0c7040  A13     : 0x000003ec  
A14     : 0x3c0c7030  A15     : 0x000003ec  SAR     : 0x00000004  EXCCAUSE: 0x00000000  
EXCVADDR: 0x00000000  LBEG    : 0x400556d5  LEND    : 0x400556e5  LCOUNT  : 0xfffffffb  
--- 0x400556d5: strlen in ROM
--- 0x400556e5: strlen in ROM


Backtrace: 0x42012ef7:0x3fcdd100
--- 0x42012ef7: init_camera at /home/user/urex/firmware/nus_flight_app/main/at_detect.c:155(inlined by) at_detect_task at /home/user/urex/firmware/nus_flight_app/main/at_detect.c:277




ELF file SHA256: 11c2a2d03

Rebooting...
ESP-ROM:esp32s3-20210327
Build:Mar 27 2021
rst:0xc (RTC_SW_CPU_RST),boot:0xb (SPI_FAST_FLASH_BOOT)
Saved PC:0x40380406
--- 0x40380406: esp_cpu_wait_for_intr at /home/user/.espressif/v6.0.2/esp-idf/components/esp_hw_support/cpu.c:64
SPIWP:0xee
mode:DIO, clock div:1
load:0x3fce2820,len:0x14f0
load:0x403c8700,len:0xda0
--- 0x403c8700: _stext at ??:?
load:0x403cb700,len:0x2f54
entry 0x403c8908
--- 0x403c8908: call_start_cpu0 at /home/user/.espressif/v6.0.2/esp-idf/components/bootloader/subproject/main/bootloader_start.c:27
[0;32mI (24) boot: ESP-IDF v6.0.2 2nd stage bootloader[0m
[0;32mI (24) boot: compile time Sep  6 2026 22:47:32[0m
[0;32mI (24) boot: Multicore bootloader[0m
[0;32mI (25) boot: chip revision: v0.2[0m
[0;32mI (27) boot: efuse block revision: v1.3[0m
[0;32mI (31) boot.esp32s3: Boot SPI Speed : 80MHz[0m
[0;32mI (34) boot.esp32s3: SPI Mode       : DIO[0m
[0;32mI (38) boot.esp32s3: SPI Flash Size : 8MB[0m
[0;32mI (42) boot: Enabling RNG early entropy source...[0m
[0;32mI (46) boot: Partition Table:[0m
[0;32mI (49) boot: ## Label            Usage          Type ST Offset   Length[0m
[0;32mI (55) boot:  0 nvs              WiFi data        01 02 00009000 00006000[0m
[0;32mI (62) boot:  1 phy_init         RF data          01 01 0000f000 00001000[0m
[0;32mI (68) boot:  2 factory          factory app      00 00 00010000 00177000[0m
[0;32mI (75) boot: End of partition table[0m
[0;32mI (78) esp_image: segment 0: paddr=00010020 vaddr=3c0c0020 size=38764h (231268) map[0m
[0;32mI (128) esp_image: segment 1: paddr=0004878c vaddr=3fca0e00 size=0788ch ( 30860) load[0m
[0;32mI (135) esp_image: segment 2: paddr=00050020 vaddr=42000020 size=bd0c0h (774336) map[0m
[0;32mI (277) esp_image: segment 3: paddr=0010d0e8 vaddr=3fca868c size=0032ch (   812) load[0m
[0;32mI (278) esp_image: segment 4: paddr=0010d41c vaddr=40378000 size=18d60h (101728) load[0m
[0;32mI (305) esp_image: segment 5: paddr=00126184 vaddr=50000000 size=00024h (    36) load[0m
[0;32mI (316) boot: Loaded app from partition at offset 0x10000[0m
[0;32mI (316) boot: Disabling RNG early entropy source...[0m
[0;32mI (326) octal_psram: vendor id    : 0x0d (AP)[0m
[0;32mI (327) octal_psram: dev id       : 0x02 (generation 3)[0m
[0;32mI (327) octal_psram: density      : 0x03 (64 Mbit)[0m
[0;32mI (329) octal_psram: good-die     : 0x01 (Pass)[0m
[0;32mI (333) octal_psram: Latency      : 0x01 (Fixed)[0m
[0;32mI (337) octal_psram: VCC          : 0x01 (3V)[0m
[0;32mI (341) octal_psram: SRF          : 0x01 (Fast Refresh)[0m
[0;32mI (346) octal_psram: BurstType    : 0x01 (Hybrid Wrap)[0m
[0;32mI (351) octal_psram: BurstLen     : 0x01 (32 Byte)[0m
[0;32mI (356) octal_psram: Readlatency  : 0x02 (10 cycles@Fixed)[0m
[0;32mI (361) octal_psram: DriveStrength: 0x00 (1/1)[0m
[0;32mI (365) MSPI Timing: Enter psram timing tuning[0m
[0;32mI (370) esp_psram: Found 8MB PSRAM device[0m
[0;32mI (373) esp_psram: Speed: 80MHz[0m
[0;32mI (376) cpu_start: Multicore app[0m
[0;32mI (664) esp_psram: SPI SRAM memory test OK[0m
[0;32mI (672) cpu_start: GPIO 44 and 43 are used as console UART I/O pins[0m
[0;32mI (673) cpu_start: Pro cpu start user code[0m
[0;32mI (673) cpu_start: cpu freq: 240000000 Hz[0m
[0;32mI (675) app_init: Application information:[0m
[0;32mI (679) app_init: Project name:     esp-everything[0m
[0;32mI (683) app_init: App version:      99cde05-dirty[0m
[0;32mI (687) app_init: Compile time:     Sep 10 2026 22:00:00[0m
[0;32mI (693) app_init: ELF file SHA256:  11c2a2d03...[0m
[0;32mI (697) app_init: ESP-IDF:          v6.0.2[0m
[0;32mI (701) efuse_init: Min chip rev:     v0.0[0m
[0;32mI (704) efuse_init: Max chip rev:     v0.99 [0m
[0;32mI (708) efuse_init: Chip rev:         v0.2[0m
[0;32mI (712) heap_init: Initializing. RAM available for dynamic allocation:[0m
[0;32mI (719) heap_init: At 3FCB9E40 len 0002F8D0 (190 KiB): RAM[0m
[0;32mI (724) heap_init: At 3FCE9710 len 00005724 (21 KiB): RAM[0m
[0;32mI (729) heap_init: At 600FE000 len 00001FE8 (7 KiB): RTCRAM[0m
[0;32mI (734) esp_psram: Adding pool of 8192K of PSRAM memory to heap allocator[0m
[0;32mI (741) spi_flash: detected chip: gd[0m
[0;32mI (744) spi_flash: flash io: dio[0m
[0;32mI (747) sleep_gpio: Configure to isolate all GPIO pins in sleep state[0m
[0;32mI (753) sleep_gpio: Enable automatic switching of GPIO sleep configuration[0m
[0;32mI (760) main_task: Started on CPU0[0m
[0;32mI (763) esp_psram: Reserving pool of 32K of internal memory for DMA/internal allocations[0m
[0;32mI (771) main_task: Calling app_main()[0m
[0;32mI (774) mission: ESP starting[0m
[0;32mI (791) pp: pp rom version: e7ae62f[0m
[0;32mI (792) net80211: net80211 rom version: e7ae62f[0m
[0;32mI (793) wifi:wifi driver task: 3fcc9ac8, prio:23, stack:6656, core=0[0m
[0;32mI (801) wifi:wifi firmware version: 00ad238[0m
[0;32mI (801) wifi:wifi certification version: v7.0[0m
[0;32mI (802) wifi:config NVS flash: enabled[0m
[0;32mI (805) wifi:config nano formatting: disabled[0m
[0;32mI (810) wifi:Init data frame dynamic rx buffer num: 32[0m
[0;32mI (815) wifi:Init static rx mgmt buffer num: 5[0m
[0;32mI (819) wifi:Init management short buffer num: 32[0m
[0;32mI (823) wifi:Init dynamic tx buffer num: 32[0m
[0;32mI (827) wifi:Init static tx FG buffer num: 2[0m
[0;32mI (831) wifi:Init static rx buffer size: 1600[0m
[0;32mI (835) wifi:Init static rx buffer num: 10[0m
[0;32mI (839) wifi:Init dynamic rx buffer num: 32[0m
[0;32mI (843) wifi_init: rx ba win: 6[0m
[0;32mI (846) wifi_init: accept mbox: 6[0m
[0;32mI (849) wifi_init: tcpip mbox: 32[0m
[0;32mI (852) wifi_init: udp mbox: 6[0m
[0;32mI (854) wifi_init: tcp mbox: 6[0m
[0;32mI (857) wifi_init: tcp tx win: 5760[0m
[0;32mI (860) wifi_init: tcp rx win: 5760[0m
[0;32mI (864) wifi_init: tcp mss: 1440[0m
[0;32mI (867) wifi_init: WiFi IRAM OP enabled[0m
[0;32mI (870) wifi_init: WiFi RX IRAM OP enabled[0m
[0;33mW (874) wifi:Password length matches WPA2 standards, authmode threshold changes from OPEN to WPA2[0m
[0;32mI (883) phy_init: phy_version 712,87e8c20e,Apr 13 2026,18:51:10[0m
[0;32mI (922) wifi:mode : sta (98:a3:16:f7:04:b4)[0m
[0;32mI (923) wifi:enable tsf[0m
[0;32mI (925) wifi: Connecting to '<redacted-ssid>'...[0m
[0;32mI (926) mav: UART1 ready: TX=GPIO5 RX=GPIO4 @ 921600 baud[0m
[0;32mI (927) mav: Requested PX4 position + attitude at 20 Hz[0m
[0;32mI (932) tof: I2C master bus created[0m
[0;32mI (935) tof: TCA9548A registered[0m
[0;32mI (940) wifi: Telemetry → 192.0.2.1:5005 | Commands ← port 5006[0m
[0;33mW (945) mission: NANOLITE BENCH MODE: navigation and mission tasks are disabled[0m
[0;32mI (945) s3 ll_cam: DMA Channel=0[0m
[0;32mI (946) nanolite: read-only PX4 pose bridge ready: 20Hz max_age=250ms key=25cm/15deg[0m
[0;32mI (962) nanolite: NANOTOF enabled: interval=1000ms tuple=distance_mm,column,timestamp_us,age_ms yaw_deg=s0:45,s1:0,s2:315,s3:270,s4:225,s5:180,s6:135,s7:90[0m
[0;32mI (954) cam_hal: cam init ok[0m
[0;32mI (952) mission: All tasks spawned[0m
[0;32mI (978) sccb-ng: pin_sda 40 pin_scl 39[0m
[0;32mI (981) main_task: Returned from app_main()[0m
[0;32mI (985) sccb-ng: sccb_i2c_port=1[0m
[1;31mE (1004) camera: Detected camera not supported.[0m
[1;31mE (1005) camera: Camera probe failed with error 0x106(ESP_ERR_NOT_SUPPORTED)[0m
[1;31mE (1005) apriltag_detect: Camera Init Failed[0m
Guru Meditation Error: Core  1 panic'ed (IllegalInstruction). Exception was unhandled.
Memory dump at 0x42012ef4: e0b4bb81 f01d0008 65201110
--- 0x42012ef4: init_camera at /home/user/urex/firmware/nus_flight_app/main/at_detect.c:155(inlined by) at_detect_task at /home/user/urex/firmware/nus_flight_app/main/at_detect.c:277
Core  1 register dump:
PC      : 0x42012efa  PS      : 0x00060830  A0      : 0x00000000  A1      : 0x3fcdd100  
--- 0x42012efa: at_detect_task at /home/user/urex/firmware/nus_flight_app/main/at_detect.c:442
A2      : 0x00000000  A3      : 0x00000000  A4      : 0x00000000  A5      : 0x00000000  
A6      : 0x00000000  A7      : 0x00000000  A8      : 0x82012efa  A9      : 0x3fcdd0a0  
A10     : 0x00000001  A11     : 0x3c0c7030  A12     : 0x3c0c7040  A13     : 0x000003ed  
A14     : 0x3c0c7030  A15     : 0x000003ed  SAR     : 0x00000004  EXCCAUSE: 0x00000000  
EXCVADDR: 0x00000000  LBEG    : 0x400556d5  LEND    : 0x400556e5  LCOUNT  : 0xfffffffb  
--- 0x400556d5: strlen in ROM
--- 0x400556e5: strlen in ROM


Backtrace: 0x42012ef7:0x3fcdd100
--- 0x42012ef7: init_camera at /home/user/urex/firmware/nus_flight_app/main/at_detect.c:155(inlined by) at_detect_task at /home/user/urex/firmware/nus_flight_app/main/at_detect.c:277




ELF file SHA256: 11c2a2d03

Rebooting...
ESP-ROM:esp32s3-20210327
Build:Mar 27 2021
rst:0xc (RTC_SW_CPU_RST),boot:0xb (SPI_FAST_FLASH_BOOT)
Saved PC:0x40380406
--- 0x40380406: esp_cpu_wait_for_intr at /home/user/.espressif/v6.0.2/esp-idf/components/esp_hw_support/cpu.c:64
SPIWP:0xee
mode:DIO, clock div:1
load:0x3fce2820,len:0x14f0
load:0x403c8700,len:0xda0
--- 0x403c8700: _stext at ??:?
load:0x403cb700,len:0x2f54
entry 0x403c8908
--- 0x403c8908: call_start_cpu0 at /home/user/.espressif/v6.0.2/esp-idf/components/bootloader/subproject/main/bootloader_start.c:27
[0;32mI (24) boot: ESP-IDF v6.0.2 2nd stage bootloader[0m
[0;32mI (24) boot: compile time Sep  6 2026 22:47:32[0m
[0;32mI (24) boot: Multicore bootloader[0m
[0;32mI (25) boot: chip revision: v0.2[0m
[0;32mI (27) boot: efuse block revision: v1.3[0m
[0;32mI (31) boot.esp32s3: Boot SPI Speed : 80MHz[0m
[0;32mI (34) boot.esp32s3: SPI Mode       : DIO[0m
[0;32mI (38) boot.esp32s3: SPI Flash Size : 8MB[0m
[0;32mI (42) boot: Enabling RNG early entropy source...[0m
[0;32mI (46) boot: Partition Table:[0m
[0;32mI (49) boot: ## Label            Usage          Type ST Offset   Length[0m
[0;32mI (55) boot:  0 nvs              WiFi data        01 02 00009000 00006000[0m
[0;32mI (62) boot:  1 phy_init         RF data          01 01 0000f000 00001000[0m
[0;32mI (68) boot:  2 factory          factory app      00 00 00010000 00177000[0m
[0;32mI (75) boot: End of partition table[0m
[0;32mI (78) esp_image: segment 0: paddr=00010020 vaddr=3c0c0020 size=38764h (231268) map[0m
[0;32mI (128) esp_image: segment 1: paddr=0004878c vaddr=3fca0e00 size=0788ch ( 30860) load[0m
[0;32mI (135) esp_image: segment 2: paddr=00050020 vaddr=42000020 size=bd0c0h (774336) map[0m
[0;32mI (277) esp_image: segment 3: paddr=0010d0e8 vaddr=3fca868c size=0032ch (   812) load[0m
[0;32mI (278) esp_image: segment 4: paddr=0010d41c vaddr=40378000 size=18d60h (101728) load[0m
[0;32mI (305) esp_image: segment 5: paddr=00126184 vaddr=50000000 size=00024h (    36) load[0m
[0;32mI (316) boot: Loaded app from partition at offset 0x10000[0m
[0;32mI (316) boot: Disabling RNG early entropy source...[0m
[0;32mI (326) octal_psram: vendor id    : 0x0d (AP)[0m
[0;32mI (327) octal_psram: dev id       : 0x02 (generation 3)[0m
[0;32mI (327) octal_psram: density      : 0x03 (64 Mbit)[0m
[0;32mI (329) octal_psram: good-die     : 0x01 (Pass)[0m
[0;32mI (333) octal_psram: Latency      : 0x01 (Fixed)[0m
[0;32mI (337) octal_psram: VCC          : 0x01 (3V)[0m
[0;32mI (341) octal_psram: SRF          : 0x01 (Fast Refresh)[0m
[0;32mI (346) octal_psram: BurstType    : 0x01 (Hybrid Wrap)[0m
[0;32mI (351) octal_psram: BurstLen     : 0x01 (32 Byte)[0m
[0;32mI (356) octal_psram: Readlatency  : 0x02 (10 cycles@Fixed)[0m
[0;32mI (361) octal_psram: DriveStrength: 0x00 (1/1)[0m
[0;32mI (365) MSPI Timing: Enter psram timing tuning[0m
[0;32mI (370) esp_psram: Found 8MB PSRAM device[0m
[0;32mI (373) esp_psram: Speed: 80MHz[0m
[0;32mI (376) cpu_start: Multicore app[0m
[0;32mI (664) esp_psram: SPI SRAM memory test OK[0m
[0;32mI (672) cpu_start: GPIO 44 and 43 are used as console UART I/O pins[0m
[0;32mI (673) cpu_start: Pro cpu start user code[0m
[0;32mI (673) cpu_start: cpu freq: 240000000 Hz[0m
[0;32mI (675) app_init: Application information:[0m
[0;32mI (679) app_init: Project name:     esp-everything[0m
[0;32mI (683) app_init: App version:      99cde05-dirty[0m
[0;32mI (687) app_init: Compile time:     Sep 10 2026 22:00:00[0m
[0;32mI (693) app_init: ELF file SHA256:  11c2a2d03...[0m
[0;32mI (697) app_init: ESP-IDF:          v6.0.2[0m
[0;32mI (701) efuse_init: Min chip rev:     v0.0[0m
[0;32mI (704) efuse_init: Max chip rev:     v0.99 [0m
[0;32mI (708) efuse_init: Chip rev:         v0.2[0m
[0;32mI (712) heap_init: Initializing. RAM available for dynamic allocation:[0m
[0;32mI (719) heap_init: At 3FCB9E40 len 0002F8D0 (190 KiB): RAM[0m
[0;32mI (724) heap_init: At 3FCE9710 len 00005724 (21 KiB): RAM[0m
[0;32mI (729) heap_init: At 600FE000 len 00001FE8 (7 KiB): RTCRAM[0m
[0;32mI (734) esp_psram: Adding pool of 8192K of PSRAM memory to heap allocator[0m
[0;32mI (741) spi_flash: detected chip: gd[0m
[0;32mI (744) spi_flash: flash io: dio[0m
[0;32mI (747) sleep_gpio: Configure to isolate all GPIO pins in sleep state[0m
[0;32mI (753) sleep_gpio: Enable automatic switching of GPIO sleep configuration[0m
[0;32mI (760) main_task: Started on CPU0[0m
[0;32mI (763) esp_psram: Reserving pool of 32K of internal memory for DMA/internal allocations[0m
[0;32mI (771) main_task: Calling app_main()[0m
[0;32mI (774) mission: ESP starting[0m
[0;32mI (791) pp: pp rom version: e7ae62f[0m
[0;32mI (792) net80211: net80211 rom version: e7ae62f[0m
[0;32mI (793) wifi:wifi driver task: 3fcc9ac8, prio:23, stack:6656, core=0[0m
[0;32mI (801) wifi:wifi firmware version: 00ad238[0m
[0;32mI (801) wifi:wifi certification version: v7.0[0m
[0;32mI (802) wifi:config NVS flash: enabled[0m
[0;32mI (805) wifi:config nano formatting: disabled[0m
[0;32mI (810) wifi:Init data frame dynamic rx buffer num: 32[0m
[0;32mI (815) wifi:Init static rx mgmt buffer num: 5[0m
[0;32mI (819) wifi:Init management short buffer num: 32[0m
[0;32mI (823) wifi:Init dynamic tx buffer num: 32[0m
[0;32mI (827) wifi:Init static tx FG buffer num: 2[0m
[0;32mI (831) wifi:Init static rx buffer size: 1600[0m
[0;32mI (835) wifi:Init static rx buffer num: 10[0m
[0;32mI (839) wifi:Init dynamic rx buffer num: 32[0m
[0;32mI (843) wifi_init: rx ba win: 6[0m
[0;32mI (846) wifi_init: accept mbox: 6[0m
[0;32mI (849) wifi_init: tcpip mbox: 32[0m
[0;32mI (852) wifi_init: udp mbox: 6[0m
[0;32mI (854) wifi_init: tcp mbox: 6[0m
[0;32mI (857) wifi_init: tcp tx win: 5760[0m
[0;32mI (860) wifi_init: tcp rx win: 5760[0m
[0;32mI (864) wifi_init: tcp mss: 1440[0m
[0;32mI (867) wifi_init: WiFi IRAM OP enabled[0m
[0;32mI (870) wifi_init: WiFi RX IRAM OP enabled[0m
[0;33mW (874) wifi:Password length matches WPA2 standards, authmode threshold changes from OPEN to WPA2[0m
[0;32mI (883) phy_init: phy_version 712,87e8c20e,Apr 13 2026,18:51:10[0m
[0;32mI (920) wifi:mode : sta (98:a3:16:f7:04:b4)[0m
[0;32mI (921) wifi:enable tsf[0m
[0;32mI (923) wifi: Connecting to '<redacted-ssid>'...[0m
[0;32mI (924) mav: UART1 ready: TX=GPIO5 RX=GPIO4 @ 921600 baud[0m
[0;32mI (925) mav: Requested PX4 position + attitude at 20 Hz[0m
[0;32mI (930) tof: I2C master bus created[0m
[0;32mI (933) tof: TCA9548A registered[0m
[0;32mI (938) wifi: Telemetry → 192.0.2.1:5005 | Commands ← port 5006[0m
[0;33mW (943) mission: NANOLITE BENCH MODE: navigation and mission tasks are disabled[0m
[0;32mI (943) s3 ll_cam: DMA Channel=0[0m
[0;32mI (944) nanolite: read-only PX4 pose bridge ready: 20Hz max_age=250ms key=25cm/15deg[0m
[0;32mI (960) nanolite: NANOTOF enabled: interval=1000ms tuple=distance_mm,column,timestamp_us,age_ms yaw_deg=s0:45,s1:0,s2:315,s3:270,s4:225,s5:180,s6:135,s7:90[0m
[0;32mI (952) cam_hal: cam init ok[0m
[0;32mI (950) mission: All tasks spawned[0m
[0;32mI (976) sccb-ng: pin_sda 40 pin_scl 39[0m
[0;32mI (979) main_task: Returned from app_main()[0m
[0;32mI (983) sccb-ng: sccb_i2c_port=1[0m
[1;31mE (1002) camera: Detected camera not supported.[0m
[1;31mE (1003) camera: Camera probe failed with error 0x106(ESP_ERR_NOT_SUPPORTED)[0m
[1;31mE (1003) apriltag_detect: Camera Init Failed[0m
Guru Meditation Error: Core  1 panic'ed (IllegalInstruction). Exception was unhandled.
Memory dump at 0x42012ef4: e0b4bb81 f01d0008 65201110
--- 0x42012ef4: init_camera at /home/user/urex/firmware/nus_flight_app/main/at_detect.c:155(inlined by) at_detect_task at /home/user/urex/firmware/nus_flight_app/main/at_detect.c:277
Core  1 register dump:
PC      : 0x42012efa  PS      : 0x00060830  A0      : 0x00000000  A1      : 0x3fcdd100  
--- 0x42012efa: at_detect_task at /home/user/urex/firmware/nus_flight_app/main/at_detect.c:442
A2      : 0x00000000  A3      : 0x00000000  A4      : 0x00000000  A5      : 0x00000000  
A6      : 0x00000000  A7      : 0x00000000  A8      : 0x82012efa  A9      : 0x3fcdd0a0  
A10     : 0x00000001  A11     : 0x3c0c7030  A12     : 0x3c0c7040  A13     : 0x000003eb  
A14     : 0x3c0c7030  A15     : 0x000003eb  SAR     : 0x00000004  EXCCAUSE: 0x00000000  
EXCVADDR: 0x00000000  LBEG    : 0x400556d5  LEND    : 0x400556e5  LCOUNT  : 0xfffffffb  
--- 0x400556d5: strlen in ROM
--- 0x400556e5: strlen in ROM


Backtrace: 0x42012ef7:0x3fcdd100
--- 0x42012ef7: init_camera at /home/user/urex/firmware/nus_flight_app/main/at_detect.c:155(inlined by) at_detect_task at /home/user/urex/firmware/nus_flight_app/main/at_detect.c:277




ELF file SHA256: 11c2a2d03

Rebooting...
ESP-ROM:esp32s3-20210327
Build:Mar 27 2021
rst:0xc (RTC_SW_CPU_RST),boot:0xb (SPI_FAST_FLASH_BOOT)
Saved PC:0x40380406
--- 0x40380406: esp_cpu_wait_for_intr at /home/user/.espressif/v6.0.2/esp-idf/components/esp_hw_support/cpu.c:64
SPIWP:0xee
mode:DIO, clock div:1
load:0x3fce2820,len:0x14f0
load:0x403c8700,len:0xda0
--- 0x403c8700: _stext at ??:?
load:0x403cb700,len:0x2f54
entry 0x403c8908
--- 0x403c8908: call_start_cpu0 at /home/user/.espressif/v6.0.2/esp-idf/components/bootloader/subproject/main/bootloader_start.c:27
[0;32mI (24) boot: ESP-IDF v6.0.2 2nd stage bootloader[0m
[0;32mI (24) boot: compile time Sep  6 2026 22:47:32[0m
[0;32mI (24) boot: Multicore bootloader[0m
[0;32mI (25) boot: chip revision: v0.2[0m
[0;32mI (27) boot: efuse block revision: v1.3[0m
[0;32mI (31) boot.esp32s3: Boot SPI Speed : 80MHz[0m
[0;32mI (34) boot.esp32s3: SPI Mode       : DIO[0m
[0;32mI (38) boot.esp32s3: SPI Flash Size : 8MB[0m
[0;32mI (42) boot: Enabling RNG early entropy source...[0m
[0;32mI (46) boot: Partition Table:[0m
[0;32mI (49) boot: ## Label            Usage          Type ST Offset   Length[0m
[0;32mI (55) boot:  0 nvs              WiFi data        01 02 00009000 00006000[0m
[0;32mI (62) boot:  1 phy_init         RF data          01 01 0000f000 00001000[0m
[0;32mI (68) boot:  2 factory          factory app      00 00 00010000 00177000[0m
[0;32mI (75) boot: End of partition table[0m
[0;32mI (78) esp_image: segment 0: paddr=00010020 vaddr=3c0c0020 size=38764h (231268) map[0m
[0;32mI (128) esp_image: segment 1: paddr=0004878c vaddr=3fca0e00 size=0788ch ( 30860) load[0m
[0;32mI (135) esp_image: segment 2: paddr=00050020 vaddr=42000020 size=bd0c0h (774336) map[0m
[0;32mI (277) esp_image: segment 3: paddr=0010d0e8 vaddr=3fca868c size=0032ch (   812) load[0m
[0;32mI (278) esp_image: segment 4: paddr=0010d41c vaddr=40378000 size=18d60h (101728) load[0m
[0;32mI (305) esp_image: segment 5: paddr=00126184 vaddr=50000000 size=00024h (    36) load[0m
[0;32mI (316) boot: Loaded app from partition at offset 0x10000[0m
[0;32mI (316) boot: Disabling RNG early entropy source...[0m
[0;32mI (326) octal_psram: vendor id    : 0x0d (AP)[0m
[0;32mI (327) octal_psram: dev id       : 0x02 (generation 3)[0m
[0;32mI (327) octal_psram: density      : 0x03 (64 Mbit)[0m
[0;32mI (329) octal_psram: good-die     : 0x01 (Pass)[0m
[0;32mI (333) octal_psram: Latency      : 0x01 (Fixed)[0m
[0;32mI (337) octal_psram: VCC          : 0x01 (3V)[0m
[0;32mI (341) octal_psram: SRF          : 0x01 (Fast Refresh)[0m
[0;32mI (346) octal_psram: BurstType    : 0x01 (Hybrid Wrap)[0m
[0;32mI (351) octal_psram: BurstLen     : 0x01 (32 Byte)[0m
[0;32mI (356) octal_psram: Readlatency  : 0x02 (10 cycles@Fixed)[0m
[0;32mI (361) octal_psram: DriveStrength: 0x00 (1/1)[0m
[0;32mI (365) MSPI Timing: Enter psram timing tuning[0m
[0;32mI (370) esp_psram: Found 8MB PSRAM device[0m
[0;32mI (373) esp_psram: Speed: 80MHz[0m
[0;32mI (376) cpu_start: Multicore app[0m
[0;32mI (664) esp_psram: SPI SRAM memory test OK[0m
[0;32mI (672) cpu_start: GPIO 44 and 43 are used as console UART I/O pins[0m
[0;32mI (673) cpu_start: Pro cpu start user code[0m
[0;32mI (673) cpu_start: cpu freq: 240000000 Hz[0m
[0;32mI (675) app_init: Application information:[0m
[0;32mI (679) app_init: Project name:     esp-everything[0m
[0;32mI (683) app_init: App version:      99cde05-dirty[0m
[0;32mI (687) app_init: Compile time:     Sep 10 2026 22:00:00[0m
[0;32mI (693) app_init: ELF file SHA256:  11c2a2d03...[0m
[0;32mI (697) app_init: ESP-IDF:          v6.0.2[0m
[0;32mI (701) efuse_init: Min chip rev:     v0.0[0m
[0;32mI (704) efuse_init: Max chip rev:     v0.99 [0m
[0;32mI (708) efuse_init: Chip rev:         v0.2[0m
[0;32mI (712) heap_init: Initializing. RAM available for dynamic allocation:[0m
[0;32mI (719) heap_init: At 3FCB9E40 len 0002F8D0 (190 KiB): RAM[0m
[0;32mI (724) heap_init: At 3FCE9710 len 00005724 (21 KiB): RAM[0m
[0;32mI (729) heap_init: At 600FE000 len 00001FE8 (7 KiB): RTCRAM[0m
[0;32mI (734) esp_psram: Adding pool of 8192K of PSRAM memory to heap allocator[0m
[0;32mI (741) spi_flash: detected chip: gd[0m
[0;32mI (744) spi_flash: flash io: dio[0m
[0;32mI (747) sleep_gpio: Configure to isolate all GPIO pins in sleep state[0m
[0;32mI (753) sleep_gpio: Enable automatic switching of GPIO sleep configuration[0m
[0;32mI (760) main_task: Started on CPU0[0m
[0;32mI (763) esp_psram: Reserving pool of 32K of internal memory for DMA/internal allocations[0m
[0;32mI (771) main_task: Calling app_main()[0m
[0;32mI (774) mission: ESP starting[0m
[0;32mI (791) pp: pp rom version: e7ae62f[0m
[0;32mI (792) net80211: net80211 rom version: e7ae62f[0m
[0;32mI (793) wifi:wifi driver task: 3fcc9ac8, prio:23, stack:6656, core=0[0m
[0;32mI (801) wifi:wifi firmware version: 00ad238[0m
[0;32mI (801) wifi:wifi certification version: v7.0[0m
[0;32mI (802) wifi:config NVS flash: enabled[0m
[0;32mI (805) wifi:config nano formatting: disabled[0m
[0;32mI (810) wifi:Init data frame dynamic rx buffer num: 32[0m
[0;32mI (815) wifi:Init static rx mgmt buffer num: 5[0m
[0;32mI (819) wifi:Init management short buffer num: 32[0m
[0;32mI (823) wifi:Init dynamic tx buffer num: 32[0m
[0;32mI (827) wifi:Init static tx FG buffer num: 2[0m
[0;32mI (831) wifi:Init static rx buffer size: 1600[0m
[0;32mI (835) wifi:Init static rx buffer num: 10[0m
[0;32mI (839) wifi:Init dynamic rx buffer num: 32[0m
[0;32mI (843) wifi_init: rx ba win: 6[0m
[0;32mI (846) wifi_init: accept mbox: 6[0m
[0;32mI (849) wifi_init: tcpip mbox: 32[0m
[0;32mI (852) wifi_init: udp mbox: 6[0m
[0;32mI (854) wifi_init: tcp mbox: 6[0m
[0;32mI (857) wifi_init: tcp tx win: 5760[0m
[0;32mI (860) wifi_init: tcp rx win: 5760[0m
[0;32mI (864) wifi_init: tcp mss: 1440[0m
[0;32mI (867) wifi_init: WiFi IRAM OP enabled[0m
[0;32mI (870) wifi_init: WiFi RX IRAM OP enabled[0m
[0;33mW (874) wifi:Password length matches WPA2 standards, authmode threshold changes from OPEN to WPA2[0m
[0;32mI (883) phy_init: phy_version 712,87e8c20e,Apr 13 2026,18:51:10[0m
[0;32mI (922) wifi:mode : sta (98:a3:16:f7:04:b4)[0m
[0;32mI (922) wifi:enable tsf[0m
[0;32mI (925) wifi: Connecting to '<redacted-ssid>'...[0m
[0;32mI (926) mav: UART1 ready: TX=GPIO5 RX=GPIO4 @ 921600 baud[0m
[0;32mI (926) mav: Requested PX4 position + attitude at 20 Hz[0m
[0;32mI (932) tof: I2C master bus created[0m
[0;32mI (934) tof: TCA9548A registered[0m
[0;32mI (939) wifi: Telemetry → 192.0.2.1:5005 | Commands ← port 5006[0m
[0;33mW (944) mission: NANOLITE BENCH MODE: navigation and mission tasks are disabled[0m
[0;32mI (951) mission: All tasks spawned[0m
[0;32mI (945) s3 ll_cam: DMA Channel=0[0m
[0;32mI (945) nanolite: read-only PX4 pose bridge ready: 20Hz max_age=250ms key=25cm/15deg[0m
[0;32mI (954) main_task: Returned from app_main()[0m
[0;32mI (957) cam_hal: cam init ok[0m
[0;32mI (964) nanolite: NANOTOF enabled: interval=1000ms tuple=distance_mm,column,timestamp_us,age_ms yaw_deg=s0:45,s1:0,s2:315,s3:270,s4:225,s5:180,s6:135,s7:90[0m
[0;32mI (971) sccb-ng: pin_sda 40 pin_scl 39[0m
[0;32mI (988) sccb-ng: sccb_i2c_port=1[0m
[1;31mE (1003) camera: Detected camera not supported.[0m
[1;31mE (1004) camera: Camera probe failed with error 0x106(ESP_ERR_NOT_SUPPORTED)[0m
[1;31mE (1004) apriltag_detect: Camera Init Failed[0m
Guru Meditation Error: Core  1 panic'ed (IllegalInstruction). Exception was unhandled.
Memory dump at 0x42012ef4: e0b4bb81 f01d0008 65201110
--- 0x42012ef4: init_camera at /home/user/urex/firmware/nus_flight_app/main/at_detect.c:155(inlined by) at_detect_task at /home/user/urex/firmware/nus_flight_app/main/at_detect.c:277
Core  1 register dump:
PC      : 0x42012efa  PS      : 0x00060830  A0      : 0x00000000  A1      : 0x3fcdd100  
--- 0x42012efa: at_detect_task at /home/user/urex/firmware/nus_flight_app/main/at_detect.c:442
A2      : 0x00000000  A3      : 0x00000000  A4      : 0x00000000  A5      : 0x00000000  
A6      : 0x00000000  A7      : 0x00000000  A8      : 0x82012efa  A9      : 0x3fcdd0a0  
A10     : 0x00000001  A11     : 0x3c0c7030  A12     : 0x3c0c7040  A13     : 0x000003ec  
A14     : 0x3c0c7030  A15     : 0x000003ec  SAR     : 0x00000004  EXCCAUSE: 0x00000000  
EXCVADDR: 0x00000000  LBEG    : 0x400556d5  LEND    : 0x400556e5  LCOUNT  : 0xfffffffb  
--- 0x400556d5: strlen in ROM
--- 0x400556e5: strlen in ROM


Backtrace: 0x42012ef7:0x3fcdd100
--- 0x42012ef7: init_camera at /home/user/urex/firmware/nus_flight_app/main/at_detect.c:155(inlined by) at_detect_task at /home/user/urex/firmware/nus_flight_app/main/at_detect.c:277




ELF file SHA256: 11c2a2d03

Rebooting...
ESP-ROM:esp32s3-20210327
Build:Mar 27 2021
rst:0xc (RTC_SW_CPU_RST),boot:0xb (SPI_FAST_FLASH_BOOT)
Saved PC:0x40380406
--- 0x40380406: esp_cpu_wait_for_intr at /home/user/.espressif/v6.0.2/esp-idf/components/esp_hw_support/cpu.c:64
SPIWP:0xee
mode:DIO, clock div:1
load:0x3fce2820,len:0x14f0
load:0x403c8700,len:0xda0
--- 0x403c8700: _stext at ??:?
load:0x403cb700,len:0x2f54
entry 0x403c8908
--- 0x403c8908: call_start_cpu0 at /home/user/.espressif/v6.0.2/esp-idf/components/bootloader/subproject/main/bootloader_start.c:27
[0;32mI (24) boot: ESP-IDF v6.0.2 2nd stage bootloader[0m
[0;32mI (24) boot: compile time Sep  6 2026 22:47:32[0m
[0;32mI (24) boot: Multicore bootloader[0m
[0;32mI (25) boot: chip revision: v0.2[0m
[0;32mI (27) boot: efuse block revision: v1.3[0m
[0;32mI (31) boot.esp32s3: Boot SPI Speed : 80MHz[0m
[0;32mI (34) boot.esp32s3: SPI Mode       : DIO[0m
[0;32mI (38) boot.esp32s3: SPI Flash Size : 8MB[0m
[0;32mI (42) boot: Enabling RNG early entropy source...[0m
[0;32mI (46) boot: Partition Table:[0m
[0;32mI (49) boot: ## Label            Usage          Type ST Offset   Length[0m
[0;32mI (55) boot:  0 nvs              WiFi data        01 02 00009000 00006000[0m
[0;32mI (62) boot:  1 phy_init         RF data          01 01 0000f000 00001000[0m
[0;32mI (68) boot:  2 factory          factory app      00 00 00010000 00177000[0m
[0;32mI (75) boot: End of partition table[0m
[0;32mI (78) esp_image: segment 0: paddr=00010020 vaddr=3c0c0020 size=38764h (231268) map[0m
[0;32mI (128) esp_image: segment 1: paddr=0004878c vaddr=3fca0e00 size=0788ch ( 30860) load[0m
[0;32mI (135) esp_image: segment 2: paddr=00050020 vaddr=42000020 size=bd0c0h (774336) map[0m
[0;32mI (277) esp_image: segment 3: paddr=0010d0e8 vaddr=3fca868c size=0032ch (   812) load[0m
[0;32mI (278) esp_image: segment 4: paddr=0010d41c vaddr=40378000 size=18d60h (101728) load[0m
[0;32mI (305) esp_image: segment 5: paddr=00126184 vaddr=50000000 size=00024h (    36) load[0m
[0;32mI (316) boot: Loaded app from partition at offset 0x10000[0m
[0;32mI (316) boot: Disabling RNG early entropy source...[0m
[0;32mI (326) octal_psram: vendor id    : 0x0d (AP)[0m
[0;32mI (327) octal_psram: dev id       : 0x02 (generation 3)[0m
[0;32mI (327) octal_psram: density      : 0x03 (64 Mbit)[0m
[0;32mI (329) octal_psram: good-die     : 0x01 (Pass)[0m
[0;32mI (333) octal_psram: Latency      : 0x01 (Fixed)[0m
[0;32mI (337) octal_psram: VCC          : 0x01 (3V)[0m
[0;32mI (341) octal_psram: SRF          : 0x01 (Fast Refresh)[0m
[0;32mI (346) octal_psram: BurstType    : 0x01 (Hybrid Wrap)[0m
[0;32mI (351) octal_psram: BurstLen     : 0x01 (32 Byte)[0m
[0;32mI (356) octal_psram: Readlatency  : 0x02 (10 cycles@Fixed)[0m
[0;32mI (361) octal_psram: DriveStrength: 0x00 (1/1)[0m
[0;32mI (365) MSPI Timing: Enter psram timing tuning[0m
[0;32mI (370) esp_psram: Found 8MB PSRAM device[0m
[0;32mI (373) esp_psram: Speed: 80MHz[0m
[0;32mI (376) cpu_start: Multicore app[0m
[0;32mI (664) esp_psram: SPI SRAM memory test OK[0m
[0;32mI (672) cpu_start: GPIO 44 and 43 are used as console UART I/O pins[0m
[0;32mI (673) cpu_start: Pro cpu start user code[0m
[0;32mI (673) cpu_start: cpu freq: 240000000 Hz[0m
[0;32mI (675) app_init: Application information:[0m
[0;32mI (679) app_init: Project name:     esp-everything[0m
[0;32mI (683) app_init: App version:      99cde05-dirty[0m
[0;32mI (687) app_init: Compile time:     Sep 10 2026 22:00:00[0m
[0;32mI (693) app_init: ELF file SHA256:  11c2a2d03...[0m
[0;32mI (697) app_init: ESP-IDF:          v6.0.2[0m
[0;32mI (701) efuse_init: Min chip rev:     v0.0[0m
[0;32mI (704) efuse_init: Max chip rev:     v0.99 [0m
[0;32mI (708) efuse_init: Chip rev:         v0.2[0m
[0;32mI (712) heap_init: Initializing. RAM available for dynamic allocation:[0m
[0;32mI (719) heap_init: At 3FCB9E40 len 0002F8D0 (190 KiB): RAM[0m
[0;32mI (724) heap_init: At 3FCE9710 len 00005724 (21 KiB): RAM[0m
[0;32mI (729) heap_init: At 600FE000 len 00001FE8 (7 KiB): RTCRAM[0m
[0;32mI (734) esp_psram: Adding pool of 8192K of PSRAM memory to heap allocator[0m
[0;32mI (741) spi_flash: detected chip: gd[0m
[0;32mI (744) spi_flash: flash io: dio[0m
[0;32mI (747) sleep_gpio: Configure to isolate all GPIO pins in sleep state[0m
[0;32mI (753) sleep_gpio: Enable automatic switching of GPIO sleep configuration[0m
[0;32mI (760) main_task: Started on CPU0[0m
[0;32mI (763) esp_psram: Reserving pool of 32K of internal memory for DMA/internal allocations[0m
[0;32mI (771) main_task: Calling app_main()[0m
[0;32mI (774) mission: ESP starting[0m
[0;32mI (791) pp: pp rom version: e7ae62f[0m
[0;32mI (792) net80211: net80211 rom version: e7ae62f[0m
[0;32mI (793) wifi:wifi driver task: 3fcc9ac8, prio:23, stack:6656, core=0[0m
[0;32mI (801) wifi:wifi firmware version: 00ad238[0m
[0;32mI (801) wifi:wifi certification version: v7.0[0m
[0;32mI (802) wifi:config NVS flash: enabled[0m
[0;32mI (805) wifi:config nano formatting: disabled[0m
[0;32mI (810) wifi:Init data frame dynamic rx buffer num: 32[0m
[0;32mI (815) wifi:Init static rx mgmt buffer num: 5[0m
[0;32mI (819) wifi:Init management short buffer num: 32[0m
[0;32mI (823) wifi:Init dynamic tx buffer num: 32[0m
[0;32mI (827) wifi:Init static tx FG buffer num: 2[0m
[0;32mI (831) wifi:Init static rx buffer size: 1600[0m
[0;32mI (835) wifi:Init static rx buffer num: 10[0m
[0;32mI (839) wifi:Init dynamic rx buffer num: 32[0m
[0;32mI (843) wifi_init: rx ba win: 6[0m
[0;32mI (846) wifi_init: accept mbox: 6[0m
[0;32mI (849) wifi_init: tcpip mbox: 32[0m
[0;32mI (852) wifi_init: udp mbox: 6[0m
[0;32mI (854) wifi_init: tcp mbox: 6[0m
[0;32mI (857) wifi_init: tcp tx win: 5760[0m
[0;32mI (860) wifi_init: tcp rx win: 5760[0m
[0;32mI (864) wifi_init: tcp mss: 1440[0m
[0;32mI (867) wifi_init: WiFi IRAM OP enabled[0m
[0;32mI (870) wifi_init: WiFi RX IRAM OP enabled[0m
[0;33mW (874) wifi:Password length matches WPA2 standards, authmode threshold changes from OPEN to WPA2[0m
[0;32mI (883) phy_init: phy_version 712,87e8c20e,Apr 13 2026,18:51:10[0m
[0;32mI (922) wifi:mode : sta (98:a3:16:f7:04:b4)[0m
[0;32mI (923) wifi:enable tsf[0m
[0;32mI (925) wifi: Connecting to '<redacted-ssid>'...[0m
[0;32mI (927) mav: UART1 ready: TX=GPIO5 RX=GPIO4 @ 921600 baud[0m
[0;32mI (927) mav: Requested PX4 position + attitude at 20 Hz[0m
[0;32mI (933) tof: I2C master bus created[0m
[0;32mI (935) tof: TCA9548A registered[0m
[0;32mI (940) wifi: Telemetry → 192.0.2.1:5005 | Commands ← port 5006[0m
[0;33mW (945) mission: NANOLITE BENCH MODE: navigation and mission tasks are disabled[0m
[0;32mI (945) s3 ll_cam: DMA Channel=0[0m
[0;32mI (946) nanolite: read-only PX4 pose bridge ready: 20Hz max_age=250ms key=25cm/15deg[0m
[0;32mI (962) nanolite: NANOTOF enabled: interval=1000ms tuple=distance_mm,column,timestamp_us,age_ms yaw_deg=s0:45,s1:0,s2:315,s3:270,s4:225,s5:180,s6:135,s7:90[0m
[0;32mI (954) cam_hal: cam init ok[0m
[0;32mI (951) mission: All tasks spawned[0m
[0;32mI (978) sccb-ng: pin_sda 40 pin_scl 39[0m
[0;32mI (981) main_task: Returned from app_main()[0m
[0;32mI (985) sccb-ng: sccb_i2c_port=1[0m
[1;31mE (1004) camera: Detected camera not supported.[0m
[1;31mE (1005) camera: Camera probe failed with error 0x106(ESP_ERR_NOT_SUPPORTED)[0m
[1;31mE (1005) apriltag_detect: Camera Init Failed[0m
Guru Meditation Error: Core  1 panic'ed (IllegalInstruction). Exception was unhandled.
Memory dump at 0x42012ef4: e0b4bb81 f01d0008 65201110
--- 0x42012ef4: init_camera at /home/user/urex/firmware/nus_flight_app/main/at_detect.c:155(inlined by) at_detect_task at /home/user/urex/firmware/nus_flight_app/main/at_detect.c:277
Core  1 register dump:
PC      : 0x42012efa  PS      : 0x00060830  A0      : 0x00000000  A1      : 0x3fcdd100  
--- 0x42012efa: at_detect_task at /home/user/urex/firmware/nus_flight_app/main/at_detect.c:442
A2      : 0x00000000  A3      : 0x00000000  A4      : 0x00000000  A5      : 0x00000000  
A6      : 0x00000000  A7      : 0x00000000  A8      : 0x82012efa  A9      : 0x3fcdd0a0  
A10     : 0x00000001  A11     : 0x3c0c7030  A12     : 0x3c0c7040  A13     : 0x000003ed  
A14     : 0x3c0c7030  A15     : 0x000003ed  SAR     : 0x00000004  EXCCAUSE: 0x00000000  
EXCVADDR: 0x00000000  LBEG    : 0x400556d5  LEND    : 0x400556e5  LCOUNT  : 0xfffffffb  
--- 0x400556d5: strlen in ROM
--- 0x400556e5: strlen in ROM


Backtrace: 0x42012ef7:0x3fcdd100
--- 0x42012ef7: init_camera at /home/user/urex/firmware/nus_flight_app/main/at_detect.c:155(inlined by) at_detect_task at /home/user/urex/firmware/nus_flight_app/main/at_detect.c:277




ELF file SHA256: 11c2a2d03

Rebooting...
ESP-ROM:esp32s3-20210327
Build:Mar 27 2021
rst:0xc (RTC_SW_CPU_RST),boot:0xb (SPI_FAST_FLASH_BOOT)
Saved PC:0x40380406
--- 0x40380406: esp_cpu_wait_for_intr at /home/user/.espressif/v6.0.2/esp-idf/components/esp_hw_support/cpu.c:64
SPIWP:0xee
mode:DIO, clock div:1
load:0x3fce2820,len:0x14f0
load:0x403c8700,len:0xda0
--- 0x403c8700: _stext at ??:?
load:0x403cb700,len:0x2f54
entry 0x403c8908
--- 0x403c8908: call_start_cpu0 at /home/user/.espressif/v6.0.2/esp-idf/components/bootloader/subproject/main/bootloader_start.c:27
[0;32mI (24) boot: ESP-IDF v6.0.2 2nd stage bootloader[0m
[0;32mI (24) boot: compile time Sep  6 2026 22:47:32[0m
[0;32mI (24) boot: Multicore bootloader[0m
[0;32mI (25) boot: chip revision: v0.2[0m
[0;32mI (27) boot: efuse block revision: v1.3[0m
[0;32mI (31) boot.esp32s3: Boot SPI Speed : 80MHz[0m
[0;32mI (34) boot.esp32s3: SPI Mode       : DIO[0m
[0;32mI (38) boot.esp32s3: SPI Flash Size : 8MB[0m
[0;32mI (42) boot: Enabling RNG early entropy source...[0m
[0;32mI (46) boot: Partition Table:[0m
[0;32mI (49) boot: ## Label            Usage          Type ST Offset   Length[0m
[0;32mI (55) boot:  0 nvs              WiFi data        01 02 00009000 00006000[0m
[0;32mI (62) boot:  1 phy_init         RF data          01 01 0000f000 00001000[0m
[0;32mI (68) boot:  2 factory          factory app      00 00 00010000 00177000[0m
[0;32mI (75) boot: End of partition table[0m
[0;32mI (78) esp_image: segment 0: paddr=00010020 vaddr=3c0c0020 size=38764h (231268) map[0m
[0;32mI (128) esp_image: segment 1: paddr=0004878c vaddr=3fca0e00 size=0788ch ( 30860) load[0m
[0;32mI (135) esp_image: segment 2: paddr=00050020 vaddr=42000020 size=bd0c0h (774336) map[0m
[0;32mI (277) esp_image: segment 3: paddr=0010d0e8 vaddr=3fca868c size=0032ch (   812) load[0m
[0;32mI (278) esp_image: segment 4: paddr=0010d41c vaddr=40378000 size=18d60h (101728) load[0m
[0;32mI (305) esp_image: segment 5: paddr=00126184 vaddr=50000000 size=00024h (    36) load[0m
[0;32mI (316) boot: Loaded app from partition at offset 0x10000[0m
[0;32mI (316) boot: Disabling RNG early entropy source...[0m
[0;32mI (326) octal_psram: vendor id    : 0x0d (AP)[0m
[0;32mI (327) octal_psram: dev id       : 0x02 (generation 3)[0m
[0;32mI (327) octal_psram: density      : 0x03 (64 Mbit)[0m
[0;32mI (329) octal_psram: good-die     : 0x01 (Pass)[0m
[0;32mI (333) octal_psram: Latency      : 0x01 (Fixed)[0m
[0;32mI (337) octal_psram: VCC          : 0x01 (3V)[0m
[0;32mI (341) octal_psram: SRF          : 0x01 (Fast Refresh)[0m
[0;32mI (346) octal_psram: BurstType    : 0x01 (Hybrid Wrap)[0m
[0;32mI (351) octal_psram: BurstLen     : 0x01 (32 Byte)[0m
[0;32mI (356) octal_psram: Readlatency  : 0x02 (10 cycles@Fixed)[0m
[0;32mI (361) octal_psram: DriveStrength: 0x00 (1/1)[0m
[0;32mI (365) MSPI Timing: Enter psram timing tuning[0m
[0;32mI (370) esp_psram: Found 8MB PSRAM device[0m
[0;32mI (373) esp_psram: Speed: 80MHz[0m
[0;32mI (376) cpu_start: Multicore app[0m
[0;32mI (664) esp_psram: SPI SRAM memory test OK[0m
[0;32mI (672) cpu_start: GPIO 44 and 43 are used as console UART I/O pins[0m
[0;32mI (673) cpu_start: Pro cpu start user code[0m
[0;32mI (673) cpu_start: cpu freq: 240000000 Hz[0m
[0;32mI (675) app_init: Application information:[0m
[0;32mI (679) app_init: Project name:     esp-everything[0m
[0;32mI (683) app_init: App version:      99cde05-dirty[0m
[0;32mI (687) app_init: Compile time:     Sep 10 2026 22:00:00[0m
[0;32mI (693) app_init: ELF file SHA256:  11c2a2d03...[0m
[0;32mI (697) app_init: ESP-IDF:          v6.0.2[0m
[0;32mI (701) efuse_init: Min chip rev:     v0.0[0m
[0;32mI (704) efuse_init: Max chip rev:     v0.99 [0m
[0;32mI (708) efuse_init: Chip rev:         v0.2[0m
[0;32mI (712) heap_init: Initializing. RAM available for dynamic allocation:[0m
[0;32mI (719) heap_init: At 3FCB9E40 len 0002F8D0 (190 KiB): RAM[0m
[0;32mI (724) heap_init: At 3FCE9710 len 00005724 (21 KiB): RAM[0m
[0;32mI (729) heap_init: At 600FE000 len 00001FE8 (7 KiB): RTCRAM[0m
[0;32mI (734) esp_psram: Adding pool of 8192K of PSRAM memory to heap allocator[0m
[0;32mI (741) spi_flash: detected chip: gd[0m
[0;32mI (744) spi_flash: flash io: dio[0m
[0;32mI (747) sleep_gpio: Configure to isolate all GPIO pins in sleep state[0m
[0;32mI (753) sleep_gpio: Enable automatic switching of GPIO sleep configuration[0m
[0;32mI (760) main_task: Started on CPU0[0m
[0;32mI (763) esp_psram: Reserving pool of 32K of internal memory for DMA/internal allocations[0m
[0;32mI (771) main_task: Calling app_main()[0m
[0;32mI (774) mission: ESP starting[0m
[0;32mI (791) pp: pp rom version: e7ae62f[0m
[0;32mI (792) net80211: net80211 rom version: e7ae62f[0m
[0;32mI (793) wifi:wifi driver task: 3fcc9ac8, prio:23, stack:6656, core=0[0m
[0;32mI (801) wifi:wifi firmware version: 00ad238[0m
[0;32mI (801) wifi:wifi certification version: v7.0[0m
[0;32mI (802) wifi:config NVS flash: enabled[0m
[0;32mI (805) wifi:config nano formatting: disabled[0m
[0;32mI (810) wifi:Init data frame dynamic rx buffer num: 32[0m
[0;32mI (815) wifi:Init static rx mgmt buffer num: 5[0m
[0;32mI (819) wifi:Init management short buffer num: 32[0m
[0;32mI (823) wifi:Init dynamic tx buffer num: 32[0m
[0;32mI (827) wifi:Init static tx FG buffer num: 2[0m
[0;32mI (831) wifi:Init static rx buffer size: 1600[0m
[0;32mI (835) wifi:Init static rx buffer num: 10[0m
[0;32mI (839) wifi:Init dynamic rx buffer num: 32[0m
[0;32mI (843) wifi_init: rx ba win: 6[0m
[0;32mI (846) wifi_init: accept mbox: 6[0m
[0;32mI (849) wifi_init: tcpip mbox: 32[0m
[0;32mI (852) wifi_init: udp mbox: 6[0m
[0;32mI (854) wifi_init: tcp mbox: 6[0m
[0;32mI (857) wifi_init: tcp tx win: 5760[0m
[0;32mI (860) wifi_init: tcp rx win: 5760[0m
[0;32mI (864) wifi_init: tcp mss: 1440[0m
[0;32mI (867) wifi_init: WiFi IRAM OP enabled[0m
[0;32mI (870) wifi_init: WiFi RX IRAM OP enabled[0m
[0;33mW (874) wifi:Password length matches WPA2 standards, authmode threshold changes from OPEN to WPA2[0m
[0;32mI (883) phy_init: phy_version 712,87e8c20e,Apr 13 2026,18:51:10[0m
[0;32mI (921) wifi:mode : sta (98:a3:16:f7:04:b4)[0m
[0;32mI (921) wifi:enable tsf[0m
[0;32mI (924) wifi: Connecting to '<redacted-ssid>'...[0m
[0;32mI (925) mav: UART1 ready: TX=GPIO5 RX=GPIO4 @ 921600 baud[0m
[0;32mI (926) mav: Requested PX4 position + attitude at 20 Hz[0m
[0;32mI (931) tof: I2C master bus created[0m
[0;32mI (934) tof: TCA9548A registered[0m
[0;32mI (938) wifi: Telemetry → 192.0.2.1:5005 | Commands ← port 5006[0m
[0;33mW (943) mission: NANOLITE BENCH MODE: navigation and mission tasks are disabled[0m
[0;32mI (950) mission: All tasks spawned[0m
[0;32mI (944) s3 ll_cam: DMA Channel=0[0m
[0;32mI (944) nanolite: read-only PX4 pose bridge ready: 20Hz max_age=250ms key=25cm/15deg[0m
[0;32mI (964) nanolite: NANOTOF enabled: interval=1000ms tuple=distance_mm,column,timestamp_us,age_ms yaw_deg=s0:45,s1:0,s2:315,s3:270,s4:225,s5:180,s6:135,s7:90[0m
[0;32mI (956) cam_hal: cam init ok[0m
[0;32mI (980) sccb-ng: pin_sda 40 pin_scl 39[0m
[0;32mI (953) main_task: Returned from app_main()[0m
[0;32mI (983) sccb-ng: sccb_i2c_port=1[0m
[1;31mE (1002) camera: Detected camera not supported.[0m
[1;31mE (1003) camera: Camera probe failed with error 0x106(ESP_ERR_NOT_SUPPORTED)[0m
[1;31mE (1003) apriltag_detect: Camera Init Failed[0m
Guru Meditation Error: Core  1 panic'ed (IllegalInstruction). Exception was unhandled.
Memory dump at 0x42012ef4: e0b4bb81 f01d0008 65201110
--- 0x42012ef4: init_camera at /home/user/urex/firmware/nus_flight_app/main/at_detect.c:155(inlined by) at_detect_task at /home/user/urex/firmware/nus_flight_app/main/at_detect.c:277
Core  1 register dump:
PC      : 0x42012efa  PS      : 0x00060830  A0      : 0x00000000  A1      : 0x3fcdd100  
--- 0x42012efa: at_detect_task at /home/user/urex/firmware/nus_flight_app/main/at_detect.c:442
A2      : 0x00000000  A3      : 0x00000000  A4      : 0x00000000  A5      : 0x00000000  
A6      : 0x00000000  A7      : 0x00000000  A8      : 0x82012efa  A9      : 0x3fcdd0a0  
A10     : 0x00000001  A11     : 0x3c0c7030  A12     : 0x3c0c7040  A13     : 0x000003eb  
A14     : 0x3c0c7030  A15     : 0x000003eb  SAR     : 0x00000004  EXCCAUSE: 0x00000000  
EXCVADDR: 0x00000000  LBEG    : 0x400556d5  LEND    : 0x400556e5  LCOUNT  : 0xfffffffb  
--- 0x400556d5: strlen in ROM
--- 0x400556e5: strlen in ROM


Backtrace: 0x42012ef7:0x3fcdd100
--- 0x42012ef7: init_camera at /home/user/urex/firmware/nus_flight_app/main/at_detect.c:155(inlined by) at_detect_task at /home/user/urex/firmware/nus_flight_app/main/at_detect.c:277




ELF file SHA256: 11c2a2d03

Rebooting...
ESP-ROM:esp32s3-20210327
Build:Mar 27 2021
rst:0xc (RTC_SW_CPU_RST),boot:0xb (SPI_FAST_FLASH_BOOT)
Saved PC:0x40380406
--- 0x40380406: esp_cpu_wait_for_intr at /home/user/.espressif/v6.0.2/esp-idf/components/esp_hw_support/cpu.c:64
SPIWP:0xee
mode:DIO, clock div:1
load:0x3fce2820,len:0x14f0
load:0x403c8700,len:0xda0
--- 0x403c8700: _stext at ??:?
load:0x403cb700,len:0x2f54
entry 0x403c8908
--- 0x403c8908: call_start_cpu0 at /home/user/.espressif/v6.0.2/esp-idf/components/bootloader/subproject/main/bootloader_start.c:27
[0;32mI (24) boot: ESP-IDF v6.0.2 2nd stage bootloader[0m
[0;32mI (24) boot: compile time Sep  6 2026 22:47:32[0m
[0;32mI (24) boot: Multicore bootloader[0m
[0;32mI (25) boot: chip revision: v0.2[0m
[0;32mI (27) boot: efuse block revision: v1.3[0m
[0;32mI (31) boot.esp32s3: Boot SPI Speed : 80MHz[0m
[0;32mI (34) boot.esp32s3: SPI Mode       : DIO[0m
[0;32mI (38) boot.esp32s3: SPI Flash Size : 8MB[0m
[0;32mI (42) boot: Enabling RNG early entropy source...[0m
[0;32mI (46) boot: Partition Table:[0m
[0;32mI (49) boot: ## Label            Usage          Type ST Offset   Length[0m
[0;32mI (55) boot:  0 nvs              WiFi data        01 02 00009000 00006000[0m
[0;32mI (62) boot:  1 phy_init         RF data          01 01 0000f000 00001000[0m
[0;32mI (68) boot:  2 factory          factory app      00 00 00010000 00177000[0m
[0;32mI (75) boot: End of partition table[0m
[0;32mI (78) esp_image: segment 0: paddr=00010020 vaddr=3c0c0020 size=38764h (231268) map[0m
[0;32mI (128) esp_image: segment 1: paddr=0004878c vaddr=3fca0e00 size=0788ch ( 30860) load[0m
[0;32mI (135) esp_image: segment 2: paddr=00050020 vaddr=42000020 size=bd0c0h (774336) map[0m
[0;32mI (277) esp_image: segment 3: paddr=0010d0e8 vaddr=3fca868c size=0032ch (   812) load[0m
[0;32mI (278) esp_image: segment 4: paddr=0010d41c vaddr=40378000 size=18d60h (101728) load[0m
[0;32mI (305) esp_image: segment 5: paddr=00126184 vaddr=50000000 size=00024h (    36) load[0m
[0;32mI (316) boot: Loaded app from partition at offset 0x10000[0m
[0;32mI (316) boot: Disabling RNG early entropy source...[0m
[0;32mI (326) octal_psram: vendor id    : 0x0d (AP)[0m
[0;32mI (327) octal_psram: dev id       : 0x02 (generation 3)[0m
[0;32mI (327) octal_psram: density      : 0x03 (64 Mbit)[0m
[0;32mI (329) octal_psram: good-die     : 0x01 (Pass)[0m
[0;32mI (333) octal_psram: Latency      : 0x01 (Fixed)[0m
[0;32mI (337) octal_psram: VCC          : 0x01 (3V)[0m
[0;32mI (341) octal_psram: SRF          : 0x01 (Fast Refresh)[0m
[0;32mI (346) octal_psram: BurstType    : 0x01 (Hybrid Wrap)[0m
[0;32mI (351) octal_psram: BurstLen     : 0x01 (32 Byte)[0m
[0;32mI (356) octal_psram: Readlatency  : 0x02 (10 cycles@Fixed)[0m
[0;32mI (361) octal_psram: DriveStrength: 0x00 (1/1)[0m
[0;32mI (365) MSPI Timing: Enter psram timing tuning[0m
[0;32mI (370) esp_psram: Found 8MB PSRAM device[0m
[0;32mI (373) esp_psram: Speed: 80MHz[0m
[0;32mI (376) cpu_start: Multicore app[0m
[0;32mI (664) esp_psram: SPI SRAM memory test OK[0m
[0;32mI (672) cpu_start: GPIO 44 and 43 are used as console UART I/O pins[0m
[0;32mI (673) cpu_start: Pro cpu start user code[0m
[0;32mI (673) cpu_start: cpu freq: 240000000 Hz[0m
[0;32mI (675) app_init: Application information:[0m
[0;32mI (679) app_init: Project name:     esp-everything[0m
[0;32mI (683) app_init: App version:      99cde05-dirty[0m
[0;32mI (687) app_init: Compile time:     Sep 10 2026 22:00:00[0m
[0;32mI (693) app_init: ELF file SHA256:  11c2a2d03...[0m
[0;32mI (697) app_init: ESP-IDF:          v6.0.2[0m
[0;32mI (701) efuse_init: Min chip rev:     v0.0[0m
[0;32mI (704) efuse_init: Max chip rev:     v0.99 [0m
[0;32mI (708) efuse_init: Chip rev:         v0.2[0m
[0;32mI (712) heap_init: Initializing. RAM available for dynamic allocation:[0m
[0;32mI (719) heap_init: At 3FCB9E40 len 0002F8D0 (190 KiB): RAM[0m
[0;32mI (724) heap_init: At 3FCE9710 len 00005724 (21 KiB): RAM[0m
[0;32mI (729) heap_init: At 600FE000 len 00001FE8 (7 KiB): RTCRAM[0m
[0;32mI (734) esp_psram: Adding pool of 8192K of PSRAM memory to heap allocator[0m
[0;32mI (741) spi_flash: detected chip: gd[0m
[0;32mI (744) spi_flash: flash io: dio[0m
[0;32mI (747) sleep_gpio: Configure to isolate all GPIO pins in sleep state[0m
[0;32mI (753) sleep_gpio: Enable automatic switching of GPIO sleep configuration[0m
[0;32mI (760) main_task: Started on CPU0[0m
[0;32mI (763) esp_psram: Reserving pool of 32K of internal memory for DMA/internal allocations[0m
[0;32mI (771) main_task: Calling app_main()[0m
[0;32mI (774) mission: ESP starting[0m
[0;32mI (791) pp: pp rom version: e7ae62f[0m
[0;32mI (792) net80211: net80211 rom version: e7ae62f[0m
[0;32mI (793) wifi:wifi driver task: 3fcc9ac8, prio:23, stack:6656, core=0[0m
[0;32mI (801) wifi:wifi firmware version: 00ad238[0m
[0;32mI (801) wifi:wifi certification version: v7.0[0m
[0;32mI (802) wifi:config NVS flash: enabled[0m
[0;32mI (805) wifi:config nano formatting: disabled[0m
[0;32mI (810) wifi:Init data frame dynamic rx buffer num: 32[0m
[0;32mI (815) wifi:Init static rx mgmt buffer num: 5[0m
[0;32mI (819) wifi:Init management short buffer num: 32[0m
[0;32mI (823) wifi:Init dynamic tx buffer num: 32[0m
[0;32mI (827) wifi:Init static tx FG buffer num: 2[0m
[0;32mI (831) wifi:Init static rx buffer size: 1600[0m
[0;32mI (835) wifi:Init static rx buffer num: 10[0m
[0;32mI (839) wifi:Init dynamic rx buffer num: 32[0m
[0;32mI (843) wifi_init: rx ba win: 6[0m
[0;32mI (846) wifi_init: accept mbox: 6[0m
[0;32mI (849) wifi_init: tcpip mbox: 32[0m
[0;32mI (852) wifi_init: udp mbox: 6[0m
[0;32mI (854) wifi_init: tcp mbox: 6[0m
[0;32mI (857) wifi_init: tcp tx win: 5760[0m
[0;32mI (860) wifi_init: tcp rx win: 5760[0m
[0;32mI (864) wifi_init: tcp mss: 1440[0m
[0;32mI (867) wifi_init: WiFi IRAM OP enabled[0m
[0;32mI (870) wifi_init: WiFi RX IRAM OP enabled[0m
[0;33mW (874) wifi:Password length matches WPA2 standards, authmode threshold changes from OPEN to WPA2[0m
[0;32mI (883) phy_init: phy_version 712,87e8c20e,Apr 13 2026,18:51:10[0m
[0;32mI (922) wifi:mode : sta (98:a3:16:f7:04:b4)[0m
[0;32mI (922) wifi:enable tsf[0m
[0;32mI (924) wifi: Connecting to '<redacted-ssid>'...[0m
[0;32mI (926) mav: UART1 ready: TX=GPIO5 RX=GPIO4 @ 921600 baud[0m
[0;32mI (926) mav: Requested PX4 position + attitude at 20 Hz[0m
[0;32mI (932) tof: I2C master bus created[0m
[0;32mI (934) tof: TCA9548A registered[0m
[0;32mI (939) wifi: Telemetry → 192.0.2.1:5005 | Commands ← port 5006[0m
[0;33mW (944) mission: NANOLITE BENCH MODE: navigation and mission tasks are disabled[0m
[0;32mI (951) mission: All tasks spawned[0m
[0;32mI (945) s3 ll_cam: DMA Channel=0[0m
[0;32mI (945) nanolite: read-only PX4 pose bridge ready: 20Hz max_age=250ms key=25cm/15deg[0m
[0;32mI (964) nanolite: NANOTOF enabled: interval=1000ms tuple=distance_mm,column,timestamp_us,age_ms yaw_deg=s0:45,s1:0,s2:315,s3:270,s4:225,s5:180,s6:135,s7:90[0m
[0;32mI (957) cam_hal: cam init ok[0m
[0;32mI (954) main_task: Returned from app_main()[0m
[0;32mI (980) sccb-ng: pin_sda 40 pin_scl 39[0m
[0;32mI (988) sccb-ng: sccb_i2c_port=1[0m
[1;31mE (1003) camera: Detected camera not supported.[0m
[1;31mE (1004) camera: Camera probe failed with error 0x106(ESP_ERR_NOT_SUPPORTED)[0m
[1;31mE (1004) apriltag_detect: Camera Init Failed[0m
Guru Meditation Error: Core  1 panic'ed (IllegalInstruction). Exception was unhandled.
Memory dump at 0x42012ef4: e0b4bb81 f01d0008 65201110
--- 0x42012ef4: init_camera at /home/user/urex/firmware/nus_flight_app/main/at_detect.c:155(inlined by) at_detect_task at /home/user/urex/firmware/nus_flight_app/main/at_detect.c:277
Core  1 register dump:
PC      : 0x42012efa  PS      : 0x00060830  A0      : 0x00000000  A1      : 0x3fcdd100  
--- 0x42012efa: at_detect_task at /home/user/urex/firmware/nus_flight_app/main/at_detect.c:442
A2      : 0x00000000  A3      : 0x00000000  A4      : 0x00000000  A5      : 0x00000000  
A6      : 0x00000000  A7      : 0x00000000  A8      : 0x82012efa  A9      : 0x3fcdd0a0  
A10     : 0x00000001  A11     : 0x3c0c7030  A12     : 0x3c0c7040  A13     : 0x000003ec  
A14     : 0x3c0c7030  A15     : 0x000003ec  SAR     : 0x00000004  EXCCAUSE: 0x00000000  
EXCVADDR: 0x00000000  LBEG    : 0x400556d5  LEND    : 0x400556e5  LCOUNT  : 0xfffffffb  
--- 0x400556d5: strlen in ROM
--- 0x400556e5: strlen in ROM


Backtrace: 0x42012ef7:0x3fcdd100
--- 0x42012ef7: init_camera at /home/user/urex/firmware/nus_flight_app/main/at_detect.c:155(inlined by) at_detect_task at /home/user/urex/firmware/nus_flight_app/main/at_detect.c:277




ELF file SHA256: 11c2a2d03

Rebooting...
ESP-ROM:esp32s3-20210327
Build:Mar 27 2021
rst:0xc (RTC_SW_CPU_RST),boot:0xb (SPI_FAST_FLASH_BOOT)
Saved PC:0x40380406
--- 0x40380406: esp_cpu_wait_for_intr at /home/user/.espressif/v6.0.2/esp-idf/components/esp_hw_support/cpu.c:64
SPIWP:0xee
mode:DIO, clock div:1
load:0x3fce2820,len:0x14f0
load:0x403c8700,len:0xda0
--- 0x403c8700: _stext at ??:?
load:0x403cb700,len:0x2f54
entry 0x403c8908
--- 0x403c8908: call_start_cpu0 at /home/user/.espressif/v6.0.2/esp-idf/components/bootloader/subproject/main/bootloader_start.c:27
[0;32mI (24) boot: ESP-IDF v6.0.2 2nd stage bootloader[0m
[0;32mI (24) boot: compile time Sep  6 2026 22:47:32[0m
[0;32mI (24) boot: Multicore bootloader[0m
[0;32mI (25) boot: chip revision: v0.2[0m
[0;32mI (27) boot: efuse block revision: v1.3[0m
[0;32mI (31) boot.esp32s3: Boot SPI Speed : 80MHz[0m
[0;32mI (34) boot.esp32s3: SPI Mode       : DIO[0m
[0;32mI (38) boot.esp32s3: SPI Flash Size : 8MB[0m
[0;32mI (42) boot: Enabling RNG early entropy source...[0m
[0;32mI (46) boot: Partition Table:[0m
[0;32mI (49) boot: ## Label            Usage          Type ST Offset   Length[0m
[0;32mI (55) boot:  0 nvs              WiFi data        01 02 00009000 00006000[0m
[0;32mI (62) boot:  1 phy_init         RF data          01 01 0000f000 00001000[0m
[0;32mI (68) boot:  2 factory          factory app      00 00 00010000 00177000[0m
[0;32mI (75) boot: End of partition table[0m
[0;32mI (78) esp_image: segment 0: paddr=00010020 vaddr=3c0c0020 size=38764h (231268) map[0m
[0;32mI (128) esp_image: segment 1: paddr=0004878c vaddr=3fca0e00 size=0788ch ( 30860) load[0m
[0;32mI (135) esp_image: segment 2: paddr=00050020 vaddr=42000020 size=bd0c0h (774336) map[0m
[0;32mI (277) esp_image: segment 3: paddr=0010d0e8 vaddr=3fca868c size=0032ch (   812) load[0m
[0;32mI (278) esp_image: segment 4: paddr=0010d41c vaddr=40378000 size=18d60h (101728) load[0m
[0;32mI (305) esp_image: segment 5: paddr=00126184 vaddr=50000000 size=00024h (    36) load[0m
[0;32mI (316) boot: Loaded app from partition at offset 0x10000[0m
[0;32mI (316) boot: Disabling RNG early entropy source...[0m
[0;32mI (326) octal_psram: vendor id    : 0x0d (AP)[0m
[0;32mI (327) octal_psram: dev id       : 0x02 (generation 3)[0m
[0;32mI (327) octal_psram: density      : 0x03 (64 Mbit)[0m
[0;32mI (329) octal_psram: good-die     : 0x01 (Pass)[0m
[0;32mI (333) octal_psram: Latency      : 0x01 (Fixed)[0m
[0;32mI (337) octal_psram: VCC          : 0x01 (3V)[0m
[0;32mI (341) octal_psram: SRF          : 0x01 (Fast Refresh)[0m
[0;32mI (346) octal_psram: BurstType    : 0x01 (Hybrid Wrap)[0m
[0;32mI (351) octal_psram: BurstLen     : 0x01 (32 Byte)[0m
[0;32mI (356) octal_psram: Readlatency  : 0x02 (10 cycles@Fixed)[0m
[0;32mI (361) octal_psram: DriveStrength: 0x00 (1/1)[0m
[0;32mI (365) MSPI Timing: Enter psram timing tuning[0m
[0;32mI (370) esp_psram: Found 8MB PSRAM device[0m
[0;32mI (373) esp_psram: Speed: 80MHz[0m
[0;32mI (376) cpu_start: Multicore app[0m
[0;32mI (664) esp_psram: SPI SRAM memory test OK[0m
[0;32mI (672) cpu_start: GPIO 44 and 43 are used as console UART I/O pins[0m
[0;32mI (673) cpu_start: Pro cpu start user code[0m
[0;32mI (673) cpu_start: cpu freq: 240000000 Hz[0m
[0;32mI (675) app_init: Application information:[0m
[0;32mI (679) app_init: Project name:     esp-everything[0m
[0;32mI (683) app_init: App version:      99cde05-dirty[0m
[0;32mI (687) app_init: Compile time:     Sep 10 2026 22:00:00[0m
[0;32mI (693) app_init: ELF file SHA256:  11c2a2d03...[0m
[0;32mI (697) app_init: ESP-IDF:          v6.0.2[0m
[0;32mI (701) efuse_init: Min chip rev:     v0.0[0m
[0;32mI (704) efuse_init: Max chip rev:     v0.99 [0m
[0;32mI (708) efuse_init: Chip rev:         v0.2[0m
[0;32mI (712) heap_init: Initializing. RAM available for dynamic allocation:[0m
[0;32mI (719) heap_init: At 3FCB9E40 len 0002F8D0 (190 KiB): RAM[0m
[0;32mI (724) heap_init: At 3FCE9710 len 00005724 (21 KiB): RAM[0m
[0;32mI (729) heap_init: At 600FE000 len 00001FE8 (7 KiB): RTCRAM[0m
[0;32mI (734) esp_psram: Adding pool of 8192K of PSRAM memory to heap allocator[0m
[0;32mI (741) spi_flash: detected chip: gd[0m
[0;32mI (744) spi_flash: flash io: dio[0m
[0;32mI (747) sleep_gpio: Configure to isolate all GPIO pins in sleep state[0m
[0;32mI (753) sleep_gpio: Enable automatic switching of GPIO sleep configuration[0m
[0;32mI (760) main_task: Started on CPU0[0m
[0;32mI (763) esp_psram: Reserving pool of 32K of internal memory for DMA/internal allocations[0m
[0;32mI (771) main_task: Calling app_main()[0m
[0;32mI (774) mission: ESP starting[0m
[0;32mI (791) pp: pp rom version: e7ae62f[0m
[0;32mI (792) net80211: net80211 rom version: e7ae62f[0m
[0;32mI (793) wifi:wifi driver task: 3fcc9ac8, prio:23, stack:6656, core=0[0m
[0;32mI (801) wifi:wifi firmware version: 00ad238[0m
[0;32mI (801) wifi:wifi certification version: v7.0[0m
[0;32mI (802) wifi:config NVS flash: enabled[0m
[0;32mI (805) wifi:config nano formatting: disabled[0m
[0;32mI (810) wifi:Init data frame dynamic rx buffer num: 32[0m
[0;32mI (815) wifi:Init static rx mgmt buffer num: 5[0m
[0;32mI (819) wifi:Init management short buffer num: 32[0m
[0;32mI (823) wifi:Init dynamic tx buffer num: 32[0m
[0;32mI (827) wifi:Init static tx FG buffer num: 2[0m
[0;32mI (831) wifi:Init static rx buffer size: 1600[0m
[0;32mI (835) wifi:Init static rx buffer num: 10[0m
[0;32mI (839) wifi:Init dynamic rx buffer num: 32[0m
[0;32mI (843) wifi_init: rx ba win: 6[0m
[0;32mI (846) wifi_init: accept mbox: 6[0m
[0;32mI (849) wifi_init: tcpip mbox: 32[0m
[0;32mI (852) wifi_init: udp mbox: 6[0m
[0;32mI (854) wifi_init: tcp mbox: 6[0m
[0;32mI (857) wifi_init: tcp tx win: 5760[0m
[0;32mI (860) wifi_init: tcp rx win: 5760[0m
[0;32mI (864) wifi_init: tcp mss: 1440[0m
[0;32mI (867) wifi_init: WiFi IRAM OP enabled[0m
[0;32mI (870) wifi_init: WiFi RX IRAM OP enabled[0m
[0;33mW (874) wifi:Password length matches WPA2 standards, authmode threshold changes from OPEN to WPA2[0m
[0;32mI (883) phy_init: phy_version 712,87e8c20e,Apr 13 2026,18:51:10[0m
[0;32mI (924) wifi:mode : sta (98:a3:16:f7:04:b4)[0m
[0;32mI (924) wifi:enable tsf[0m
[0;32mI (927) wifi: Connecting to '<redacted-ssid>'...[0m
[0;32mI (928) mav: UART1 ready: TX=GPIO5 RX=GPIO4 @ 921600 baud[0m
[0;32mI (928) mav: Requested PX4 position + attitude at 20 Hz[0m
[0;32mI (934) tof: I2C master bus created[0m
[0;32mI (936) tof: TCA9548A registered[0m
[0;32mI (941) wifi: Telemetry → 192.0.2.1:5005 | Commands ← port 5006[0m
[0;33mW (946) mission: NANOLITE BENCH MODE: navigation and mission tasks are disabled[0m
[0;32mI (953) mission: All tasks spawned[0m
[0;32mI (947) s3 ll_cam: DMA Channel=0[0m
[0;32mI (947) nanolite: read-only PX4 pose bridge ready: 20Hz max_age=250ms key=25cm/15deg[0m
[0;32mI (966) nanolite: NANOTOF enabled: interval=1000ms tuple=distance_mm,column,timestamp_us,age_ms yaw_deg=s0:45,s1:0,s2:315,s3:270,s4:225,s5:180,s6:135,s7:90[0m
[0;32mI (959) cam_hal: cam init ok[0m
[0;32mI (983) sccb-ng: pin_sda 40 pin_scl 39[0m
[0;32mI (956) main_task: Returned from app_main()[0m
[0;32mI (986) sccb-ng: sccb_i2c_port=1[0m
[1;31mE (1005) camera: Detected camera not supported.[0m
[1;31mE (1006) camera: Camera probe failed with error 0x106(ESP_ERR_NOT_SUPPORTED)[0m
[1;31mE (1006) apriltag_detect: Camera Init Failed[0m
Guru Meditation Error: Core  1 panic'ed (IllegalInstruction). Exception was unhandled.
Memory dump at 0x42012ef4: e0b4bb81 f01d0008 65201110
--- 0x42012ef4: init_camera at /home/user/urex/firmware/nus_flight_app/main/at_detect.c:155(inlined by) at_detect_task at /home/user/urex/firmware/nus_flight_app/main/at_detect.c:277
Core  1 register dump:
PC      : 0x42012efa  PS      : 0x00060830  A0      : 0x00000000  A1      : 0x3fcdd100  
--- 0x42012efa: at_detect_task at /home/user/urex/firmware/nus_flight_app/main/at_detect.c:442
A2      : 0x00000000  A3      : 0x00000000  A4      : 0x00000000  A5      : 0x00000000  
A6      : 0x00000000  A7      : 0x00000000  A8      : 0x82012efa  A9      : 0x3fcdd0a0  
A10     : 0x00000001  A11     : 0x3c0c7030  A12     : 0x3c0c7040  A13     : 0x000003ee  
A14     : 0x3c0c7030  A15     : 0x000003ee  SAR     : 0x00000004  EXCCAUSE: 0x00000000  
EXCVADDR: 0x00000000  LBEG    : 0x400556d5  LEND    : 0x400556e5  LCOUNT  : 0xfffffffb  
--- 0x400556d5: strlen in ROM
--- 0x400556e5: strlen in ROM


Backtrace: 0x42012ef7:0x3fcdd100
--- 0x42012ef7: init_camera at /home/user/urex/firmware/nus_flight_app/main/at_detect.c:155(inlined by) at_detect_task at /home/user/urex/firmware/nus_flight_app/main/at_detect.c:277




ELF file SHA256: 11c2a2d03

Rebooting...
ESP-ROM:esp32s3-20210327
Build:Mar 27 2021
rst:0xc (RTC_SW_CPU_RST),boot:0xb (SPI_FAST_FLASH_BOOT)
Saved PC:0x40380406
--- 0x40380406: esp_cpu_wait_for_intr at /home/user/.espressif/v6.0.2/esp-idf/components/esp_hw_support/cpu.c:64
SPIWP:0xee
mode:DIO, clock div:1
load:0x3fce2820,len:0x14f0
load:0x403c8700,len:0xda0
--- 0x403c8700: _stext at ??:?
load:0x403cb700,len:0x2f54
entry 0x403c8908
--- 0x403c8908: call_start_cpu0 at /home/user/.espressif/v6.0.2/esp-idf/components/bootloader/subproject/main/bootloader_start.c:27
[0;32mI (24) boot: ESP-IDF v6.0.2 2nd stage bootloader[0m
[0;32mI (24) boot: compile time Sep  6 2026 22:47:32[0m
[0;32mI (24) boot: Multicore bootloader[0m
[0;32mI (25) boot: chip revision: v0.2[0m
[0;32mI (27) boot: efuse block revision: v1.3[0m
[0;32mI (31) boot.esp32s3: Boot SPI Speed : 80MHz[0m
[0;32mI (34) boot.esp32s3: SPI Mode       : DIO[0m
[0;32mI (38) boot.esp32s3: SPI Flash Size : 8MB[0m
[0;32mI (42) boot: Enabling RNG early entropy source...[0m
[0;32mI (46) boot: Partition Table:[0m
[0;32mI (49) boot: ## Label            Usage          Type ST Offset   Length[0m
[0;32mI (55) boot:  0 nvs              WiFi data        01 02 00009000 00006000[0m
[0;32mI (62) boot:  1 phy_init         RF data          01 01 0000f000 00001000[0m
[0;32mI (68) boot:  2 factory          factory app      00 00 00010000 00177000[0m
[0;32mI (75) boot: End of partition table[0m
[0;32mI (78) esp_image: segment 0: paddr=00010020 vaddr=3c0c0020 size=38764h (231268) map[0m
[0;32mI (128) esp_image: segment 1: paddr=0004878c vaddr=3fca0e00 size=0788ch ( 30860) load[0m
[0;32mI (135) esp_image: segment 2: paddr=00050020 vaddr=42000020 size=bd0c0h (774336) map[0m
[0;32mI (277) esp_image: segment 3: paddr=0010d0e8 vaddr=3fca868c size=0032ch (   812) load[0m
[0;32mI (278) esp_image: segment 4: paddr=0010d41c vaddr=40378000 size=18d60h (101728) load[0m
[0;32mI (305) esp_image: segment 5: paddr=00126184 vaddr=50000000 size=00024h (    36) load[0m
[0;32mI (316) boot: Loaded app from partition at offset 0x10000[0m
[0;32mI (316) boot: Disabling RNG early entropy source...[0m
[0;32mI (327) octal_psram: vendor id    : 0x0d (AP)[0m
[0;32mI (327) octal_psram: dev id       : 0x02 (generation 3)[0m
[0;32mI (327) octal_psram: density      : 0x03 (64 Mbit)[0m
[0;32mI (329) octal_psram: good-die     : 0x01 (Pass)[0m
[0;32mI (333) octal_psram: Latency      : 0x01 (Fixed)[0m
[0;32mI (337) octal_psram: VCC          : 0x01 (3V)[0m
[0;32mI (342) octal_psram: SRF          : 0x01 (Fast Refresh)[0m
[0;32mI (346) octal_psram: BurstType    : 0x01 (Hybrid Wrap)[0m
[0;32mI (351) octal_psram: BurstLen     : 0x01 (32 Byte)[0m
[0;32mI (356) octal_psram: Readlatency  : 0x02 (10 cycles@Fixed)[0m
[0;32mI (361) octal_psram: DriveStrength: 0x00 (1/1)[0m
[0;32mI (365) MSPI Timing: Enter psram timing tuning[0m
[0;32mI (370) esp_psram: Found 8MB PSRAM device[0m
[0;32mI (373) esp_psram: Speed: 80MHz[0m
[0;32mI (376) cpu_start: Multicore app[0m
[0;32mI (664) esp_psram: SPI SRAM memory test OK[0m
[0;32mI (673) cpu_start: GPIO 44 and 43 are used as console UART I/O pins[0m
[0;32mI (673) cpu_start: Pro cpu start user code[0m
[0;32mI (673) cpu_start: cpu freq: 240000000 Hz[0m
[0;32mI (675) app_init: Application information:[0m
[0;32mI (679) app_init: Project name:     esp-everything[0m
[0;32mI (683) app_init: App version:      99cde05-dirty[0m
[0;32mI (688) app_init: Compile time:     Sep 10 2026 22:00:00[0m
[0;32mI (693) app_init: ELF file SHA256:  11c2a2d03...[0m
[0;32mI (697) app_init: ESP-IDF:          v6.0.2[0m
[0;32mI (701) efuse_init: Min chip rev:     v0.0[0m
[0;32mI (705) efuse_init: Max chip rev:     v0.99 [0m
[0;32mI (709) efuse_init: Chip rev:         v0.2[0m
[0;32mI (712) heap_init: Initializing. RAM available for dynamic allocation:[0m
[0;32mI (719) heap_init: At 3FCB9E40 len 0002F8D0 (190 KiB): RAM[0m
[0;32mI (724) heap_init: At 3FCE9710 len 00005724 (21 KiB): RAM[0m
[0;32mI (729) heap_init: At 600FE000 len 00001FE8 (7 KiB): RTCRAM[0m
[0;32mI (734) esp_psram: Adding pool of 8192K of PSRAM memory to heap allocator[0m
[0;32mI (742) spi_flash: detected chip: gd[0m
[0;32mI (744) spi_flash: flash io: dio[0m
[0;32mI (747) sleep_gpio: Configure to isolate all GPIO pins in sleep state[0m
[0;32mI (753) sleep_gpio: Enable automatic switching of GPIO sleep configuration[0m
[0;32mI (760) main_task: Started on CPU0[0m
[0;32mI (763) esp_psram: Reserving pool of 32K of internal memory for DMA/internal allocations[0m
[0;32mI (771) main_task: Calling app_main()[0m
[0;32mI (774) mission: ESP starting[0m
[0;32mI (791) pp: pp rom version: e7ae62f[0m
[0;32mI (792) net80211: net80211 rom version: e7ae62f[0m
[0;32mI (793) wifi:wifi driver task: 3fcc9ac8, prio:23, stack:6656, core=0[0m
[0;32mI (801) wifi:wifi firmware version: 00ad238[0m
[0;32mI (801) wifi:wifi certification version: v7.0[0m
[0;32mI (802) wifi:config NVS flash: enabled[0m
[0;32mI (805) wifi:config nano formatting: disabled[0m
[0;32mI (810) wifi:Init data frame dynamic rx buffer num: 32[0m
[0;32mI (815) wifi:Init static rx mgmt buffer num: 5[0m
[0;32mI (819) wifi:Init management short buffer num: 32[0m
[0;32mI (823) wifi:Init dynamic tx buffer num: 32[0m
[0;32mI (827) wifi:Init static tx FG buffer num: 2[0m
[0;32mI (831) wifi:Init static rx buffer size: 1600[0m
[0;32mI (835) wifi:Init static rx buffer num: 10[0m
[0;32mI (839) wifi:Init dynamic rx buffer num: 32[0m
[0;32mI (843) wifi_init: rx ba win: 6[0m
[0;32mI (846) wifi_init: accept mbox: 6[0m
[0;32mI (849) wifi_init: tcpip mbox: 32[0m
[0;32mI (852) wifi_init: udp mbox: 6[0m
[0;32mI (854) wifi_init: tcp mbox: 6[0m
[0;32mI (857) wifi_init: tcp tx win: 5760[0m
[0;32mI (860) wifi_init: tcp rx win: 5760[0m
[0;32mI (864) wifi_init: tcp mss: 1440[0m
[0;32mI (867) wifi_init: WiFi IRAM OP enabled[0m
[0;32mI (870) wifi_init: WiFi RX IRAM OP enabled[0m
[0;33mW (874) wifi:Password length matches WPA2 standards, authmode threshold changes from OPEN to WPA2[0m
[0;32mI (883) phy_init: phy_version 712,87e8c20e,Apr 13 2026,18:51:10[0m
[0;32mI (921) wifi:mode : sta (98:a3:16:f7:04:b4)[0m
[0;32mI (922) wifi:enable tsf[0m
[0;32mI (924) wifi: Connecting to '<redacted-ssid>'...[0m
[0;32mI (925) mav: UART1 ready: TX=GPIO5 RX=GPIO4 @ 921600 baud[0m
[0;32mI (926) mav: Requested PX4 position + attitude at 20 Hz[0m
[0;32mI (931) tof: I2C master bus created[0m
[0;32mI (934) tof: TCA9548A registered[0m
[0;32mI (939) wifi: Telemetry → 192.0.2.1:5005 | Commands ← port 5006[0m
[0;33mW (944) mission: NANOLITE BENCH MODE: navigation and mission tasks are disabled[0m
[0;32mI (944) s3 ll_cam: DMA Channel=0[0m
[0;32mI (945) nanolite: read-only PX4 pose bridge ready: 20Hz max_age=250ms key=25cm/15deg[0m
[0;32mI (961) nanolite: NANOTOF enabled: interval=1000ms tuple=distance_mm,column,timestamp_us,age_ms yaw_deg=s0:45,s1:0,s2:315,s3:270,s4:225,s5:180,s6:135,s7:90[0m
[0;32mI (953) cam_hal: cam init ok[0m
[0;32mI (950) mission: All tasks spawned[0m
[0;32mI (977) sccb-ng: pin_sda 40 pin_scl 39[0m
[0;32mI (980) main_task: Returned from app_main()[0m
[0;32mI (984) sccb-ng: sccb_i2c_port=1[0m
[1;31mE (1003) camera: Detected camera not supported.[0m
[1;31mE (1004) camera: Camera probe failed with error 0x106(ESP_ERR_NOT_SUPPORTED)[0m
[1;31mE (1004) apriltag_detect: Camera Init Failed[0m
Guru Meditation Error: Core  1 panic'ed (IllegalInstruction). Exception was unhandled.
Memory dump at 0x42012ef4: e0b4bb81 f01d0008 65201110
--- 0x42012ef4: init_camera at /home/user/urex/firmware/nus_flight_app/main/at_detect.c:155(inlined by) at_detect_task at /home/user/urex/firmware/nus_flight_app/main/at_detect.c:277
Core  1 register dump:
PC      : 0x42012efa  PS      : 0x00060830  A0      : 0x00000000  A1      : 0x3fcdd100  
--- 0x42012efa: at_detect_task at /home/user/urex/firmware/nus_flight_app/main/at_detect.c:442
A2      : 0x00000000  A3      : 0x00000000  A4      : 0x00000000  A5      : 0x00000000  
A6      : 0x00000000  A7      : 0x00000000  A8      : 0x82012efa  A9      : 0x3fcdd0a0  
A10     : 0x00000001  A11     : 0x3c0c7030  A12     : 0x3c0c7040  A13     : 0x000003ec  
A14     : 0x3c0c7030  A15     : 0x000003ec  SAR     : 0x00000004  EXCCAUSE: 0x00000000  
EXCVADDR: 0x00000000  LBEG    : 0x400556d5  LEND    : 0x400556e5  LCOUNT  : 0xfffffffb  
--- 0x400556d5: strlen in ROM
--- 0x400556e5: strlen in ROM


Backtrace: 0x42012ef7:0x3fcdd100
--- 0x42012ef7: init_camera at /home/user/urex/firmware/nus_flight_app/main/at_detect.c:155(inlined by) at_detect_task at /home/user/urex/firmware/nus_flight_app/main/at_detect.c:277




ELF file SHA256: 11c2a2d03

Rebooting...
ESP-ROM:esp32s3-20210327
Build:Mar 27 2021
rst:0xc (RTC_SW_CPU_RST),boot:0xb (SPI_FAST_FLASH_BOOT)
Saved PC:0x40380406
--- 0x40380406: esp_cpu_wait_for_intr at /home/user/.espressif/v6.0.2/esp-idf/components/esp_hw_support/cpu.c:64
SPIWP:0xee
mode:DIO, clock div:1
load:0x3fce2820,len:0x14f0
load:0x403c8700,len:0xda0
--- 0x403c8700: _stext at ??:?
load:0x403cb700,len:0x2f54
entry 0x403c8908
--- 0x403c8908: call_start_cpu0 at /home/user/.espressif/v6.0.2/esp-idf/components/bootloader/subproject/main/bootloader_start.c:27
[0;32mI (24) boot: ESP-IDF v6.0.2 2nd stage bootloader[0m
[0;32mI (24) boot: compile time Sep  6 2026 22:47:32[0m
[0;32mI (24) boot: Multicore bootloader[0m
[0;32mI (25) boot: chip revision: v0.2[0m
[0;32mI (27) boot: efuse block revision: v1.3[0m
[0;32mI (31) boot.esp32s3: Boot SPI Speed : 80MHz[0m
[0;32mI (34) boot.esp32s3: SPI Mode       : DIO[0m
[0;32mI (38) boot.esp32s3: SPI Flash Size : 8MB[0m
[0;32mI (42) boot: Enabling RNG early entropy source...[0m
[0;32mI (46) boot: Partition Table:[0m
[0;32mI (49) boot: ## Label            Usage          Type ST Offset   Length[0m
[0;32mI (55) boot:  0 nvs              WiFi data        01 02 00009000 00006000[0m
[0;32mI (62) boot:  1 phy_init         RF data          01 01 0000f000 00001000[0m
[0;32mI (68) boot:  2 factory          factory app      00 00 00010000 00177000[0m
[0;32mI (75) boot: End of partition table[0m
[0;32mI (78) esp_image: segment 0: paddr=00010020 vaddr=3c0c0020 size=38764h (231268) map[0m
[0;32mI (128) esp_image: segment 1: paddr=0004878c vaddr=3fca0e00 size=0788ch ( 30860) load[0m
[0;32mI (135) esp_image: segment 2: paddr=00050020 vaddr=42000020 size=bd0c0h (774336) map[0m
[0;32mI (277) esp_image: segment 3: paddr=0010d0e8 vaddr=3fca868c size=0032ch (   812) load[0m
[0;32mI (278) esp_image: segment 4: paddr=0010d41c vaddr=40378000 size=18d60h (101728) load[0m
[0;32mI (305) esp_image: segment 5: paddr=00126184 vaddr=50000000 size=00024h (    36) load[0m
[0;32mI (316) boot: Loaded app from partition at offset 0x10000[0m
[0;32mI (316) boot: Disabling RNG early entropy source...[0m
[0;32mI (326) octal_psram: vendor id    : 0x0d (AP)[0m
[0;32mI (327) octal_psram: dev id       : 0x02 (generation 3)[0m
[0;32mI (327) octal_psram: density      : 0x03 (64 Mbit)[0m
[0;32mI (329) octal_psram: good-die     : 0x01 (Pass)[0m
[0;32mI (333) octal_psram: Latency      : 0x01 (Fixed)[0m
[0;32mI (337) octal_psram: VCC          : 0x01 (3V)[0m
[0;32mI (341) octal_psram: SRF          : 0x01 (Fast Refresh)[0m
[0;32mI (346) octal_psram: BurstType    : 0x01 (Hybrid Wrap)[0m
[0;32mI (351) octal_psram: BurstLen     : 0x01 (32 Byte)[0m
[0;32mI (356) octal_psram: Readlatency  : 0x02 (10 cycles@Fixed)[0m
[0;32mI (361) octal_psram: DriveStrength: 0x00 (1/1)[0m
[0;32mI (365) MSPI Timing: Enter psram timing tuning[0m
[0;32mI (370) esp_psram: Found 8MB PSRAM device[0m
[0;32mI (373) esp_psram: Speed: 80MHz[0m
[0;32mI (376) cpu_start: Multicore app[0m
[0;32mI (664) esp_psram: SPI SRAM memory test OK[0m
[0;32mI (672) cpu_start: GPIO 44 and 43 are used as console UART I/O pins[0m
[0;32mI (673) cpu_start: Pro cpu start user code[0m
[0;32mI (673) cpu_start: cpu freq: 240000000 Hz[0m
[0;32mI (675) app_init: Application information:[0m
[0;32mI (679) app_init: Project name:     esp-everything[0m
[0;32mI (683) app_init: App version:      99cde05-dirty[0m
[0;32mI (687) app_init: Compile time:     Sep 10 2026 22:00:00[0m
[0;32mI (693) app_init: ELF file SHA256:  11c2a2d03...[0m
[0;32mI (697) app_init: ESP-IDF:          v6.0.2[0m
[0;32mI (701) efuse_init: Min chip rev:     v0.0[0m
[0;32mI (704) efuse_init: Max chip rev:     v0.99 [0m
[0;32mI (708) efuse_init: Chip rev:         v0.2[0m
[0;32mI (712) heap_init: Initializing. RAM available for dynamic allocation:[0m
[0;32mI (719) heap_init: At 3FCB9E40 len 0002F8D0 (190 KiB): RAM[0m
[0;32mI (724) heap_init: At 3FCE9710 len 00005724 (21 KiB): RAM[0m
[0;32mI (729) heap_init: At 600FE000 len 00001FE8 (7 KiB): RTCRAM[0m
[0;32mI (734) esp_psram: Adding pool of 8192K of PSRAM memory to heap allocator[0m
[0;32mI (741) spi_flash: detected chip: gd[0m
[0;32mI (744) spi_flash: flash io: dio[0m
[0;32mI (747) sleep_gpio: Configure to isolate all GPIO pins in sleep state[0m
[0;32mI (753) sleep_gpio: Enable automatic switching of GPIO sleep configuration[0m
[0;32mI (760) main_task: Started on CPU0[0m
[0;32mI (763) esp_psram: Reserving pool of 32K of internal memory for DMA/internal allocations[0m
[0;32mI (771) main_task: Calling app_main()[0m
[0;32mI (774) mission: ESP starting[0m
[0;32mI (791) pp: pp rom version: e7ae62f[0m
[0;32mI (792) net80211: net80211 rom version: e7ae62f[0m
[0;32mI (793) wifi:wifi driver task: 3fcc9ac8, prio:23, stack:6656, core=0[0m
[0;32mI (801) wifi:wifi firmware version: 00ad238[0m
[0;32mI (801) wifi:wifi certification version: v7.0[0m
[0;32mI (802) wifi:config NVS flash: enabled[0m
[0;32mI (805) wifi:config nano formatting: disabled[0m
[0;32mI (810) wifi:Init data frame dynamic rx buffer num: 32[0m
[0;32mI (815) wifi:Init static rx mgmt buffer num: 5[0m
[0;32mI (819) wifi:Init management short buffer num: 32[0m
[0;32mI (823) wifi:Init dynamic tx buffer num: 32[0m
[0;32mI (827) wifi:Init static tx FG buffer num: 2[0m
[0;32mI (831) wifi:Init static rx buffer size: 1600[0m
[0;32mI (835) wifi:Init static rx buffer num: 10[0m
[0;32mI (839) wifi:Init dynamic rx buffer num: 32[0m
[0;32mI (843) wifi_init: rx ba win: 6[0m
[0;32mI (846) wifi_init: accept mbox: 6[0m
[0;32mI (849) wifi_init: tcpip mbox: 32[0m
[0;32mI (852) wifi_init: udp mbox: 6[0m
[0;32mI (854) wifi_init: tcp mbox: 6[0m
[0;32mI (857) wifi_init: tcp tx win: 5760[0m
[0;32mI (860) wifi_init: tcp rx win: 5760[0m
[0;32mI (864) wifi_init: tcp mss: 1440[0m
[0;32mI (867) wifi_init: WiFi IRAM OP enabled[0m
[0;32mI (870) wifi_init: WiFi RX IRAM OP enabled[0m
[0;33mW (874) wifi:Password length matches WPA2 standards, authmode threshold changes from OPEN to WPA2[0m
[0;32mI (883) phy_init: phy_version 712,87e8c20e,Apr 13 2026,18:51:10[0m
[0;32mI (922) wifi:mode : sta (98:a3:16:f7:04:b4)[0m
[0;32mI (922) wifi:enable tsf[0m
[0;32mI (924) wifi: Connecting to '<redacted-ssid>'...[0m
[0;32mI (926) mav: UART1 ready: TX=GPIO5 RX=GPIO4 @ 921600 baud[0m
[0;32mI (926) mav: Requested PX4 position + attitude at 20 Hz[0m
[0;32mI (931) tof: I2C master bus created[0m
[0;32mI (934) tof: TCA9548A registered[0m
[0;32mI (939) wifi: Telemetry → 192.0.2.1:5005 | Commands ← port 5006[0m
[0;32mI (944) nanolite: read-only PX4 pose bridge ready: 20Hz max_age=250ms key=25cm/15deg[0m
[0;32mI (951) nanolite: NANOTOF enabled: interval=1000ms tuple=distance_mm,column,timestamp_us,age_ms yaw_deg=s0:45,s1:0,s2:315,s3:270,s4:225,s5:180,s6:135,s7:90[0m
[0;32mI (945) s3 ll_cam: DMA Channel=0[0m
[0;33mW (945) mission: NANOLITE BENCH MODE: navigation and mission tasks are disabled[0m
[0;32mI (968) cam_hal: cam init ok[0m
[0;32mI (975) mission: All tasks spawned[0m
[0;32mI (977) sccb-ng: pin_sda 40 pin_scl 39[0m
[0;32mI (980) main_task: Returned from app_main()[0m
[0;32mI (984) sccb-ng: sccb_i2c_port=1[0m
[1;31mE (1003) camera: Detected camera not supported.[0m
[1;31mE (1004) camera: Camera probe failed with error 0x106(ESP_ERR_NOT_SUPPORTED)[0m
[1;31mE (1004) apriltag_detect: Camera Init Failed[0m
Guru Meditation Error: Core  1 panic'ed (IllegalInstruction). Exception was unhandled.
Memory dump at 0x42012ef4: e0b4bb81 f01d0008 65201110
--- 0x42012ef4: init_camera at /home/user/urex/firmware/nus_flight_app/main/at_detect.c:155(inlined by) at_detect_task at /home/user/urex/firmware/nus_flight_app/main/at_detect.c:277
Core  1 register dump:
PC      : 0x42012efa  PS      : 0x00060830  A0      : 0x00000000  A1      : 0x3fcdd100  
--- 0x42012efa: at_detect_task at /home/user/urex/firmware/nus_flight_app/main/at_detect.c:442
A2      : 0x00000000  A3      : 0x00000000  A4      : 0x00000000  A5      : 0x00000000  
A6      : 0x00000000  A7      : 0x00000000  A8      : 0x82012efa  A9      : 0x3fcdd0a0  
A10     : 0x00000001  A11     : 0x3c0c7030  A12     : 0x3c0c7040  A13     : 0x000003ec  
A14     : 0x3c0c7030  A15     : 0x000003ec  SAR     : 0x00000004  EXCCAUSE: 0x00000000  
EXCVADDR: 0x00000000  LBEG    : 0x400556d5  LEND    : 0x400556e5  LCOUNT  : 0xfffffffb  
--- 0x400556d5: strlen in ROM
--- 0x400556e5: strlen in ROM


Backtrace: 0x42012ef7:0x3fcdd100
--- 0x42012ef7: init_camera at /home/user/urex/firmware/nus_flight_app/main/at_detect.c:155(inlined by) at_detect_task at /home/user/urex/firmware/nus_flight_app/main/at_detect.c:277




ELF file SHA256: 11c2a2d03

Rebooting...
ESP-ROM:esp32s3-20210327
Build:Mar 27 2021
rst:0xc (RTC_SW_CPU_RST),boot:0xb (SPI_FAST_FLASH_BOOT)
Saved PC:0x40380406
--- 0x40380406: esp_cpu_wait_for_intr at /home/user/.espressif/v6.0.2/esp-idf/components/esp_hw_support/cpu.c:64
SPIWP:0xee
mode:DIO, clock div:1
load:0x3fce2820,len:0x14f0
load:0x403c8700,len:0xda0
--- 0x403c8700: _stext at ??:?
load:0x403cb700,len:0x2f54
entry 0x403c8908
--- 0x403c8908: call_start_cpu0 at /home/user/.espressif/v6.0.2/esp-idf/components/bootloader/subproject/main/bootloader_start.c:27
[0;32mI (24) boot: ESP-IDF v6.0.2 2nd stage bootloader[0m
[0;32mI (24) boot: compile time Sep  6 2026 22:47:32[0m
[0;32mI (24) boot: Multicore bootloader[0m
[0;32mI (25) boot: chip revision: v0.2[0m
[0;32mI (27) boot: efuse block revision: v1.3[0m
[0;32mI (31) boot.esp32s3: Boot SPI Speed : 80MHz[0m
[0;32mI (34) boot.esp32s3: SPI Mode       : DIO[0m
[0;32mI (38) boot.esp32s3: SPI Flash Size : 8MB[0m
[0;32mI (42) boot: Enabling RNG early entropy source...[0m
[0;32mI (46) boot: Partition Table:[0m
[0;32mI (49) boot: ## Label            Usage          Type ST Offset   Length[0m
[0;32mI (55) boot:  0 nvs              WiFi data        01 02 00009000 00006000[0m
[0;32mI (62) boot:  1 phy_init         RF data          01 01 0000f000 00001000[0m
[0;32mI (68) boot:  2 factory          factory app      00 00 00010000 00177000[0m
[0;32mI (75) boot: End of partition table[0m
[0;32mI (78) esp_image: segment 0: paddr=00010020 vaddr=3c0c0020 size=38764h (231268) map[0m
[0;32mI (128) esp_image: segment 1: paddr=0004878c vaddr=3fca0e00 size=0788ch ( 30860) load[0m
[0;32mI (135) esp_image: segment 2: paddr=00050020 vaddr=42000020 size=bd0c0h (774336) map[0m
[0;32mI (277) esp_image: segment 3: paddr=0010d0e8 vaddr=3fca868c size=0032ch (   812) load[0m
[0;32mI (278) esp_image: segment 4: paddr=0010d41c vaddr=40378000 size=18d60h (101728) load[0m
[0;32mI (305) esp_image: segment 5: paddr=00126184 vaddr=50000000 size=00024h (    36) load[0m
[0;32mI (316) boot: Loaded app from partition at offset 0x10000[0m
[0;32mI (316) boot: Disabling RNG early entropy source...[0m
[0;32mI (326) octal_psram: vendor id    : 0x0d (AP)[0m
[0;32mI (327) octal_psram: dev id       : 0x02 (generation 3)[0m
[0;32mI (327) octal_psram: density      : 0x03 (64 Mbit)[0m
[0;32mI (329) octal_psram: good-die     : 0x01 (Pass)[0m
[0;32mI (333) octal_psram: Latency      : 0x01 (Fixed)[0m
[0;32mI (337) octal_psram: VCC          : 0x01 (3V)[0m
[0;32mI (341) octal_psram: SRF          : 0x01 (Fast Refresh)[0m
[0;32mI (346) octal_psram: BurstType    : 0x01 (Hybrid Wrap)[0m
[0;32mI (351) octal_psram: BurstLen     : 0x01 (32 Byte)[0m
[0;32mI (356) octal_psram: Readlatency  : 0x02 (10 cycles@Fixed)[0m
[0;32mI (361) octal_psram: DriveStrength: 0x00 (1/1)[0m
[0;32mI (365) MSPI Timing: Enter psram timing tuning[0m
[0;32mI (370) esp_psram: Found 8MB PSRAM device[0m
[0;32mI (373) esp_psram: Speed: 80MHz[0m
[0;32mI (376) cpu_start: Multicore app[0m
[0;32mI (664) esp_psram: SPI SRAM memory test OK[0m
[0;32mI (672) cpu_start: GPIO 44 and 43 are used as console UART I/O pins[0m
[0;32mI (673) cpu_start: Pro cpu start user code[0m
[0;32mI (673) cpu_start: cpu freq: 240000000 Hz[0m
[0;32mI (675) app_init: Application information:[0m
[0;32mI (679) app_init: Project name:     esp-everything[0m
[0;32mI (683) app_init: App version:      99cde05-dirty[0m
[0;32mI (687) app_init: Compile time:     Sep 10 2026 22:00:00[0m
[0;32mI (693) app_init: ELF file SHA256:  11c2a2d03...[0m
[0;32mI (697) app_init: ESP-IDF:          v6.0.2[0m
[0;32mI (701) efuse_init: Min chip rev:     v0.0[0m
[0;32mI (704) efuse_init: Max chip rev:     v0.99 [0m
[0;32mI (708) efuse_init: Chip rev:         v0.2[0m
[0;32mI (712) heap_init: Initializing. RAM available for dynamic allocation:[0m
[0;32mI (719) heap_init: At 3FCB9E40 len 0002F8D0 (190 KiB): RAM[0m
[0;32mI (724) heap_init: At 3FCE9710 len 00005724 (21 KiB): RAM[0m
[0;32mI (729) heap_init: At 600FE000 len 00001FE8 (7 KiB): RTCRAM[0m
[0;32mI (734) esp_psram: Adding pool of 8192K of PSRAM memory to heap allocator[0m
[0;32mI (741) spi_flash: detected chip: gd[0m
[0;32mI (744) spi_flash: flash io: dio[0m
[0;32mI (747) sleep_gpio: Configure to isolate all GPIO pins in sleep state[0m
[0;32mI (753) sleep_gpio: Enable automatic switching of GPIO sleep configuration[0m
[0;32mI (760) main_task: Started on CPU0[0m
[0;32mI (763) esp_psram: Reserving pool of 32K of internal memory for DMA/internal allocations[0m
[0;32mI (771) main_task: Calling app_main()[0m
[0;32mI (774) mission: ESP starting[0m
[0;32mI (791) pp: pp rom version: e7ae62f[0m
[0;32mI (792) net80211: net80211 rom version: e7ae62f[0m
[0;32mI (793) wifi:wifi driver task: 3fcc9ac8, prio:23, stack:6656, core=0[0m
[0;32mI (801) wifi:wifi firmware version: 00ad238[0m
[0;32mI (801) wifi:wifi certification version: v7.0[0m
[0;32mI (802) wifi:config NVS flash: enabled[0m
[0;32mI (810) wifi:Init data frame dynamic rx buffer num: 32[0m
[0;32mI (815) wifi:Init static rx mgmt buffer num: 5[0m
[0;32mI (819) wifi:Init management short buffer num: 32[0m
[0;32mI (823) wifi:Init dynamic tx buffer num: 32[0m
[0;32mI (827) wifi:Init static tx FG buffer num: 2[0m
[0;32mI (831) wifi:Init static rx buffer size: 1600[0m
[0;32mI (835) wifi:Init static rx buffer num: 10[0m
[0;32mI (839) wifi:Init dynamic rx buffer num: 32[0m
[0;32mI (843) wifi_init: rx ba win: 6[0m
[0;32mI (846) wifi_init: accept mbox: 6[0m
[0;32mI (849) wifi_init: tcpip mbox: 32[0m
[0;32mI (852) wifi_init: udp mbox: 6[0m
[0;32mI (854) wifi_init: tcp mbox: 6[0m
[0;32mI (857) wifi_init: tcp tx win: 5760[0m
[0;32mI (860) wifi_init: tcp rx win: 5760[0m
[0;32mI (864) wifi_init: tcp mss: 1440[0m
[0;32mI (867) wifi_init: WiFi IRAM OP enabled[0m
[0;32mI (870) wifi_init: WiFi RX IRAM OP enabled[0m
[0;33mW (874) wifi:Password length matches WPA2 standards, authmode threshold changes from OPEN to WPA2[0m
[0;32mI (883) phy_init: phy_version 712,87e8c20e,Apr 13 2026,18:51:10[0m
[0;32mI (922) wifi:mode : sta (98:a3:16:f7:04:b4)[0m
[0;32mI (923) wifi:enable tsf[0m
[0;32mI (925) wifi: Connecting to '<redacted-ssid>'...[0m
[0;32mI (926) mav: UART1 ready: TX=GPIO5 RX=GPIO4 @ 921600 baud[0m
[0;32mI (927) mav: Requested PX4 position + attitude at 20 Hz[0m
[0;32mI (932) tof: I2C master bus created[0m
[0;32mI (935) tof: TCA9548A registered[0m
[0;32mI (939) wifi: Telemetry → 192.0.2.1:5005 | Commands ← port 5006[0m
[0;32mI (945) nanolite: read-only PX4 pose bridge ready: 20Hz max_age=250ms key=25cm/15deg[0m
[0;33mW (946) mission: NANOLITE BENCH MODE: navigation and mission tasks are disabled[0m
[0;32mI (946) s3 ll_cam: DMA Channel=0[0m
[0;32mI (952) nanolite: NANOTOF enabled: interval=1000ms tuple=distance_mm,column,timestamp_us,age_ms yaw_deg=s0:45,s1:0,s2:315,s3:270,s4:225,s5:180,s6:135,s7:90[0m
[0;32mI (959) mission: All tasks spawned[0m
[0;32mI (961) cam_hal: cam init ok[0m
[0;32mI (978) main_task: Returned from app_main()[0m
[0;32mI (981) sccb-ng: pin_sda 40 pin_scl 39[0m
[0;32mI (988) sccb-ng: sccb_i2c_port=1[0m
[1;31mE (1004) camera: Detected camera not supported.[0m
[1;31mE (1005) camera: Camera probe failed with error 0x106(ESP_ERR_NOT_SUPPORTED)[0m
[1;31mE (1005) apriltag_detect: Camera Init Failed[0m
Guru Meditation Error: Core  1 panic'ed (IllegalInstruction). Exception was unhandled.
Memory dump at 0x42012ef4: e0b4bb81 f01d0008 65201110
--- 0x42012ef4: init_camera at /home/user/urex/firmware/nus_flight_app/main/at_detect.c:155(inlined by) at_detect_task at /home/user/urex/firmware/nus_flight_app/main/at_detect.c:277
Core  1 register dump:
PC      : 0x42012efa  PS      : 0x00060830  A0      : 0x00000000  A1      : 0x3fcdd100  
--- 0x42012efa: at_detect_task at /home/user/urex/firmware/nus_flight_app/main/at_detect.c:442
A2      : 0x00000000  A3      : 0x00000000  A4      : 0x00000000  A5      : 0x00000000  
A6      : 0x00000000  A7      : 0x00000000  A8      : 0x82012efa  A9      : 0x3fcdd0a0  
A10     : 0x00000001  A11     : 0x3c0c7030  A12     : 0x3c0c7040  A13     : 0x000003ed  
A14     : 0x3c0c7030  A15     : 0x000003ed  SAR     : 0x00000004  EXCCAUSE: 0x00000000  
EXCVADDR: 0x00000000  LBEG    : 0x400556d5  LEND    : 0x400556e5  LCOUNT  : 0xfffffffb  
--- 0x400556d5: strlen in ROM
--- 0x400556e5: strlen in ROM


Backtrace: 0x42012ef7:0x3fcdd100
--- 0x42012ef7: init_camera at /home/user/urex/firmware/nus_flight_app/main/at_detect.c:155(inlined by) at_detect_task at /home/user/urex/firmware/nus_flight_app/main/at_detect.c:277




ELF file SHA256: 11c2a2d03

Rebooting...
ESP-ROM:esp32s3-20210327
Build:Mar 27 2021
rst:0xc (RTC_SW_CPU_RST),boot:0xb (SPI_FAST_FLASH_BOOT)
Saved PC:0x40380406
--- 0x40380406: esp_cpu_wait_for_intr at /home/user/.espressif/v6.0.2/esp-idf/components/esp_hw_support/cpu.c:64
SPIWP:0xee
mode:DIO, clock div:1
load:0x3fce2820,len:0x14f0
load:0x403c8700,len:0xda0
--- 0x403c8700: _stext at ??:?
load:0x403cb700,len:0x2f54
entry 0x403c8908
--- 0x403c8908: call_start_cpu0 at /home/user/.espressif/v6.0.2/esp-idf/components/bootloader/subproject/main/bootloader_start.c:27
[0;32mI (24) boot: ESP-IDF v6.0.2 2nd stage bootloader[0m
[0;32mI (24) boot: compile time Sep  6 2026 22:47:32[0m
[0;32mI (24) boot: Multicore bootloader[0m
[0;32mI (25) boot: chip revision: v0.2[0m
[0;32mI (27) boot: efuse block revision: v1.3[0m
[0;32mI (31) boot.esp32s3: Boot SPI Speed : 80MHz[0m
[0;32mI (34) boot.esp32s3: SPI Mode       : DIO[0m
I (38) boot.esp32s3: SPI Flash Size : 8MB
[0;32mI (42) boot: Enabling RNG early entropy source...[0m
[0;32mI (46) boot: Partition Table:[0m
[0;32mI (49) boot: ## Label            Usage          Type ST Offset   Length[0m
[0;32mI (55) boot:  0 nvs              WiFi data        01 02 00009000 00006000[0m
[0;32mI (62) boot:  1 phy_init         RF data          01 01 0000f000 00001000[0m
[0;32mI (68) boot:  2 factory          factory app      00 00 00010000 00177000[0m
[0;32mI (75) boot: End of partition table[0m
[0;32mI (78) esp_image: segment 0: paddr=00010020 vaddr=3c0c0020 size=38764h (231268) map[0m
[0;32mI (128) esp_image: segment 1: paddr=0004878c vaddr=3fca0e00 size=0788ch ( 30860) load[0m
[0;32mI (135) esp_image: segment 2: paddr=00050020 vaddr=42000020 size=bd0c0h (774336) map[0m
[0;32mI (277) esp_image: segment 3: paddr=0010d0e8 vaddr=3fca868c size=0032ch (   812) load[0m
[0;32mI (278) esp_image: segment 4: paddr=0010d41c vaddr=40378000 size=18d60h (101728) load[0m
[0;32mI (305) esp_image: segment 5: paddr=00126184 vaddr=50000000 size=00024h (    36) load[0m
[0;32mI (316) boot: Loaded app from partition at offset 0x10000[0m
[0;32mI (316) boot: Disabling RNG early entropy source...[0m
[0;32mI (326) octal_psram: vendor id    : 0x0d (AP)[0m
[0;32mI (327) octal_psram: dev id       : 0x02 (generation 3)[0m
[0;32mI (327) octal_psram: density      : 0x03 (64 Mbit)[0m
[0;32mI (329) octal_psram: good-die     : 0x01 (Pass)[0m
[0;32mI (333) octal_psram: Latency      : 0x01 (Fixed)[0m
[0;32mI (337) octal_psram: VCC          : 0x01 (3V)[0m
[0;32mI (341) octal_psram: SRF          : 0x01 (Fast Refresh)[0m
[0;32mI (346) octal_psram: BurstType    : 0x01 (Hybrid Wrap)[0m
[0;32mI (351) octal_psram: BurstLen     : 0x01 (32 Byte)[0m
[0;32mI (356) octal_psram: Readlatency  : 0x02 (10 cycles@Fixed)[0m
[0;32mI (361) octal_psram: DriveStrength: 0x00 (1/1)[0m
[0;32mI (365) MSPI Timing: Enter psram timing tuning[0m
[0;32mI (370) esp_psram: Found 8MB PSRAM device[0m
[0;32mI (373) esp_psram: Speed: 80MHz[0m
[0;32mI (376) cpu_start: Multicore app[0m
[0;32mI (664) esp_psram: SPI SRAM memory test OK[0m
[0;32mI (672) cpu_start: GPIO 44 and 43 are used as console UART I/O pins[0m
[0;32mI (673) cpu_start: Pro cpu start user code[0m
[0;32mI (673) cpu_start: cpu freq: 240000000 Hz[0m
[0;32mI (675) app_init: Application information:[0m
[0;32mI (679) app_init: Project name:     esp-everything[0m
[0;32mI (683) app_init: App version:      99cde05-dirty[0m
[0;32mI (687) app_init: Compile time:     Sep 10 2026 22:00:00[0m
[0;32mI (693) app_init: ELF file SHA256:  11c2a2d03...[0m
[0;32mI (697) app_init: ESP-IDF:          v6.0.2[0m
[0;32mI (701) efuse_init: Min chip rev:     v0.0[0m
[0;32mI (704) efuse_init: Max chip rev:     v0.99 [0m
[0;32mI (708) efuse_init: Chip rev:         v0.2[0m
[0;32mI (712) heap_init: Initializing. RAM available for dynamic allocation:[0m
[0;32mI (719) heap_init: At 3FCB9E40 len 0002F8D0 (190 KiB): RAM[0m
[0;32mI (724) heap_init: At 3FCE9710 len 00005724 (21 KiB): RAM[0m
[0;32mI (729) heap_init: At 600FE000 len 00001FE8 (7 KiB): RTCRAM[0m
[0;32mI (734) esp_psram: Adding pool of 8192K of PSRAM memory to heap allocator[0m
[0;32mI (741) spi_flash: detected chip: gd[0m
[0;32mI (744) spi_flash: flash io: dio[0m
[0;32mI (747) sleep_gpio: Configure to isolate all GPIO pins in sleep state[0m
[0;32mI (753) sleep_gpio: Enable automatic switching of GPIO sleep configuration[0m
[0;32mI (760) main_task: Started on CPU0[0m
[0;32mI (763) esp_psram: Reserving pool of 32K of internal memory for DMA/internal allocations[0m
[0;32mI (771) main_task: Calling app_main()[0m
[0;32mI (774) mission: ESP starting[0m
[0;32mI (791) pp: pp rom version: e7ae62f[0m
[0;32mI (792) net80211: net80211 rom version: e7ae62f[0m
[0;32mI (793) wifi:wifi driver task: 3fcc9ac8, prio:23, stack:6656, core=0[0m
[0;32mI (801) wifi:wifi firmware version: 00ad238[0m
[0;32mI (801) wifi:wifi certification version: v7.0[0m
[0;32mI (802) wifi:config NVS flash: enabled[0m
[0;32mI (805) wifi:config nano formatting: disabled[0m
[0;32mI (810) wifi:Init data frame dynamic rx buffer num: 32[0m
[0;32mI (815) wifi:Init static rx mgmt buffer num: 5[0m
[0;32mI (819) wifi:Init management short buffer num: 32[0m
[0;32mI (823) wifi:Init dynamic tx buffer num: 32[0m
[0;32mI (827) wifi:Init static tx FG buffer num: 2[0m
[0;32mI (831) wifi:Init static rx buffer size: 1600[0m
[0;32mI (835) wifi:Init static rx buffer num: 10[0m
[0;32mI (839) wifi:Init dynamic rx buffer num: 32[0m
[0;32mI (843) wifi_init: rx ba win: 6[0m
[0;32mI (846) wifi_init: accept mbox: 6[0m
[0;32mI (849) wifi_init: tcpip mbox: 32[0m
[0;32mI (852) wifi_init: udp mbox: 6[0m
[0;32mI (854) wifi_init: tcp mbox: 6[0m
[0;32mI (857) wifi_init: tcp tx win: 5760[0m
[0;32mI (860) wifi_init: tcp rx win: 5760[0m
[0;32mI (864) wifi_init: tcp mss: 1440[0m
[0;32mI (867) wifi_init: WiFi IRAM OP enabled[0m
[0;32mI (870) wifi_init: WiFi RX IRAM OP enabled[0m
[0;33mW (874) wifi:Password length matches WPA2 standards, authmode threshold changes from OPEN to WPA2[0m
[0;32mI (883) phy_init: phy_version 712,87e8c20e,Apr 13 2026,18:51:10[0m
[0;32mI (921) wifi:mode : sta (98:a3:16:f7:04:b4)[0m
[0;32mI (922) wifi:enable tsf[0m
[0;32mI (924) wifi: Connecting to '<redacted-ssid>'...[0m
[0;32mI (926) mav: UART1 ready: TX=GPIO5 RX=GPIO4 @ 921600 baud[0m
[0;32mI (926) mav: Requested PX4 position + attitude at 20 Hz[0m
[0;32mI (931) tof: I2C master bus created[0m
[0;32mI (934) tof: TCA9548A registered[0m
[0;32mI (939) wifi: Telemetry → 192.0.2.1:5005 | Commands ← port 5006[0m
[0;33mW (944) mission: NANOLITE BENCH MODE: navigation and mission tasks are disabled[0m
[0;32mI (944) s3 ll_cam: DMA Channel=0[0m
[0;32mI (945) nanolite: read-only PX4 pose bridge ready: 20Hz max_age=250ms key=25cm/15deg[0m
[0;32mI (961) nanolite: NANOTOF enabled: interval=1000ms tuple=distance_mm,column,timestamp_us,age_ms yaw_deg=s0:45,s1:0,s2:315,s3:270,s4:225,s5:180,s6:135,s7:90[0m
[0;32mI (953) cam_hal: cam init ok[0m
[0;32mI (951) mission: All tasks spawned[0m
[0;32mI (977) sccb-ng: pin_sda 40 pin_scl 39[0m
[0;32mI (980) main_task: Returned from app_main()[0m
[0;32mI (984) sccb-ng: sccb_i2c_port=1[0m
[1;31mE (1003) camera: Detected camera not supported.[0m
[1;31mE (1004) camera: Camera probe failed with error 0x106(ESP_ERR_NOT_SUPPORTED)[0m
[1;31mE (1004) apriltag_detect: Camera Init Failed[0m
Guru Meditation Error: Core  1 panic'ed (IllegalInstruction). Exception was unhandled.
Memory dump at 0x42012ef4: e0b4bb81 f01d0008 65201110
--- 0x42012ef4: init_camera at /home/user/urex/firmware/nus_flight_app/main/at_detect.c:155(inlined by) at_detect_task at /home/user/urex/firmware/nus_flight_app/main/at_detect.c:277
Core  1 register dump:
PC      : 0x42012efa  PS      : 0x00060830  A0      : 0x00000000  A1      : 0x3fcdd100  
--- 0x42012efa: at_detect_task at /home/user/urex/firmware/nus_flight_app/main/at_detect.c:442
A2      : 0x00000000  A3      : 0x00000000  A4      : 0x00000000  A5      : 0x00000000  
A6      : 0x00000000  A7      : 0x00000000  A8      : 0x82012efa  A9      : 0x3fcdd0a0  
A10     : 0x00000001  A11     : 0x3c0c7030  A12     : 0x3c0c7040  A13     : 0x000003ec  
A14     : 0x3c0c7030  A15     : 0x000003ec  SAR     : 0x00000004  EXCCAUSE: 0x00000000  
EXCVADDR: 0x00000000  LBEG    : 0x400556d5  LEND    : 0x400556e5  LCOUNT  : 0xfffffffb  
--- 0x400556d5: strlen in ROM
--- 0x400556e5: strlen in ROM


Backtrace: 0x42012ef7:0x3fcdd100
--- 0x42012ef7: init_camera at /home/user/urex/firmware/nus_flight_app/main/at_detect.c:155(inlined by) at_detect_task at /home/user/urex/firmware/nus_flight_app/main/at_detect.c:277




ELF file SHA256: 11c2a2d03

Rebooting...
ESP-ROM:esp32s3-20210327
Build:Mar 27 2021
rst:0xc (RTC_SW_CPU_RST),boot:0xb (SPI_FAST_FLASH_BOOT)
Saved PC:0x40380406
--- 0x40380406: esp_cpu_wait_for_intr at /home/user/.espressif/v6.0.2/esp-idf/components/esp_hw_support/cpu.c:64
SPIWP:0xee
mode:DIO, clock div:1
load:0x3fce2820,len:0x14f0
load:0x403c8700,len:0xda0
--- 0x403c8700: _stext at ??:?
load:0x403cb700,len:0x2f54
entry 0x403c8908
--- 0x403c8908: call_start_cpu0 at /home/user/.espressif/v6.0.2/esp-idf/components/bootloader/subproject/main/bootloader_start.c:27
[0;32mI (24) boot: ESP-IDF v6.0.2 2nd stage bootloader[0m
[0;32mI (24) boot: compile time Sep  6 2026 22:47:32[0m
[0;32mI (24) boot: Multicore bootloader[0m
[0;32mI (25) boot: chip revision: v0.2[0m
[0;32mI (27) boot: efuse block revision: v1.3[0m
[0;32mI (31) boot.esp32s3: Boot SPI Speed : 80MHz[0m
[0;32mI (34) boot.esp32s3: SPI Mode       : DIO[0m
[0;32mI (38) boot.esp32s3: SPI Flash Size : 8MB[0m
[0;32mI (42) boot: Enabling RNG early entropy source...[0m
[0;32mI (46) boot: Partition Table:[0m
[0;32mI (49) boot: ## Label            Usage          Type ST Offset   Length[0m
[0;32mI (55) boot:  0 nvs              WiFi data        01 02 00009000 00006000[0m
[0;32mI (62) boot:  1 phy_init         RF data          01 01 0000f000 00001000[0m
[0;32mI (68) boot:  2 factory          factory app      00 00 00010000 00177000[0m
[0;32mI (75) boot: End of partition table[0m
[0;32mI (78) esp_image: segment 0: paddr=00010020 vaddr=3c0c0020 size=38764h (231268) map[0m
[0;32mI (128) esp_image: segment 1: paddr=0004878c vaddr=3fca0e00 size=0788ch ( 30860) load[0m
[0;32mI (135) esp_image: segment 2: paddr=00050020 vaddr=42000020 size=bd0c0h (774336) map[0m
[0;32mI (277) esp_image: segment 3: paddr=0010d0e8 vaddr=3fca868c size=0032ch (   812) load[0m
[0;32mI (278) esp_image: segment 4: paddr=0010d41c vaddr=40378000 size=18d60h (101728) load[0m
[0;32mI (305) esp_image: segment 5: paddr=00126184 vaddr=50000000 size=00024h (    36) load[0m
[0;32mI (316) boot: Loaded app from partition at offset 0x10000[0m
[0;32mI (316) boot: Disabling RNG early entropy source...[0m
[0;32mI (326) octal_psram: vendor id    : 0x0d (AP)[0m
[0;32mI (327) octal_psram: dev id       : 0x02 (generation 3)[0m
[0;32mI (327) octal_psram: density      : 0x03 (64 Mbit)[0m
[0;32mI (329) octal_psram: good-die     : 0x01 (Pass)[0m
[0;32mI (333) octal_psram: Latency      : 0x01 (Fixed)[0m
[0;32mI (337) octal_psram: VCC          : 0x01 (3V)[0m
[0;32mI (341) octal_psram: SRF          : 0x01 (Fast Refresh)[0m
[0;32mI (346) octal_psram: BurstType    : 0x01 (Hybrid Wrap)[0m
[0;32mI (351) octal_psram: BurstLen     : 0x01 (32 Byte)[0m
[0;32mI (356) octal_psram: Readlatency  : 0x02 (10 cycles@Fixed)[0m
[0;32mI (361) octal_psram: DriveStrength: 0x00 (1/1)[0m
[0;32mI (365) MSPI Timing: Enter psram timing tuning[0m
[0;32mI (370) esp_psram: Found 8MB PSRAM device[0m
[0;32mI (373) esp_psram: Speed: 80MHz[0m
[0;32mI (376) cpu_start: Multicore app[0m
[0;32mI (664) esp_psram: SPI SRAM memory test OK[0m
[0;32mI (672) cpu_start: GPIO 44 and 43 are used as console UART I/O pins[0m
[0;32mI (673) cpu_start: Pro cpu start user code[0m
[0;32mI (673) cpu_start: cpu freq: 240000000 Hz[0m
[0;32mI (675) app_init: Application information:[0m
[0;32mI (679) app_init: Project name:     esp-everything[0m
[0;32mI (683) app_init: App version:      99cde05-dirty[0m
[0;32mI (687) app_init: Compile time:     Sep 10 2026 22:00:00[0m
[0;32mI (693) app_init: ELF file SHA256:  11c2a2d03...[0m
[0;32mI (697) app_init: ESP-IDF:          v6.0.2[0m
[0;32mI (701) efuse_init: Min chip rev:     v0.0[0m
[0;32mI (704) efuse_init: Max chip rev:     v0.99 [0m
[0;32mI (708) efuse_init: Chip rev:         v0.2[0m
[0;32mI (712) heap_init: Initializing. RAM available for dynamic allocation:[0m
[0;32mI (719) heap_init: At 3FCB9E40 len 0002F8D0 (190 KiB): RAM[0m
[0;32mI (724) heap_init: At 3FCE9710 len 00005724 (21 KiB): RAM[0m
[0;32mI (729) heap_init: At 600FE000 len 00001FE8 (7 KiB): RTCRAM[0m
[0;32mI (734) esp_psram: Adding pool of 8192K of PSRAM memory to heap allocator[0m
[0;32mI (741) spi_flash: detected chip: gd[0m
[0;32mI (744) spi_flash: flash io: dio[0m
[0;32mI (747) sleep_gpio: Configure to isolate all GPIO pins in sleep state[0m
[0;32mI (753) sleep_gpio: Enable automatic switching of GPIO sleep configuration[0m
[0;32mI (760) main_task: Started on CPU0[0m
[0;32mI (763) esp_psram: Reserving pool of 32K of internal memory for DMA/internal allocations[0m
[0;32mI (771) main_task: Calling app_main()[0m
[0;32mI (774) mission: ESP starting[0m
[0;32mI (791) pp: pp rom version: e7ae62f[0m
[0;32mI (792) net80211: net80211 rom version: e7ae62f[0m
[0;32mI (793) wifi:wifi driver task: 3fcc9ac8, prio:23, stack:6656, core=0[0m
[0;32mI (801) wifi:wifi firmware version: 00ad238[0m
[0;32mI (801) wifi:wifi certification version: v7.0[0m
[0;32mI (802) wifi:config NVS flash: enabled[0m
[0;32mI (805) wifi:config nano formatting: disabled[0m
[0;32mI (810) wifi:Init data frame dynamic rx buffer num: 32[0m
[0;32mI (815) wifi:Init static rx mgmt buffer num: 5[0m
[0;32mI (819) wifi:Init management short buffer num: 32[0m
[0;32mI (823) wifi:Init dynamic tx buffer num: 32[0m
[0;32mI (827) wifi:Init static tx FG buffer num: 2[0m
[0;32mI (831) wifi:Init static rx buffer size: 1600[0m
[0;32mI (835) wifi:Init static rx buffer num: 10[0m
[0;32mI (839) wifi:Init dynamic rx buffer num: 32[0m
[0;32mI (843) wifi_init: rx ba win: 6[0m
[0;32mI (846) wifi_init: accept mbox: 6[0m
[0;32mI (849) wifi_init: tcpip mbox: 32[0m
[0;32mI (852) wifi_init: udp mbox: 6[0m
[0;32mI (854) wifi_init: tcp mbox: 6[0m
[0;32mI (857) wifi_init: tcp tx win: 5760[0m
[0;32mI (860) wifi_init: tcp rx win: 5760[0m
[0;32mI (864) wifi_init: tcp mss: 1440[0m
[0;32mI (867) wifi_init: WiFi IRAM OP enabled[0m
[0;32mI (870) wifi_init: WiFi RX IRAM OP enabled[0m
[0;33mW (874) wifi:Password length matches WPA2 standards, authmode threshold changes from OPEN to WPA2[0m
[0;32mI (883) phy_init: phy_version 712,87e8c20e,Apr 13 2026,18:51:10[0m
[0;32mI (921) wifi:mode : sta (98:a3:16:f7:04:b4)[0m
[0;32mI (922) wifi:enable tsf[0m
[0;32mI (924) wifi: Connecting to '<redacted-ssid>'...[0m
[0;32mI (925) mav: UART1 ready: TX=GPIO5 RX=GPIO4 @ 921600 baud[0m
[0;32mI (926) mav: Requested PX4 position + attitude at 20 Hz[0m
[0;32mI (931) tof: I2C master bus created[0m
[0;32mI (934) tof: TCA9548A registered[0m
[0;32mI (938) wifi: Telemetry → 192.0.2.1:5005 | Commands ← port 5006[0m
[0;33mW (943) mission: NANOLITE BENCH MODE: navigation and mission tasks are disabled[0m
[0;32mI (950) mission: All tasks spawned[0m
[0;32mI (944) s3 ll_cam: DMA Channel=0[0m
[0;32mI (944) nanolite: read-only PX4 pose bridge ready: 20Hz max_age=250ms key=25cm/15deg[0m
[0;32mI (964) nanolite: NANOTOF enabled: interval=1000ms tuple=distance_mm,column,timestamp_us,age_ms yaw_deg=s0:45,s1:0,s2:315,s3:270,s4:225,s5:180,s6:135,s7:90[0m
[0;32mI (956) cam_hal: cam init ok[0m
[0;32mI (953) main_task: Returned from app_main()[0m
[0;32mI (980) sccb-ng: pin_sda 40 pin_scl 39[0m
[0;32mI (987) sccb-ng: sccb_i2c_port=1[0m
[1;31mE (1003) camera: Detected camera not supported.[0m
[1;31mE (1004) camera: Camera probe failed with error 0x106(ESP_ERR_NOT_SUPPORTED)[0m
[1;31mE (1004) apriltag_detect: Camera Init Failed[0m
Guru Meditation Error: Core  1 panic'ed (IllegalInstruction). Exception was unhandled.
Memory dump at 0x42012ef4: e0b4bb81 f01d0008 65201110
--- 0x42012ef4: init_camera at /home/user/urex/firmware/nus_flight_app/main/at_detect.c:155(inlined by) at_detect_task at /home/user/urex/firmware/nus_flight_app/main/at_detect.c:277
Core  1 register dump:
PC      : 0x42012efa  PS      : 0x00060830  A0      : 0x00000000  A1      : 0x3fcdd100  
--- 0x42012efa: at_detect_task at /home/user/urex/firmware/nus_flight_app/main/at_detect.c:442
A2      : 0x00000000  A3      : 0x00000000  A4      : 0x00000000  A5      : 0x00000000  
A6      : 0x00000000  A7      : 0x00000000  A8      : 0x82012efa  A9      : 0x3fcdd0a0  
A10     : 0x00000001  A11     : 0x3c0c7030  A12     : 0x3c0c7040  A13     : 0x000003ec  
A14     : 0x3c0c7030  A15     : 0x000003ec  SAR     : 0x00000004  EXCCAUSE: 0x00000000  
EXCVADDR: 0x00000000  LBEG    : 0x400556d5  LEND    : 0x400556e5  LCOUNT  : 0xfffffffb  
--- 0x400556d5: strlen in ROM
--- 0x400556e5: strlen in ROM


Backtrace: 0x42012ef7:0x3fcdd100
--- 0x42012ef7: init_camera at /home/user/urex/firmware/nus_flight_app/main/at_detect.c:155(inlined by) at_detect_task at /home/user/urex/firmware/nus_flight_app/main/at_detect.c:277




ELF file SHA256: 11c2a2d03

Rebooting...
ESP-ROM:esp32s3-20210327
Build:Mar 27 2021
rst:0xc (RTC_SW_CPU_RST),boot:0xb (SPI_FAST_FLASH_BOOT)
Saved PC:0x40380406
--- 0x40380406: esp_cpu_wait_for_intr at /home/user/.espressif/v6.0.2/esp-idf/components/esp_hw_support/cpu.c:64
SPIWP:0xee
mode:DIO, clock div:1
load:0x3fce2820,len:0x14f0
load:0x403c8700,len:0xda0
--- 0x403c8700: _stext at ??:?
load:0x403cb700,len:0x2f54
entry 0x403c8908
--- 0x403c8908: call_start_cpu0 at /home/user/.espressif/v6.0.2/esp-idf/components/bootloader/subproject/main/bootloader_start.c:27
[0;32mI (24) boot: ESP-IDF v6.0.2 2nd stage bootloader[0m
[0;32mI (24) boot: compile time Sep  6 2026 22:47:32[0m
[0;32mI (24) boot: Multicore bootloader[0m
[0;32mI (25) boot: chip revision: v0.2[0m
[0;32mI (27) boot: efuse block revision: v1.3[0m
[0;32mI (31) boot.esp32s3: Boot SPI Speed : 80MHz[0m
[0;32mI (34) boot.esp32s3: SPI Mode       : DIO[0m
[0;32mI (38) boot.esp32s3: SPI Flash Size : 8MB[0m
[0;32mI (42) boot: Enabling RNG early entropy source...[0m
[0;32mI (46) boot: Partition Table:[0m
[0;32mI (49) boot: ## Label            Usage          Type ST Offset   Length[0m
[0;32mI (55) boot:  0 nvs              WiFi data        01 02 00009000 00006000[0m
[0;32mI (62) boot:  1 phy_init         RF data          01 01 0000f000 00001000[0m
[0;32mI (68) boot:  2 factory          factory app      00 00 00010000 00177000[0m
[0;32mI (75) boot: End of partition table[0m
[0;32mI (78) esp_image: segment 0: paddr=00010020 vaddr=3c0c0020 size=38764h (231268) map[0m
[0;32mI (128) esp_image: segment 1: paddr=0004878c vaddr=3fca0e00 size=0788ch ( 30860) load[0m
[0;32mI (135) esp_image: segment 2: paddr=00050020 vaddr=42000020 size=bd0c0h (774336) map[0m
[0;32mI (277) esp_image: segment 3: paddr=0010d0e8 vaddr=3fca868c size=0032ch (   812) load[0m
[0;32mI (278) esp_image: segment 4: paddr=0010d41c vaddr=40378000 size=18d60h (101728) load[0m
[0;32mI (305) esp_image: segment 5: paddr=00126184 vaddr=50000000 size=00024h (    36) load[0m
[0;32mI (316) boot: Loaded app from partition at offset 0x10000[0m
[0;32mI (316) boot: Disabling RNG early entropy source...[0m
[0;32mI (326) octal_psram: vendor id    : 0x0d (AP)[0m
[0;32mI (327) octal_psram: dev id       : 0x02 (generation 3)[0m
[0;32mI (327) octal_psram: density      : 0x03 (64 Mbit)[0m
[0;32mI (329) octal_psram: good-die     : 0x01 (Pass)[0m
[0;32mI (333) octal_psram: Latency      : 0x01 (Fixed)[0m
[0;32mI (337) octal_psram: VCC          : 0x01 (3V)[0m
[0;32mI (341) octal_psram: SRF          : 0x01 (Fast Refresh)[0m
[0;32mI (346) octal_psram: BurstType    : 0x01 (Hybrid Wrap)[0m
[0;32mI (351) octal_psram: BurstLen     : 0x01 (32 Byte)[0m
[0;32mI (356) octal_psram: Readlatency  : 0x02 (10 cycles@Fixed)[0m
[0;32mI (361) octal_psram: DriveStrength: 0x00 (1/1)[0m
[0;32mI (365) MSPI Timing: Enter psram timing tuning[0m
[0;32mI (370) esp_psram: Found 8MB PSRAM device[0m
[0;32mI (373) esp_psram: Speed: 80MHz[0m
[0;32mI (376) cpu_start: Multicore app[0m
[0;32mI (664) esp_psram: SPI SRAM memory test OK[0m
[0;32mI (672) cpu_start: GPIO 44 and 43 are used as console UART I/O pins[0m
[0;32mI (673) cpu_start: Pro cpu start user code[0m
[0;32mI (673) cpu_start: cpu freq: 240000000 Hz[0m
[0;32mI (675) app_init: Application information:[0m
[0;32mI (679) app_init: Project name:     esp-everything[0m
[0;32mI (683) app_init: App version:      99cde05-dirty[0m
[0;32mI (687) app_init: Compile time:     Sep 10 2026 22:00:00[0m
[0;32mI (693) app_init: ELF file SHA256:  11c2a2d03...[0m
[0;32mI (697) app_init: ESP-IDF:          v6.0.2[0m
[0;32mI (701) efuse_init: Min chip rev:     v0.0[0m
[0;32mI (704) efuse_init: Max chip rev:     v0.99 [0m
[0;32mI (708) efuse_init: Chip rev:         v0.2[0m
[0;32mI (712) heap_init: Initializing. RAM available for dynamic allocation:[0m
[0;32mI (719) heap_init: At 3FCB9E40 len 0002F8D0 (190 KiB): RAM[0m
[0;32mI (724) heap_init: At 3FCE9710 len 00005724 (21 KiB): RAM[0m
[0;32mI (729) heap_init: At 600FE000 len 00001FE8 (7 KiB): RTCRAM[0m
[0;32mI (734) esp_psram: Adding pool of 8192K of PSRAM memory to heap allocator[0m
[0;32mI (741) spi_flash: detected chip: gd[0m
[0;32mI (744) spi_flash: flash io: dio[0m
[0;32mI (747) sleep_gpio: Configure to isolate all GPIO pins in sleep state[0m
[0;32mI (753) sleep_gpio: Enable automatic switching of GPIO sleep configuration[0m
[0;32mI (760) main_task: Started on CPU0[0m
[0;32mI (763) esp_psram: Reserving pool of 32K of internal memory for DMA/internal allocations[0m
[0;32mI (771) main_task: Calling app_main()[0m
[0;32mI (774) mission: ESP starting[0m
[0;32mI (791) pp: pp rom version: e7ae62f[0m
[0;32mI (792) net80211: net80211 rom version: e7ae62f[0m
[0;32mI (793) wifi:wifi driver task: 3fcc9ac8, prio:23, stack:6656, core=0[0m
[0;32mI (801) wifi:wifi firmware version: 00ad238[0m
[0;32mI (801) wifi:wifi certification version: v7.0[0m
[0;32mI (802) wifi:config NVS flash: enabled[0m
[0;32mI (805) wifi:config nano formatting: disabled[0m
[0;32mI (810) wifi:Init data frame dynamic rx buffer num: 32[0m
[0;32mI (815) wifi:Init static rx mgmt buffer num: 5[0m
[0;32mI (819) wifi:Init management short buffer num: 32[0m
[0;32mI (823) wifi:Init dynamic tx buffer num: 32[0m
[0;32mI (827) wifi:Init static tx FG buffer num: 2[0m
[0;32mI (831) wifi:Init static rx buffer size: 1600[0m
[0;32mI (835) wifi:Init static rx buffer num: 10[0m
[0;32mI (839) wifi:Init dynamic rx buffer num: 32[0m
[0;32mI (843) wifi_init: rx ba win: 6[0m
[0;32mI (846) wifi_init: accept mbox: 6[0m
[0;32mI (849) wifi_init: tcpip mbox: 32[0m
[0;32mI (852) wifi_init: udp mbox: 6[0m
[0;32mI (854) wifi_init: tcp mbox: 6[0m
[0;32mI (857) wifi_init: tcp tx win: 5760[0m
[0;32mI (860) wifi_init: tcp rx win: 5760[0m
[0;32mI (864) wifi_init: tcp mss: 1440[0m
[0;32mI (867) wifi_init: WiFi IRAM OP enabled[0m
[0;32mI (870) wifi_init: WiFi RX IRAM OP enabled[0m
[0;33mW (874) wifi:Password length matches WPA2 standards, authmode threshold changes from OPEN to WPA2[0m
[0;32mI (883) phy_init: phy_version 712,87e8c20e,Apr 13 2026,18:51:10[0m
[0;32mI (922) wifi:mode : sta (98:a3:16:f7:04:b4)[0m
[0;32mI (922) wifi:enable tsf[0m
[0;32mI (924) wifi: Connecting to '<redacted-ssid>'...[0m
[0;32mI (926) mav: UART1 ready: TX=GPIO5 RX=GPIO4 @ 921600 baud[0m
[0;32mI (926) mav: Requested PX4 position + attitude at 20 Hz[0m
[0;32mI (931) tof: I2C master bus created[0m
[0;32mI (934) tof: TCA9548A registered[0m
[0;32mI (939) wifi: Telemetry → 192.0.2.1:5005 | Commands ← port 5006[0m
[0;33mW (944) mission: NANOLITE BENCH MODE: navigation and mission tasks are disabled[0m
[0;32mI (944) s3 ll_cam: DMA Channel=0[0m
[0;32mI (945) nanolite: read-only PX4 pose bridge ready: 20Hz max_age=250ms key=25cm/15deg[0m
[0;32mI (961) nanolite: NANOTOF enabled: interval=1000ms tuple=distance_mm,column,timestamp_us,age_ms yaw_deg=s0:45,s1:0,s2:315,s3:270,s4:225,s5:180,s6:135,s7:90[0m
[0;32mI (953) cam_hal: cam init ok[0m
[0;32mI (951) mission: All tasks spawned[0m
[0;32mI (977) sccb-ng: pin_sda 40 pin_scl 39[0m
[0;32mI (980) main_task: Returned from app_main()[0m
[0;32mI (984) sccb-ng: sccb_i2c_port=1[0m
[1;31mE (1003) camera: Detected camera not supported.[0m
[1;31mE (1004) camera: Camera probe failed with error 0x106(ESP_ERR_NOT_SUPPORTED)[0m
[1;31mE (1004) apriltag_detect: Camera Init Failed[0m
Guru Meditation Error: Core  1 panic'ed (IllegalInstruction). Exception was unhandled.
Memory dump at 0x42012ef4: e0b4bb81 f01d0008 65201110
--- 0x42012ef4: init_camera at /home/user/urex/firmware/nus_flight_app/main/at_detect.c:155(inlined by) at_detect_task at /home/user/urex/firmware/nus_flight_app/main/at_detect.c:277
Core  1 register dump:
PC      : 0x42012efa  PS      : 0x00060830  A0      : 0x00000000  A1      : 0x3fcdd100  
--- 0x42012efa: at_detect_task at /home/user/urex/firmware/nus_flight_app/main/at_detect.c:442
A2      : 0x00000000  A3      : 0x00000000  A4      : 0x00000000  A5      : 0x00000000  
A6      : 0x00000000  A7      : 0x00000000  A8      : 0x82012efa  A9      : 0x3fcdd0a0  
A10     : 0x00000001  A11     : 0x3c0c7030  A12     : 0x3c0c7040  A13     : 0x000003ec  
A14     : 0x3c0c7030  A15     : 0x000003ec  SAR     : 0x00000004  EXCCAUSE: 0x00000000  
EXCVADDR: 0x00000000  LBEG    : 0x400556d5  LEND    : 0x400556e5  LCOUNT  : 0xfffffffb  
--- 0x400556d5: strlen in ROM
--- 0x400556e5: strlen in ROM


Backtrace: 0x42012ef7:0x3fcdd100
--- 0x42012ef7: init_camera at /home/user/urex/firmware/nus_flight_app/main/at_detect.c:155(inlined by) at_detect_task at /home/user/urex/firmware/nus_flight_app/main/at_detect.c:277




ELF file SHA256: 11c2a2d03

Rebooting...
ESP-ROM:esp32s3-20210327
Build:Mar 27 2021
rst:0xc (RTC_SW_CPU_RST),boot:0xb (SPI_FAST_FLASH_BOOT)
Saved PC:0x40380406
--- 0x40380406: esp_cpu_wait_for_intr at /home/user/.espressif/v6.0.2/esp-idf/components/esp_hw_support/cpu.c:64
SPIWP:0xee
mode:DIO, clock div:1
load:0x3fce2820,len:0x14f0
load:0x403c8700,len:0xda0
--- 0x403c8700: _stext at ??:?
load:0x403cb700,len:0x2f54
entry 0x403c8908
--- 0x403c8908: call_start_cpu0 at /home/user/.espressif/v6.0.2/esp-idf/components/bootloader/subproject/main/bootloader_start.c:27
[0;32mI (24) boot: ESP-IDF v6.0.2 2nd stage bootloader[0m
[0;32mI (24) boot: compile time Sep  6 2026 22:47:32[0m
[0;32mI (24) boot: Multicore bootloader[0m
[0;32mI (25) boot: chip revision: v0.2[0m
[0;32mI (27) boot: efuse block revision: v1.3[0m
[0;32mI (31) boot.esp32s3: Boot SPI Speed : 80MHz[0m
[0;32mI (34) boot.esp32s3: SPI Mode       : DIO[0m
[0;32mI (38) boot.esp32s3: SPI Flash Size : 8MB[0m
[0;32mI (42) boot: Enabling RNG early entropy source...[0m
[0;32mI (46) boot: Partition Table:[0m

